file,class,methode,beginline,endline,begincolumn,endcolumn,rule,ruleset,package,text
/Users/dwichers/git/benchmark/src/main/java/org/owasp/benchmark/helpers/DataBaseServer.java,DataBaseServer,getAll,51,51,26,46,UnnecessaryFullyQualifiedName,Import Statements,org.owasp.benchmark.helpers,Unnecessary use of fully qualified name 'java.sql.SQLException' due to existing import 'java.sql.SQLException'
/Users/dwichers/git/benchmark/src/main/java/org/owasp/benchmark/helpers/DatabaseHelper.java,DatabaseHelper,,52,52,17,36,UnnecessaryFullyQualifiedName,Import Statements,org.owasp.benchmark.helpers,Unnecessary use of fully qualified name 'javax.sql.DataSource' due to existing import 'javax.sql.DataSource'
/Users/dwichers/git/benchmark/src/main/java/org/owasp/benchmark/helpers/DatabaseHelper.java,DatabaseHelper,,52,52,46,65,UnnecessaryFullyQualifiedName,Import Statements,org.owasp.benchmark.helpers,Unnecessary use of fully qualified name 'javax.sql.DataSource' due to existing import 'javax.sql.DataSource'
/Users/dwichers/git/benchmark/src/main/java/org/owasp/benchmark/helpers/DatabaseHelper.java,DatabaseHelper,getSqlStatement,106,106,23,40,UnnecessaryFullyQualifiedName,Import Statements,org.owasp.benchmark.helpers,Unnecessary use of fully qualified name 'java.sql.Statement' due to existing import 'java.sql.Statement'
/Users/dwichers/git/benchmark/src/main/java/org/owasp/benchmark/helpers/DatabaseHelper.java,DatabaseHelper,getSqlConnection,143,143,23,41,UnnecessaryFullyQualifiedName,Import Statements,org.owasp.benchmark.helpers,Unnecessary use of fully qualified name 'java.sql.Connection' due to existing import 'java.sql.Connection'
/Users/dwichers/git/benchmark/src/main/java/org/owasp/benchmark/helpers/DatabaseHelper.java,DatabaseHelper,outputUpdateComplete,165,165,98,118,UnnecessaryFullyQualifiedName,Import Statements,org.owasp.benchmark.helpers,Unnecessary use of fully qualified name 'java.sql.SQLException' due to existing import 'java.sql.SQLException'
/Users/dwichers/git/benchmark/src/main/java/org/owasp/benchmark/helpers/DatabaseHelper.java,DatabaseHelper,outputUpdateComplete,170,170,59,87,UnnecessaryFullyQualifiedName,Import Statements,org.owasp.benchmark.helpers,Unnecessary use of fully qualified name 'org.owasp.esapi.ESAPI.encoder' due to existing import 'org.owasp.esapi.ESAPI'
/Users/dwichers/git/benchmark/src/main/java/org/owasp/benchmark/helpers/DatabaseHelper.java,DatabaseHelper,outputUpdateComplete,174,174,94,114,UnnecessaryFullyQualifiedName,Import Statements,org.owasp.benchmark.helpers,Unnecessary use of fully qualified name 'java.sql.SQLException' due to existing import 'java.sql.SQLException'
/Users/dwichers/git/benchmark/src/main/java/org/owasp/benchmark/helpers/DatabaseHelper.java,DatabaseHelper,outputUpdateComplete,176,176,65,93,UnnecessaryFullyQualifiedName,Import Statements,org.owasp.benchmark.helpers,Unnecessary use of fully qualified name 'org.owasp.esapi.ESAPI.encoder' due to existing import 'org.owasp.esapi.ESAPI'
/Users/dwichers/git/benchmark/src/main/java/org/owasp/benchmark/helpers/DatabaseHelper.java,DatabaseHelper,printResults,180,180,120,140,UnnecessaryFullyQualifiedName,Import Statements,org.owasp.benchmark.helpers,Unnecessary use of fully qualified name 'java.sql.SQLException' due to existing import 'java.sql.SQLException'
/Users/dwichers/git/benchmark/src/main/java/org/owasp/benchmark/helpers/DatabaseHelper.java,DatabaseHelper,printResults,180,180,41,58,UnnecessaryFullyQualifiedName,Import Statements,org.owasp.benchmark.helpers,Unnecessary use of fully qualified name 'java.sql.Statement' due to existing import 'java.sql.Statement'
/Users/dwichers/git/benchmark/src/main/java/org/owasp/benchmark/helpers/DatabaseHelper.java,DatabaseHelper,printResults,194,194,80,108,UnnecessaryFullyQualifiedName,Import Statements,org.owasp.benchmark.helpers,Unnecessary use of fully qualified name 'org.owasp.esapi.ESAPI.encoder' due to existing import 'org.owasp.esapi.ESAPI'
/Users/dwichers/git/benchmark/src/main/java/org/owasp/benchmark/helpers/DatabaseHelper.java,DatabaseHelper,printResults,232,232,108,128,UnnecessaryFullyQualifiedName,Import Statements,org.owasp.benchmark.helpers,Unnecessary use of fully qualified name 'java.sql.SQLException' due to existing import 'java.sql.SQLException'
/Users/dwichers/git/benchmark/src/main/java/org/owasp/benchmark/helpers/DatabaseHelper.java,DatabaseHelper,printResults,232,232,33,50,UnnecessaryFullyQualifiedName,Import Statements,org.owasp.benchmark.helpers,Unnecessary use of fully qualified name 'java.sql.Statement' due to existing import 'java.sql.Statement'
/Users/dwichers/git/benchmark/src/main/java/org/owasp/benchmark/helpers/DatabaseHelper.java,DatabaseHelper,printResults,237,237,86,114,UnnecessaryFullyQualifiedName,Import Statements,org.owasp.benchmark.helpers,Unnecessary use of fully qualified name 'org.owasp.esapi.ESAPI.encoder' due to existing import 'org.owasp.esapi.ESAPI'
/Users/dwichers/git/benchmark/src/main/java/org/owasp/benchmark/helpers/DatabaseHelper.java,DatabaseHelper,printResults,272,272,41,58,UnnecessaryFullyQualifiedName,Import Statements,org.owasp.benchmark.helpers,Unnecessary use of fully qualified name 'java.sql.ResultSet' due to existing import 'java.sql.ResultSet'
/Users/dwichers/git/benchmark/src/main/java/org/owasp/benchmark/helpers/DatabaseHelper.java,DatabaseHelper,printResults,272,272,113,133,UnnecessaryFullyQualifiedName,Import Statements,org.owasp.benchmark.helpers,Unnecessary use of fully qualified name 'java.sql.SQLException' due to existing import 'java.sql.SQLException'
/Users/dwichers/git/benchmark/src/main/java/org/owasp/benchmark/helpers/DatabaseHelper.java,DatabaseHelper,printResults,279,279,80,108,UnnecessaryFullyQualifiedName,Import Statements,org.owasp.benchmark.helpers,Unnecessary use of fully qualified name 'org.owasp.esapi.ESAPI.encoder' due to existing import 'org.owasp.esapi.ESAPI'
/Users/dwichers/git/benchmark/src/main/java/org/owasp/benchmark/helpers/DatabaseHelper.java,DatabaseHelper,printResults,302,302,33,50,UnnecessaryFullyQualifiedName,Import Statements,org.owasp.benchmark.helpers,Unnecessary use of fully qualified name 'java.sql.ResultSet' due to existing import 'java.sql.ResultSet'
/Users/dwichers/git/benchmark/src/main/java/org/owasp/benchmark/helpers/DatabaseHelper.java,DatabaseHelper,printResults,302,302,101,121,UnnecessaryFullyQualifiedName,Import Statements,org.owasp.benchmark.helpers,Unnecessary use of fully qualified name 'java.sql.SQLException' due to existing import 'java.sql.SQLException'
/Users/dwichers/git/benchmark/src/main/java/org/owasp/benchmark/helpers/DatabaseHelper.java,DatabaseHelper,printResults,306,306,80,108,UnnecessaryFullyQualifiedName,Import Statements,org.owasp.benchmark.helpers,Unnecessary use of fully qualified name 'org.owasp.esapi.ESAPI.encoder' due to existing import 'org.owasp.esapi.ESAPI'
/Users/dwichers/git/benchmark/src/main/java/org/owasp/benchmark/helpers/DatabaseHelper.java,DatabaseHelper,printColTypes,387,387,90,110,UnnecessaryFullyQualifiedName,Import Statements,org.owasp.benchmark.helpers,Unnecessary use of fully qualified name 'java.sql.SQLException' due to existing import 'java.sql.SQLException'
/Users/dwichers/git/benchmark/src/main/java/org/owasp/benchmark/helpers/LDAPManager.java,LDAPManager,insert,103,111,50,25,EmptyIfStmt,Empty Code,org.owasp.benchmark.helpers,Avoid empty if statements
/Users/dwichers/git/benchmark/src/main/java/org/owasp/benchmark/helpers/LDAPManager.java,LDAPManager,search,145,148,51,33,EmptyIfStmt,Empty Code,org.owasp.benchmark.helpers,Avoid empty if statements
/Users/dwichers/git/benchmark/src/main/java/org/owasp/benchmark/helpers/LDAPServer.java,LDAPServer,LDAPServer,48,48,23,28,UnusedLocalVariable,Unused Code,org.owasp.benchmark.helpers,Avoid unused local variables such as 'result'.
/Users/dwichers/git/benchmark/src/main/java/org/owasp/benchmark/helpers/LDAPServer.java,LDAPServer,initSchemaPartition,223,224,19,17,EmptyCatchBlock,Empty Code,org.owasp.benchmark.helpers,Avoid empty catch blocks
/Users/dwichers/git/benchmark/src/main/java/org/owasp/benchmark/helpers/LDAPServer.java,LDAPServer,initSchemaPartition,244,245,19,17,EmptyCatchBlock,Empty Code,org.owasp.benchmark.helpers,Avoid empty catch blocks
/Users/dwichers/git/benchmark/src/main/java/org/owasp/benchmark/helpers/LDAPServer.java,LDAPServer,main,320,320,28,31,UnusedLocalVariable,Unused Code,org.owasp.benchmark.helpers,Avoid unused local variables such as 'ldap'.
/Users/dwichers/git/benchmark/src/main/java/org/owasp/benchmark/helpers/PropertiesManager.java,PropertiesManager,displayProperties,31,32,19,17,EmptyCatchBlock,Empty Code,org.owasp.benchmark.helpers,Avoid empty catch blocks
/Users/dwichers/git/benchmark/src/main/java/org/owasp/benchmark/helpers/PropertiesManager.java,PropertiesManager,getProperty,45,46,19,17,EmptyCatchBlock,Empty Code,org.owasp.benchmark.helpers,Avoid empty catch blocks
/Users/dwichers/git/benchmark/src/main/java/org/owasp/benchmark/helpers/PropertiesManager.java,PropertiesManager,getProperty,58,59,19,17,EmptyCatchBlock,Empty Code,org.owasp.benchmark.helpers,Avoid empty catch blocks
/Users/dwichers/git/benchmark/src/main/java/org/owasp/benchmark/helpers/SourceUtils.java,SourceUtils,getLinesFromFile,77,79,19,17,EmptyCatchBlock,Empty Code,org.owasp.benchmark.helpers,Avoid empty catch blocks
/Users/dwichers/git/benchmark/src/main/java/org/owasp/benchmark/helpers/SourceUtils.java,SourceUtils,getLinesFromFile,85,86,27,25,EmptyCatchBlock,Empty Code,org.owasp.benchmark.helpers,Avoid empty catch blocks
/Users/dwichers/git/benchmark/src/main/java/org/owasp/benchmark/helpers/ThingInterface.java,ThingInterface,doSomething,22,22,16,45,UnusedModifier,Unused Code,org.owasp.benchmark.helpers,Avoid modifiers which are implied by the context
/Users/dwichers/git/benchmark/src/main/java/org/owasp/benchmark/helpers/Utils.java,Utils,getInitialDirContext,218,218,23,62,UnnecessaryFullyQualifiedName,Import Statements,org.owasp.benchmark.helpers,Unnecessary use of fully qualified name 'javax.naming.directory.InitialDirContext' due to existing import 'javax.naming.directory.InitialDirContext'
/Users/dwichers/git/benchmark/src/main/java/org/owasp/benchmark/helpers/Utils.java,Utils,getDirContext,232,232,23,55,UnnecessaryFullyQualifiedName,Import Statements,org.owasp.benchmark.helpers,Unnecessary use of fully qualified name 'javax.naming.directory.DirContext' due to existing import 'javax.naming.directory.DirContext'
/Users/dwichers/git/benchmark/src/main/java/org/owasp/benchmark/helpers/Utils.java,Utils,getLinesFromFile,275,277,19,17,EmptyCatchBlock,Empty Code,org.owasp.benchmark.helpers,Avoid empty catch blocks
/Users/dwichers/git/benchmark/src/main/java/org/owasp/benchmark/helpers/Utils.java,Utils,getLinesFromFile,283,284,27,25,EmptyCatchBlock,Empty Code,org.owasp.benchmark.helpers,Avoid empty catch blocks
/Users/dwichers/git/benchmark/src/main/java/org/owasp/benchmark/helpers/Utils.java,Utils,encodeForHTML,293,294,46,17,EmptyIfStmt,Empty Code,org.owasp.benchmark.helpers,Avoid empty if statements
/Users/dwichers/git/benchmark/src/main/java/org/owasp/benchmark/score/BenchmarkScore.java,BenchmarkScore,printExtraCWE,432,432,25,93,UnusedPrivateMethod,Unused Code,org.owasp.benchmark.score,"Avoid unused private methods such as 'printExtraCWE(TestResults,TestResults)'."
/Users/dwichers/git/benchmark/src/main/java/org/owasp/benchmark/score/BenchmarkScore.java,BenchmarkScore,readActualResults,617,617,20,24,UnusedLocalVariable,Unused Code,org.owasp.benchmark.score,Avoid unused local variables such as 'line1'.
/Users/dwichers/git/benchmark/src/main/java/org/owasp/benchmark/score/BenchmarkScore.java,BenchmarkScore,readActualResults,742,744,27,25,EmptyCatchBlock,Empty Code,org.owasp.benchmark.score,Avoid empty catch blocks
/Users/dwichers/git/benchmark/src/main/java/org/owasp/benchmark/score/BenchmarkScore.java,BenchmarkScore,compare,852,854,29,29,CollapsibleIfStatements,Basic,org.owasp.benchmark.score,These nested if statements could be combined
/Users/dwichers/git/benchmark/src/main/java/org/owasp/benchmark/score/BenchmarkScore.java,BenchmarkScore,produceResultsFile,964,964,48,116,UselessParentheses,Unnecessary,org.owasp.benchmark.score,Useless parentheses.
/Users/dwichers/git/benchmark/src/main/java/org/owasp/benchmark/score/BenchmarkScore.java,BenchmarkScore,generateOverallStatsTable,1206,1206,41,41,UnusedLocalVariable,Unused Code,org.owasp.benchmark.score,Avoid unused local variables such as 'c'.
/Users/dwichers/git/benchmark/src/main/java/org/owasp/benchmark/score/WriteTime.java,WriteFiles,deletePreviousResults,185,188,61,99,UselessParentheses,Unnecessary,org.owasp.benchmark.score,Useless parentheses.
/Users/dwichers/git/benchmark/src/main/java/org/owasp/benchmark/score/WriteTime.java,WriteFiles,deletePreviousResults,187,188,126,98,UselessParentheses,Unnecessary,org.owasp.benchmark.score,Useless parentheses.
/Users/dwichers/git/benchmark/src/main/java/org/owasp/benchmark/score/parsers/AcunetixReader.java,AcunetixReader,cweLookup,119,119,24,27,AvoidUsingOctalValues,Basic,org.owasp.benchmark.score.parsers,Do not start a literal by 0 unless its an octal value
/Users/dwichers/git/benchmark/src/main/java/org/owasp/benchmark/score/parsers/AcunetixReader.java,AcunetixReader,cweLookup,122,139,13,9,EmptySwitchStatements,Empty Code,org.owasp.benchmark.score.parsers,Avoid empty switch statements
/Users/dwichers/git/benchmark/src/main/java/org/owasp/benchmark/score/parsers/AppScanDynamicReader.java,,,21,21,1,32,UnusedImports,Import Statements,org.owasp.benchmark.score.parsers,Avoid unused imports such as 'java.text.ParseException'
/Users/dwichers/git/benchmark/src/main/java/org/owasp/benchmark/score/parsers/AppScanDynamicReader.java,AppScanDynamicReader,parse,98,100,15,13,EmptyCatchBlock,Empty Code,org.owasp.benchmark.score.parsers,Avoid empty catch blocks
/Users/dwichers/git/benchmark/src/main/java/org/owasp/benchmark/score/parsers/AppScanDynamicReader.java,AppScanDynamicReader,parseAppScanDynamicVulnerability,146,146,16,25,UnusedLocalVariable,Unused Code,org.owasp.benchmark.score.parsers,Avoid unused local variables such as 'confidence'.
/Users/dwichers/git/benchmark/src/main/java/org/owasp/benchmark/score/parsers/AppScanDynamicReader.java,AppScanDynamicReader,translate,166,193,9,9,EmptySwitchStatements,Empty Code,org.owasp.benchmark.score.parsers,Avoid empty switch statements
/Users/dwichers/git/benchmark/src/main/java/org/owasp/benchmark/score/parsers/AppScanSourceReader.java,AppScanSourceReader,printPool,121,121,25,61,UnusedPrivateMethod,Unused Code,org.owasp.benchmark.score.parsers,Avoid unused private methods such as 'printPool(Map)'.
/Users/dwichers/git/benchmark/src/main/java/org/owasp/benchmark/score/parsers/ArachniReader.java,ArachniReader,parseArachniIssue,143,143,16,19,UnusedLocalVariable,Unused Code,org.owasp.benchmark.score.parsers,Avoid unused local variables such as 'conf'.
/Users/dwichers/git/benchmark/src/main/java/org/owasp/benchmark/score/parsers/ArachniReader.java,ArachniReader,cweLookup,174,175,9,9,EmptySwitchStatements,Empty Code,org.owasp.benchmark.score.parsers,Avoid empty switch statements
/Users/dwichers/git/benchmark/src/main/java/org/owasp/benchmark/score/parsers/CheckmarxReader.java,,,23,23,1,34,UnusedImports,Import Statements,org.owasp.benchmark.score.parsers,Avoid unused imports such as 'java.text.SimpleDateFormat'
/Users/dwichers/git/benchmark/src/main/java/org/owasp/benchmark/score/parsers/CheckmarxReader.java,,,31,31,1,28,UnusedImports,Import Statements,org.owasp.benchmark.score.parsers,Avoid unused imports such as 'org.w3c.dom.NodeList'
/Users/dwichers/git/benchmark/src/main/java/org/owasp/benchmark/score/parsers/ContrastReader.java,ContrastReader,cweLookup,120,120,20,23,AvoidUsingOctalValues,Basic,org.owasp.benchmark.score.parsers,Do not start a literal by 0 unless its an octal value
/Users/dwichers/git/benchmark/src/main/java/org/owasp/benchmark/score/parsers/ContrastReader.java,ContrastReader,cweLookup,122,122,20,23,AvoidUsingOctalValues,Basic,org.owasp.benchmark.score.parsers,Do not start a literal by 0 unless its an octal value
/Users/dwichers/git/benchmark/src/main/java/org/owasp/benchmark/score/parsers/ContrastReader.java,ContrastReader,cweLookup,124,124,20,23,AvoidUsingOctalValues,Basic,org.owasp.benchmark.score.parsers,Do not start a literal by 0 unless its an octal value
/Users/dwichers/git/benchmark/src/main/java/org/owasp/benchmark/score/parsers/FortifyReader.java,FortifyReader,cweLookup,126,126,52,58,UnusedFormalParameter,Unused Code,org.owasp.benchmark.score.parsers,Avoid unused method parameters such as 'subtype'.
/Users/dwichers/git/benchmark/src/main/java/org/owasp/benchmark/score/parsers/NoisyCricketReader.java,NoisyCricketReader,parseNoisyCricketIssue,69,69,9,15,UnnecessaryReturn,Unnecessary,org.owasp.benchmark.score.parsers,Avoid unnecessary return statements
/Users/dwichers/git/benchmark/src/main/java/org/owasp/benchmark/score/parsers/PMDReader.java,PMDReader,figureCWE,92,92,54,56,UnusedFormalParameter,Unused Code,org.owasp.benchmark.score.parsers,Avoid unused method parameters such as 'tcr'.
/Users/dwichers/git/benchmark/src/main/java/org/owasp/benchmark/score/parsers/Rapid7Reader.java,Rapid7Reader,cweLookup,189,189,24,27,AvoidUsingOctalValues,Basic,org.owasp.benchmark.score.parsers,Do not start a literal by 0 unless its an octal value
/Users/dwichers/git/benchmark/src/main/java/org/owasp/benchmark/score/parsers/SonarQubeReader.java,SonarQubeReader,cweLookup,119,119,32,35,AvoidUsingOctalValues,Basic,org.owasp.benchmark.score.parsers,Do not start a literal by 0 unless its an octal value
/Users/dwichers/git/benchmark/src/main/java/org/owasp/benchmark/score/parsers/SonarQubeReader.java,SonarQubeReader,cweLookup,120,120,30,33,AvoidUsingOctalValues,Basic,org.owasp.benchmark.score.parsers,Do not start a literal by 0 unless its an octal value
/Users/dwichers/git/benchmark/src/main/java/org/owasp/benchmark/score/parsers/SonarQubeReader.java,SonarQubeReader,cweLookup,123,123,31,34,AvoidUsingOctalValues,Basic,org.owasp.benchmark.score.parsers,Do not start a literal by 0 unless its an octal value
/Users/dwichers/git/benchmark/src/main/java/org/owasp/benchmark/score/parsers/SonarQubeReader.java,SonarQubeReader,cweLookup,125,125,31,34,AvoidUsingOctalValues,Basic,org.owasp.benchmark.score.parsers,Do not start a literal by 0 unless its an octal value
/Users/dwichers/git/benchmark/src/main/java/org/owasp/benchmark/score/parsers/SonarQubeReader.java,SonarQubeReader,cweLookup,133,133,31,34,AvoidUsingOctalValues,Basic,org.owasp.benchmark.score.parsers,Do not start a literal by 0 unless its an octal value
/Users/dwichers/git/benchmark/src/main/java/org/owasp/benchmark/score/parsers/SonarQubeReader.java,SonarQubeReader,cweLookup,137,137,31,34,AvoidUsingOctalValues,Basic,org.owasp.benchmark.score.parsers,Do not start a literal by 0 unless its an octal value
/Users/dwichers/git/benchmark/src/main/java/org/owasp/benchmark/score/parsers/SonarQubeReader.java,SonarQubeReader,cweLookup,138,138,31,34,AvoidUsingOctalValues,Basic,org.owasp.benchmark.score.parsers,Do not start a literal by 0 unless its an octal value
/Users/dwichers/git/benchmark/src/main/java/org/owasp/benchmark/score/parsers/SonarQubeReader.java,SonarQubeReader,cweLookup,151,151,31,34,AvoidUsingOctalValues,Basic,org.owasp.benchmark.score.parsers,Do not start a literal by 0 unless its an octal value
/Users/dwichers/git/benchmark/src/main/java/org/owasp/benchmark/score/parsers/SonarQubeReader.java,SonarQubeReader,cweLookup,152,152,31,34,AvoidUsingOctalValues,Basic,org.owasp.benchmark.score.parsers,Do not start a literal by 0 unless its an octal value
/Users/dwichers/git/benchmark/src/main/java/org/owasp/benchmark/score/parsers/SonarQubeReader.java,SonarQubeReader,cweLookup,154,154,31,34,AvoidUsingOctalValues,Basic,org.owasp.benchmark.score.parsers,Do not start a literal by 0 unless its an octal value
/Users/dwichers/git/benchmark/src/main/java/org/owasp/benchmark/score/parsers/TestResults.java,TestResults,formatTime,241,241,16,28,UselessParentheses,Unnecessary,org.owasp.benchmark.score.parsers,Useless parentheses.
/Users/dwichers/git/benchmark/src/main/java/org/owasp/benchmark/score/parsers/WebInspectReader.java,WebInspectReader,cweLookup,106,106,37,40,AvoidUsingOctalValues,Basic,org.owasp.benchmark.score.parsers,Do not start a literal by 0 unless its an octal value
/Users/dwichers/git/benchmark/src/main/java/org/owasp/benchmark/score/parsers/WebInspectReader.java,WebInspectReader,cweLookup,107,107,38,41,AvoidUsingOctalValues,Basic,org.owasp.benchmark.score.parsers,Do not start a literal by 0 unless its an octal value
/Users/dwichers/git/benchmark/src/main/java/org/owasp/benchmark/score/parsers/WebInspectReader.java,WebInspectReader,cweLookup,108,108,38,41,AvoidUsingOctalValues,Basic,org.owasp.benchmark.score.parsers,Do not start a literal by 0 unless its an octal value
/Users/dwichers/git/benchmark/src/main/java/org/owasp/benchmark/score/parsers/WebInspectReader.java,WebInspectReader,cweLookup,110,110,38,41,AvoidUsingOctalValues,Basic,org.owasp.benchmark.score.parsers,Do not start a literal by 0 unless its an octal value
/Users/dwichers/git/benchmark/src/main/java/org/owasp/benchmark/score/parsers/WebInspectReader.java,WebInspectReader,cweLookup,111,111,38,41,AvoidUsingOctalValues,Basic,org.owasp.benchmark.score.parsers,Do not start a literal by 0 unless its an octal value
/Users/dwichers/git/benchmark/src/main/java/org/owasp/benchmark/score/parsers/WebInspectReader.java,WebInspectReader,cweLookup,112,112,38,41,AvoidUsingOctalValues,Basic,org.owasp.benchmark.score.parsers,Do not start a literal by 0 unless its an octal value
/Users/dwichers/git/benchmark/src/main/java/org/owasp/benchmark/score/parsers/WebInspectReader.java,WebInspectReader,cweLookup,113,113,38,41,AvoidUsingOctalValues,Basic,org.owasp.benchmark.score.parsers,Do not start a literal by 0 unless its an octal value
/Users/dwichers/git/benchmark/src/main/java/org/owasp/benchmark/score/parsers/WebInspectReader.java,WebInspectReader,cweLookup,114,114,38,41,AvoidUsingOctalValues,Basic,org.owasp.benchmark.score.parsers,Do not start a literal by 0 unless its an octal value
/Users/dwichers/git/benchmark/src/main/java/org/owasp/benchmark/score/parsers/WebInspectReader.java,WebInspectReader,cweLookup,116,116,39,42,AvoidUsingOctalValues,Basic,org.owasp.benchmark.score.parsers,Do not start a literal by 0 unless its an octal value
/Users/dwichers/git/benchmark/src/main/java/org/owasp/benchmark/score/parsers/WebInspectReader.java,WebInspectReader,cweLookup,117,117,39,42,AvoidUsingOctalValues,Basic,org.owasp.benchmark.score.parsers,Do not start a literal by 0 unless its an octal value
/Users/dwichers/git/benchmark/src/main/java/org/owasp/benchmark/score/parsers/WebInspectReader.java,WebInspectReader,cweLookup,118,118,39,42,AvoidUsingOctalValues,Basic,org.owasp.benchmark.score.parsers,Do not start a literal by 0 unless its an octal value
/Users/dwichers/git/benchmark/src/main/java/org/owasp/benchmark/score/parsers/WebInspectReader.java,WebInspectReader,cweLookup,119,119,39,42,AvoidUsingOctalValues,Basic,org.owasp.benchmark.score.parsers,Do not start a literal by 0 unless its an octal value
/Users/dwichers/git/benchmark/src/main/java/org/owasp/benchmark/score/parsers/WebInspectReader.java,WebInspectReader,cweLookup,120,120,39,42,AvoidUsingOctalValues,Basic,org.owasp.benchmark.score.parsers,Do not start a literal by 0 unless its an octal value
/Users/dwichers/git/benchmark/src/main/java/org/owasp/benchmark/score/parsers/WebInspectReader.java,WebInspectReader,cweLookup,121,121,39,42,AvoidUsingOctalValues,Basic,org.owasp.benchmark.score.parsers,Do not start a literal by 0 unless its an octal value
/Users/dwichers/git/benchmark/src/main/java/org/owasp/benchmark/score/parsers/WebInspectReader.java,WebInspectReader,cweLookup,122,122,39,42,AvoidUsingOctalValues,Basic,org.owasp.benchmark.score.parsers,Do not start a literal by 0 unless its an octal value
/Users/dwichers/git/benchmark/src/main/java/org/owasp/benchmark/score/parsers/WebInspectReader.java,WebInspectReader,cweLookup,123,123,39,42,AvoidUsingOctalValues,Basic,org.owasp.benchmark.score.parsers,Do not start a literal by 0 unless its an octal value
/Users/dwichers/git/benchmark/src/main/java/org/owasp/benchmark/score/parsers/WebInspectReader.java,WebInspectReader,cweLookup,127,127,39,42,AvoidUsingOctalValues,Basic,org.owasp.benchmark.score.parsers,Do not start a literal by 0 unless its an octal value
/Users/dwichers/git/benchmark/src/main/java/org/owasp/benchmark/score/parsers/WebInspectReader.java,WebInspectReader,cweLookup,128,128,39,42,AvoidUsingOctalValues,Basic,org.owasp.benchmark.score.parsers,Do not start a literal by 0 unless its an octal value
/Users/dwichers/git/benchmark/src/main/java/org/owasp/benchmark/score/parsers/WebInspectReader.java,WebInspectReader,cweLookup,129,129,39,42,AvoidUsingOctalValues,Basic,org.owasp.benchmark.score.parsers,Do not start a literal by 0 unless its an octal value
/Users/dwichers/git/benchmark/src/main/java/org/owasp/benchmark/score/parsers/WebInspectReader.java,WebInspectReader,cweLookup,130,130,39,42,AvoidUsingOctalValues,Basic,org.owasp.benchmark.score.parsers,Do not start a literal by 0 unless its an octal value
/Users/dwichers/git/benchmark/src/main/java/org/owasp/benchmark/score/parsers/WebInspectReader.java,WebInspectReader,cweLookup,131,131,39,42,AvoidUsingOctalValues,Basic,org.owasp.benchmark.score.parsers,Do not start a literal by 0 unless its an octal value
/Users/dwichers/git/benchmark/src/main/java/org/owasp/benchmark/score/parsers/XanitizerReader.java,XanitizerReader,endElement,94,120,49,49,CollapsibleIfStatements,Basic,org.owasp.benchmark.score.parsers,These nested if statements could be combined
/Users/dwichers/git/benchmark/src/main/java/org/owasp/benchmark/score/parsers/XanitizerReader.java,XanitizerReader,endElement,97,119,57,57,CollapsibleIfStatements,Basic,org.owasp.benchmark.score.parsers,These nested if statements could be combined
/Users/dwichers/git/benchmark/src/main/java/org/owasp/benchmark/score/parsers/ZapReader.java,ZapReader,cweLookup,191,192,9,9,EmptySwitchStatements,Empty Code,org.owasp.benchmark.score.parsers,Avoid empty switch statements
/Users/dwichers/git/benchmark/src/main/java/org/owasp/benchmark/score/report/Report.java,Report,generateTable,160,160,50,62,UnusedFormalParameter,Unused Code,org.owasp.benchmark.score.report,Avoid unused method parameters such as 'actualResults'.
/Users/dwichers/git/benchmark/src/main/java/org/owasp/benchmark/score/report/Report.java,Report,generateTable,223,223,31,54,UselessParentheses,Unnecessary,org.owasp.benchmark.score.report,Useless parentheses.
/Users/dwichers/git/benchmark/src/main/java/org/owasp/benchmark/score/report/Report.java,Report,generateTable,225,225,31,54,UselessParentheses,Unnecessary,org.owasp.benchmark.score.report,Useless parentheses.
/Users/dwichers/git/benchmark/src/main/java/org/owasp/benchmark/score/report/ScatterHome.java,ScatterHome,display,115,115,42,99,UselessParentheses,Unnecessary,org.owasp.benchmark.score.report,Useless parentheses.
/Users/dwichers/git/benchmark/src/main/java/org/owasp/benchmark/score/report/ScatterHome.java,ScatterHome,makePointList,216,216,42,99,UselessParentheses,Unnecessary,org.owasp.benchmark.score.report,Useless parentheses.
/Users/dwichers/git/benchmark/src/main/java/org/owasp/benchmark/score/report/ScatterHome.java,ScatterHome,makeLegend,255,255,94,100,UnusedFormalParameter,Unused Code,org.owasp.benchmark.score.report,Avoid unused method parameters such as 'dataset'.
/Users/dwichers/git/benchmark/src/main/java/org/owasp/benchmark/score/report/ScatterHome.java,ScatterHome,makeLegend,339,339,41,98,UselessParentheses,Unnecessary,org.owasp.benchmark.score.report,Useless parentheses.
/Users/dwichers/git/benchmark/src/main/java/org/owasp/benchmark/score/report/ScatterPlot.java,ScatterPlot,initializeTheme,42,42,57,107,UnnecessaryFullyQualifiedName,Import Statements,org.owasp.benchmark.score.report,Unnecessary use of fully qualified name 'org.jfree.chart.StandardChartTheme.createJFreeTheme' due to existing import 'org.jfree.chart.StandardChartTheme'
/Users/dwichers/git/benchmark/src/main/java/org/owasp/benchmark/score/report/ScatterPlot.java,ScatterPlot,makePointer,211,211,37,37,EmptyStatementNotInLoop,Empty Code,org.owasp.benchmark.score.report,An empty statement (semicolon) not part of a loop
/Users/dwichers/git/benchmark/src/main/java/org/owasp/benchmark/score/report/ScatterTools.java,ScatterTools,makeLegend,195,195,91,97,UnusedFormalParameter,Unused Code,org.owasp.benchmark.score.report,Avoid unused method parameters such as 'dataset'.
/Users/dwichers/git/benchmark/src/main/java/org/owasp/benchmark/score/report/ScatterVulns.java,ScatterVulns,display,128,128,41,98,UselessParentheses,Unnecessary,org.owasp.benchmark.score.report,Useless parentheses.
/Users/dwichers/git/benchmark/src/main/java/org/owasp/benchmark/score/report/ScatterVulns.java,ScatterVulns,makePointList,232,232,41,98,UselessParentheses,Unnecessary,org.owasp.benchmark.score.report,Useless parentheses.
/Users/dwichers/git/benchmark/src/main/java/org/owasp/benchmark/score/report/ScatterVulns.java,ScatterVulns,makeLegend,271,271,110,116,UnusedFormalParameter,Unused Code,org.owasp.benchmark.score.report,Avoid unused method parameters such as 'dataset'.
/Users/dwichers/git/benchmark/src/main/java/org/owasp/benchmark/score/report/ScatterVulns.java,ScatterVulns,makeLegend,366,366,41,98,UselessParentheses,Unnecessary,org.owasp.benchmark.score.report,Useless parentheses.
/Users/dwichers/git/benchmark/src/main/java/org/owasp/benchmark/service/pojo/Person.java,Person,Person,17,17,48,55,UnusedFormalParameter,Unused Code,org.owasp.benchmark.service.pojo,Avoid unused constructor parameters such as 'lastName'.
/Users/dwichers/git/benchmark/src/main/java/org/owasp/benchmark/testcode/BenchmarkTest00001.java,BenchmarkTest00001,doPost,83,85,19,17,EmptyCatchBlock,Empty Code,org.owasp.benchmark.testcode,Avoid empty catch blocks
/Users/dwichers/git/benchmark/src/main/java/org/owasp/benchmark/testcode/BenchmarkTest00002.java,BenchmarkTest00002,doPost,77,79,35,33,EmptyCatchBlock,Empty Code,org.owasp.benchmark.testcode,Avoid empty catch blocks
/Users/dwichers/git/benchmark/src/main/java/org/owasp/benchmark/testcode/BenchmarkTest00010.java,BenchmarkTest00010,doPost,45,45,24,28,UnusedLocalVariable,Unused Code,org.owasp.benchmark.testcode,Avoid unused local variables such as 'param'.
/Users/dwichers/git/benchmark/src/main/java/org/owasp/benchmark/testcode/BenchmarkTest00010.java,BenchmarkTest00010,doPost,80,82,49,49,CollapsibleIfStatements,Basic,org.owasp.benchmark.testcode,These nested if statements could be combined
/Users/dwichers/git/benchmark/src/main/java/org/owasp/benchmark/testcode/BenchmarkTest00018.java,BenchmarkTest00018,doPost,60,60,29,33,UnusedLocalVariable,Unused Code,org.owasp.benchmark.testcode,Avoid unused local variables such as 'count'.
/Users/dwichers/git/benchmark/src/main/java/org/owasp/benchmark/testcode/BenchmarkTest00023.java,BenchmarkTest00023,doPost,65,67,41,41,CollapsibleIfStatements,Basic,org.owasp.benchmark.testcode,These nested if statements could be combined
/Users/dwichers/git/benchmark/src/main/java/org/owasp/benchmark/testcode/BenchmarkTest00027.java,BenchmarkTest00027,doPost,53,53,29,33,UnusedLocalVariable,Unused Code,org.owasp.benchmark.testcode,Avoid unused local variables such as 'count'.
/Users/dwichers/git/benchmark/src/main/java/org/owasp/benchmark/testcode/BenchmarkTest00028.java,BenchmarkTest00028,doPost,73,75,35,33,EmptyCatchBlock,Empty Code,org.owasp.benchmark.testcode,Avoid empty catch blocks
/Users/dwichers/git/benchmark/src/main/java/org/owasp/benchmark/testcode/BenchmarkTest00042.java,BenchmarkTest00042,doPost,67,69,49,49,CollapsibleIfStatements,Basic,org.owasp.benchmark.testcode,These nested if statements could be combined
/Users/dwichers/git/benchmark/src/main/java/org/owasp/benchmark/testcode/BenchmarkTest00043.java,BenchmarkTest00043,doPost,54,54,29,33,UnusedLocalVariable,Unused Code,org.owasp.benchmark.testcode,Avoid unused local variables such as 'count'.
/Users/dwichers/git/benchmark/src/main/java/org/owasp/benchmark/testcode/BenchmarkTest00045.java,BenchmarkTest00045,doPost,80,82,35,33,EmptyCatchBlock,Empty Code,org.owasp.benchmark.testcode,Avoid empty catch blocks
/Users/dwichers/git/benchmark/src/main/java/org/owasp/benchmark/testcode/BenchmarkTest00062.java,BenchmarkTest00062,doPost,89,91,19,17,EmptyCatchBlock,Empty Code,org.owasp.benchmark.testcode,Avoid empty catch blocks
/Users/dwichers/git/benchmark/src/main/java/org/owasp/benchmark/testcode/BenchmarkTest00063.java,BenchmarkTest00063,doPost,90,92,19,17,EmptyCatchBlock,Empty Code,org.owasp.benchmark.testcode,Avoid empty catch blocks
/Users/dwichers/git/benchmark/src/main/java/org/owasp/benchmark/testcode/BenchmarkTest00064.java,BenchmarkTest00064,doPost,84,86,35,33,EmptyCatchBlock,Empty Code,org.owasp.benchmark.testcode,Avoid empty catch blocks
/Users/dwichers/git/benchmark/src/main/java/org/owasp/benchmark/testcode/BenchmarkTest00065.java,BenchmarkTest00065,doPost,89,91,19,17,EmptyCatchBlock,Empty Code,org.owasp.benchmark.testcode,Avoid empty catch blocks
/Users/dwichers/git/benchmark/src/main/java/org/owasp/benchmark/testcode/BenchmarkTest00066.java,BenchmarkTest00066,doPost,56,56,24,26,UnusedLocalVariable,Unused Code,org.owasp.benchmark.testcode,Avoid unused local variables such as 'bar'.
/Users/dwichers/git/benchmark/src/main/java/org/owasp/benchmark/testcode/BenchmarkTest00066.java,BenchmarkTest00066,doPost,81,83,41,41,CollapsibleIfStatements,Basic,org.owasp.benchmark.testcode,These nested if statements could be combined
/Users/dwichers/git/benchmark/src/main/java/org/owasp/benchmark/testcode/BenchmarkTest00067.java,BenchmarkTest00067,doPost,67,67,24,29,UnusedLocalVariable,Unused Code,org.owasp.benchmark.testcode,Avoid unused local variables such as 'f71153'.
/Users/dwichers/git/benchmark/src/main/java/org/owasp/benchmark/testcode/BenchmarkTest00067.java,BenchmarkTest00067,doPost,70,70,24,26,UnusedLocalVariable,Unused Code,org.owasp.benchmark.testcode,Avoid unused local variables such as 'bar'.
/Users/dwichers/git/benchmark/src/main/java/org/owasp/benchmark/testcode/BenchmarkTest00067.java,BenchmarkTest00067,doPost,89,91,41,41,CollapsibleIfStatements,Basic,org.owasp.benchmark.testcode,These nested if statements could be combined
/Users/dwichers/git/benchmark/src/main/java/org/owasp/benchmark/testcode/BenchmarkTest00068.java,BenchmarkTest00068,doPost,56,56,24,26,UnusedLocalVariable,Unused Code,org.owasp.benchmark.testcode,Avoid unused local variables such as 'bar'.
/Users/dwichers/git/benchmark/src/main/java/org/owasp/benchmark/testcode/BenchmarkTest00068.java,BenchmarkTest00068,doPost,81,83,41,41,CollapsibleIfStatements,Basic,org.owasp.benchmark.testcode,These nested if statements could be combined
/Users/dwichers/git/benchmark/src/main/java/org/owasp/benchmark/testcode/BenchmarkTest00078.java,BenchmarkTest00078,doPost,56,56,24,26,UnusedLocalVariable,Unused Code,org.owasp.benchmark.testcode,Avoid unused local variables such as 'bar'.
/Users/dwichers/git/benchmark/src/main/java/org/owasp/benchmark/testcode/BenchmarkTest00078.java,BenchmarkTest00078,doPost,79,81,41,41,CollapsibleIfStatements,Basic,org.owasp.benchmark.testcode,These nested if statements could be combined
/Users/dwichers/git/benchmark/src/main/java/org/owasp/benchmark/testcode/BenchmarkTest00079.java,BenchmarkTest00079,doPost,56,56,24,26,UnusedLocalVariable,Unused Code,org.owasp.benchmark.testcode,Avoid unused local variables such as 'bar'.
/Users/dwichers/git/benchmark/src/main/java/org/owasp/benchmark/testcode/BenchmarkTest00079.java,BenchmarkTest00079,doPost,80,82,41,41,CollapsibleIfStatements,Basic,org.owasp.benchmark.testcode,These nested if statements could be combined
/Users/dwichers/git/benchmark/src/main/java/org/owasp/benchmark/testcode/BenchmarkTest00080.java,BenchmarkTest00080,doPost,56,56,24,26,UnusedLocalVariable,Unused Code,org.owasp.benchmark.testcode,Avoid unused local variables such as 'bar'.
/Users/dwichers/git/benchmark/src/main/java/org/owasp/benchmark/testcode/BenchmarkTest00080.java,BenchmarkTest00080,doPost,75,77,41,41,CollapsibleIfStatements,Basic,org.owasp.benchmark.testcode,These nested if statements could be combined
/Users/dwichers/git/benchmark/src/main/java/org/owasp/benchmark/testcode/BenchmarkTest00081.java,BenchmarkTest00081,doPost,56,56,24,26,UnusedLocalVariable,Unused Code,org.owasp.benchmark.testcode,Avoid unused local variables such as 'bar'.
/Users/dwichers/git/benchmark/src/main/java/org/owasp/benchmark/testcode/BenchmarkTest00081.java,BenchmarkTest00081,doPost,75,77,41,41,CollapsibleIfStatements,Basic,org.owasp.benchmark.testcode,These nested if statements could be combined
/Users/dwichers/git/benchmark/src/main/java/org/owasp/benchmark/testcode/BenchmarkTest00082.java,BenchmarkTest00082,doPost,57,57,24,26,UnusedLocalVariable,Unused Code,org.owasp.benchmark.testcode,Avoid unused local variables such as 'bar'.
/Users/dwichers/git/benchmark/src/main/java/org/owasp/benchmark/testcode/BenchmarkTest00082.java,BenchmarkTest00082,doPost,76,78,41,41,CollapsibleIfStatements,Basic,org.owasp.benchmark.testcode,These nested if statements could be combined
/Users/dwichers/git/benchmark/src/main/java/org/owasp/benchmark/testcode/BenchmarkTest00083.java,BenchmarkTest00083,doPost,56,56,24,26,UnusedLocalVariable,Unused Code,org.owasp.benchmark.testcode,Avoid unused local variables such as 'bar'.
/Users/dwichers/git/benchmark/src/main/java/org/owasp/benchmark/testcode/BenchmarkTest00083.java,BenchmarkTest00083,doPost,81,83,41,41,CollapsibleIfStatements,Basic,org.owasp.benchmark.testcode,These nested if statements could be combined
/Users/dwichers/git/benchmark/src/main/java/org/owasp/benchmark/testcode/BenchmarkTest00084.java,BenchmarkTest00084,doPost,57,57,24,26,UnusedLocalVariable,Unused Code,org.owasp.benchmark.testcode,Avoid unused local variables such as 'bar'.
/Users/dwichers/git/benchmark/src/main/java/org/owasp/benchmark/testcode/BenchmarkTest00084.java,BenchmarkTest00084,doPost,76,78,41,41,CollapsibleIfStatements,Basic,org.owasp.benchmark.testcode,These nested if statements could be combined
/Users/dwichers/git/benchmark/src/main/java/org/owasp/benchmark/testcode/BenchmarkTest00085.java,BenchmarkTest00085,doPost,56,56,24,26,UnusedLocalVariable,Unused Code,org.owasp.benchmark.testcode,Avoid unused local variables such as 'bar'.
/Users/dwichers/git/benchmark/src/main/java/org/owasp/benchmark/testcode/BenchmarkTest00085.java,BenchmarkTest00085,doPost,80,82,41,41,CollapsibleIfStatements,Basic,org.owasp.benchmark.testcode,These nested if statements could be combined
/Users/dwichers/git/benchmark/src/main/java/org/owasp/benchmark/testcode/BenchmarkTest00086.java,BenchmarkTest00086,doPost,56,56,24,26,UnusedLocalVariable,Unused Code,org.owasp.benchmark.testcode,Avoid unused local variables such as 'bar'.
/Users/dwichers/git/benchmark/src/main/java/org/owasp/benchmark/testcode/BenchmarkTest00086.java,BenchmarkTest00086,doPost,81,83,41,41,CollapsibleIfStatements,Basic,org.owasp.benchmark.testcode,These nested if statements could be combined
/Users/dwichers/git/benchmark/src/main/java/org/owasp/benchmark/testcode/BenchmarkTest00087.java,BenchmarkTest00087,doPost,56,56,24,26,UnusedLocalVariable,Unused Code,org.owasp.benchmark.testcode,Avoid unused local variables such as 'bar'.
/Users/dwichers/git/benchmark/src/main/java/org/owasp/benchmark/testcode/BenchmarkTest00088.java,BenchmarkTest00088,doPost,56,56,24,26,UnusedLocalVariable,Unused Code,org.owasp.benchmark.testcode,Avoid unused local variables such as 'bar'.
/Users/dwichers/git/benchmark/src/main/java/org/owasp/benchmark/testcode/BenchmarkTest00089.java,BenchmarkTest00089,doPost,56,56,24,26,UnusedLocalVariable,Unused Code,org.owasp.benchmark.testcode,Avoid unused local variables such as 'bar'.
/Users/dwichers/git/benchmark/src/main/java/org/owasp/benchmark/testcode/BenchmarkTest00094.java,BenchmarkTest00094,doPost,56,56,24,26,UnusedLocalVariable,Unused Code,org.owasp.benchmark.testcode,Avoid unused local variables such as 'bar'.
/Users/dwichers/git/benchmark/src/main/java/org/owasp/benchmark/testcode/BenchmarkTest00094.java,BenchmarkTest00094,doPost,83,85,49,49,CollapsibleIfStatements,Basic,org.owasp.benchmark.testcode,These nested if statements could be combined
/Users/dwichers/git/benchmark/src/main/java/org/owasp/benchmark/testcode/BenchmarkTest00095.java,BenchmarkTest00095,doPost,56,56,24,26,UnusedLocalVariable,Unused Code,org.owasp.benchmark.testcode,Avoid unused local variables such as 'bar'.
/Users/dwichers/git/benchmark/src/main/java/org/owasp/benchmark/testcode/BenchmarkTest00095.java,BenchmarkTest00095,doPost,81,83,49,49,CollapsibleIfStatements,Basic,org.owasp.benchmark.testcode,These nested if statements could be combined
/Users/dwichers/git/benchmark/src/main/java/org/owasp/benchmark/testcode/BenchmarkTest00096.java,BenchmarkTest00096,doPost,56,56,24,26,UnusedLocalVariable,Unused Code,org.owasp.benchmark.testcode,Avoid unused local variables such as 'bar'.
/Users/dwichers/git/benchmark/src/main/java/org/owasp/benchmark/testcode/BenchmarkTest00096.java,BenchmarkTest00096,doPost,82,84,49,49,CollapsibleIfStatements,Basic,org.owasp.benchmark.testcode,These nested if statements could be combined
/Users/dwichers/git/benchmark/src/main/java/org/owasp/benchmark/testcode/BenchmarkTest00107.java,BenchmarkTest00107,doPost,67,67,24,29,UnusedLocalVariable,Unused Code,org.owasp.benchmark.testcode,Avoid unused local variables such as 'f18521'.
/Users/dwichers/git/benchmark/src/main/java/org/owasp/benchmark/testcode/BenchmarkTest00110.java,BenchmarkTest00110,doPost,67,67,24,29,UnusedLocalVariable,Unused Code,org.owasp.benchmark.testcode,Avoid unused local variables such as 'f69840'.
/Users/dwichers/git/benchmark/src/main/java/org/owasp/benchmark/testcode/BenchmarkTest00111.java,BenchmarkTest00111,doPost,73,73,29,33,UnusedLocalVariable,Unused Code,org.owasp.benchmark.testcode,Avoid unused local variables such as 'count'.
/Users/dwichers/git/benchmark/src/main/java/org/owasp/benchmark/testcode/BenchmarkTest00112.java,BenchmarkTest00112,doPost,64,64,29,33,UnusedLocalVariable,Unused Code,org.owasp.benchmark.testcode,Avoid unused local variables such as 'count'.
/Users/dwichers/git/benchmark/src/main/java/org/owasp/benchmark/testcode/BenchmarkTest00113.java,BenchmarkTest00113,doPost,69,69,29,33,UnusedLocalVariable,Unused Code,org.owasp.benchmark.testcode,Avoid unused local variables such as 'count'.
/Users/dwichers/git/benchmark/src/main/java/org/owasp/benchmark/testcode/BenchmarkTest00114.java,BenchmarkTest00114,doPost,69,69,29,33,UnusedLocalVariable,Unused Code,org.owasp.benchmark.testcode,Avoid unused local variables such as 'count'.
/Users/dwichers/git/benchmark/src/main/java/org/owasp/benchmark/testcode/BenchmarkTest00115.java,BenchmarkTest00115,doPost,68,68,29,33,UnusedLocalVariable,Unused Code,org.owasp.benchmark.testcode,Avoid unused local variables such as 'count'.
/Users/dwichers/git/benchmark/src/main/java/org/owasp/benchmark/testcode/BenchmarkTest00132.java,BenchmarkTest00132,doPost,99,101,19,17,EmptyCatchBlock,Empty Code,org.owasp.benchmark.testcode,Avoid empty catch blocks
/Users/dwichers/git/benchmark/src/main/java/org/owasp/benchmark/testcode/BenchmarkTest00133.java,BenchmarkTest00133,doPost,83,85,35,33,EmptyCatchBlock,Empty Code,org.owasp.benchmark.testcode,Avoid empty catch blocks
/Users/dwichers/git/benchmark/src/main/java/org/owasp/benchmark/testcode/BenchmarkTest00134.java,BenchmarkTest00134,doPost,93,95,35,33,EmptyCatchBlock,Empty Code,org.owasp.benchmark.testcode,Avoid empty catch blocks
/Users/dwichers/git/benchmark/src/main/java/org/owasp/benchmark/testcode/BenchmarkTest00135.java,BenchmarkTest00135,doPost,102,104,35,33,EmptyCatchBlock,Empty Code,org.owasp.benchmark.testcode,Avoid empty catch blocks
/Users/dwichers/git/benchmark/src/main/java/org/owasp/benchmark/testcode/BenchmarkTest00136.java,BenchmarkTest00136,doPost,93,95,35,33,EmptyCatchBlock,Empty Code,org.owasp.benchmark.testcode,Avoid empty catch blocks
/Users/dwichers/git/benchmark/src/main/java/org/owasp/benchmark/testcode/BenchmarkTest00137.java,BenchmarkTest00137,doPost,87,89,19,17,EmptyCatchBlock,Empty Code,org.owasp.benchmark.testcode,Avoid empty catch blocks
/Users/dwichers/git/benchmark/src/main/java/org/owasp/benchmark/testcode/BenchmarkTest00139.java,BenchmarkTest00139,doPost,63,63,24,29,UnusedLocalVariable,Unused Code,org.owasp.benchmark.testcode,Avoid unused local variables such as 'f48394'.
/Users/dwichers/git/benchmark/src/main/java/org/owasp/benchmark/testcode/BenchmarkTest00140.java,BenchmarkTest00140,doPost,52,52,24,26,UnusedLocalVariable,Unused Code,org.owasp.benchmark.testcode,Avoid unused local variables such as 'bar'.
/Users/dwichers/git/benchmark/src/main/java/org/owasp/benchmark/testcode/BenchmarkTest00140.java,BenchmarkTest00140,doPost,81,83,41,41,CollapsibleIfStatements,Basic,org.owasp.benchmark.testcode,These nested if statements could be combined
/Users/dwichers/git/benchmark/src/main/java/org/owasp/benchmark/testcode/BenchmarkTest00160.java,BenchmarkTest00160,doPost,52,52,24,26,UnusedLocalVariable,Unused Code,org.owasp.benchmark.testcode,Avoid unused local variables such as 'bar'.
/Users/dwichers/git/benchmark/src/main/java/org/owasp/benchmark/testcode/BenchmarkTest00160.java,BenchmarkTest00160,doPost,76,78,41,41,CollapsibleIfStatements,Basic,org.owasp.benchmark.testcode,These nested if statements could be combined
/Users/dwichers/git/benchmark/src/main/java/org/owasp/benchmark/testcode/BenchmarkTest00161.java,BenchmarkTest00161,doPost,52,52,24,26,UnusedLocalVariable,Unused Code,org.owasp.benchmark.testcode,Avoid unused local variables such as 'bar'.
/Users/dwichers/git/benchmark/src/main/java/org/owasp/benchmark/testcode/BenchmarkTest00161.java,BenchmarkTest00161,doPost,77,79,41,41,CollapsibleIfStatements,Basic,org.owasp.benchmark.testcode,These nested if statements could be combined
/Users/dwichers/git/benchmark/src/main/java/org/owasp/benchmark/testcode/BenchmarkTest00162.java,BenchmarkTest00162,doPost,52,52,24,26,UnusedLocalVariable,Unused Code,org.owasp.benchmark.testcode,Avoid unused local variables such as 'bar'.
/Users/dwichers/git/benchmark/src/main/java/org/owasp/benchmark/testcode/BenchmarkTest00162.java,BenchmarkTest00162,doPost,71,73,41,41,CollapsibleIfStatements,Basic,org.owasp.benchmark.testcode,These nested if statements could be combined
/Users/dwichers/git/benchmark/src/main/java/org/owasp/benchmark/testcode/BenchmarkTest00163.java,BenchmarkTest00163,doPost,53,53,24,26,UnusedLocalVariable,Unused Code,org.owasp.benchmark.testcode,Avoid unused local variables such as 'bar'.
/Users/dwichers/git/benchmark/src/main/java/org/owasp/benchmark/testcode/BenchmarkTest00163.java,BenchmarkTest00163,doPost,72,74,41,41,CollapsibleIfStatements,Basic,org.owasp.benchmark.testcode,These nested if statements could be combined
/Users/dwichers/git/benchmark/src/main/java/org/owasp/benchmark/testcode/BenchmarkTest00164.java,BenchmarkTest00164,doPost,52,52,24,26,UnusedLocalVariable,Unused Code,org.owasp.benchmark.testcode,Avoid unused local variables such as 'bar'.
/Users/dwichers/git/benchmark/src/main/java/org/owasp/benchmark/testcode/BenchmarkTest00164.java,BenchmarkTest00164,doPost,77,79,41,41,CollapsibleIfStatements,Basic,org.owasp.benchmark.testcode,These nested if statements could be combined
/Users/dwichers/git/benchmark/src/main/java/org/owasp/benchmark/testcode/BenchmarkTest00165.java,BenchmarkTest00165,doPost,52,52,24,26,UnusedLocalVariable,Unused Code,org.owasp.benchmark.testcode,Avoid unused local variables such as 'bar'.
/Users/dwichers/git/benchmark/src/main/java/org/owasp/benchmark/testcode/BenchmarkTest00165.java,BenchmarkTest00165,doPost,74,76,41,41,CollapsibleIfStatements,Basic,org.owasp.benchmark.testcode,These nested if statements could be combined
/Users/dwichers/git/benchmark/src/main/java/org/owasp/benchmark/testcode/BenchmarkTest00166.java,BenchmarkTest00166,doPost,52,52,24,26,UnusedLocalVariable,Unused Code,org.owasp.benchmark.testcode,Avoid unused local variables such as 'bar'.
/Users/dwichers/git/benchmark/src/main/java/org/owasp/benchmark/testcode/BenchmarkTest00166.java,BenchmarkTest00166,doPost,71,73,41,41,CollapsibleIfStatements,Basic,org.owasp.benchmark.testcode,These nested if statements could be combined
/Users/dwichers/git/benchmark/src/main/java/org/owasp/benchmark/testcode/BenchmarkTest00167.java,BenchmarkTest00167,doPost,52,52,24,26,UnusedLocalVariable,Unused Code,org.owasp.benchmark.testcode,Avoid unused local variables such as 'bar'.
/Users/dwichers/git/benchmark/src/main/java/org/owasp/benchmark/testcode/BenchmarkTest00167.java,BenchmarkTest00167,doPost,75,77,41,41,CollapsibleIfStatements,Basic,org.owasp.benchmark.testcode,These nested if statements could be combined
/Users/dwichers/git/benchmark/src/main/java/org/owasp/benchmark/testcode/BenchmarkTest00168.java,BenchmarkTest00168,doPost,52,52,24,26,UnusedLocalVariable,Unused Code,org.owasp.benchmark.testcode,Avoid unused local variables such as 'bar'.
/Users/dwichers/git/benchmark/src/main/java/org/owasp/benchmark/testcode/BenchmarkTest00168.java,BenchmarkTest00168,doPost,77,79,41,41,CollapsibleIfStatements,Basic,org.owasp.benchmark.testcode,These nested if statements could be combined
/Users/dwichers/git/benchmark/src/main/java/org/owasp/benchmark/testcode/BenchmarkTest00169.java,BenchmarkTest00169,doPost,52,52,24,26,UnusedLocalVariable,Unused Code,org.owasp.benchmark.testcode,Avoid unused local variables such as 'bar'.
/Users/dwichers/git/benchmark/src/main/java/org/owasp/benchmark/testcode/BenchmarkTest00170.java,BenchmarkTest00170,doPost,63,63,24,28,UnusedLocalVariable,Unused Code,org.owasp.benchmark.testcode,Avoid unused local variables such as 'f9823'.
/Users/dwichers/git/benchmark/src/main/java/org/owasp/benchmark/testcode/BenchmarkTest00170.java,BenchmarkTest00170,doPost,66,66,24,26,UnusedLocalVariable,Unused Code,org.owasp.benchmark.testcode,Avoid unused local variables such as 'bar'.
/Users/dwichers/git/benchmark/src/main/java/org/owasp/benchmark/testcode/BenchmarkTest00178.java,BenchmarkTest00178,doPost,52,52,24,26,UnusedLocalVariable,Unused Code,org.owasp.benchmark.testcode,Avoid unused local variables such as 'bar'.
/Users/dwichers/git/benchmark/src/main/java/org/owasp/benchmark/testcode/BenchmarkTest00178.java,BenchmarkTest00178,doPost,77,79,49,49,CollapsibleIfStatements,Basic,org.owasp.benchmark.testcode,These nested if statements could be combined
/Users/dwichers/git/benchmark/src/main/java/org/owasp/benchmark/testcode/BenchmarkTest00179.java,BenchmarkTest00179,doPost,52,52,24,26,UnusedLocalVariable,Unused Code,org.owasp.benchmark.testcode,Avoid unused local variables such as 'bar'.
/Users/dwichers/git/benchmark/src/main/java/org/owasp/benchmark/testcode/BenchmarkTest00179.java,BenchmarkTest00179,doPost,73,75,49,49,CollapsibleIfStatements,Basic,org.owasp.benchmark.testcode,These nested if statements could be combined
/Users/dwichers/git/benchmark/src/main/java/org/owasp/benchmark/testcode/BenchmarkTest00180.java,BenchmarkTest00180,doPost,52,52,24,26,UnusedLocalVariable,Unused Code,org.owasp.benchmark.testcode,Avoid unused local variables such as 'bar'.
/Users/dwichers/git/benchmark/src/main/java/org/owasp/benchmark/testcode/BenchmarkTest00180.java,BenchmarkTest00180,doPost,80,82,49,49,CollapsibleIfStatements,Basic,org.owasp.benchmark.testcode,These nested if statements could be combined
/Users/dwichers/git/benchmark/src/main/java/org/owasp/benchmark/testcode/BenchmarkTest00181.java,BenchmarkTest00181,doPost,52,52,24,26,UnusedLocalVariable,Unused Code,org.owasp.benchmark.testcode,Avoid unused local variables such as 'bar'.
/Users/dwichers/git/benchmark/src/main/java/org/owasp/benchmark/testcode/BenchmarkTest00181.java,BenchmarkTest00181,doPost,73,75,49,49,CollapsibleIfStatements,Basic,org.owasp.benchmark.testcode,These nested if statements could be combined
/Users/dwichers/git/benchmark/src/main/java/org/owasp/benchmark/testcode/BenchmarkTest00182.java,BenchmarkTest00182,doPost,63,63,24,29,UnusedLocalVariable,Unused Code,org.owasp.benchmark.testcode,Avoid unused local variables such as 'f48649'.
/Users/dwichers/git/benchmark/src/main/java/org/owasp/benchmark/testcode/BenchmarkTest00182.java,BenchmarkTest00182,doPost,66,66,24,26,UnusedLocalVariable,Unused Code,org.owasp.benchmark.testcode,Avoid unused local variables such as 'bar'.
/Users/dwichers/git/benchmark/src/main/java/org/owasp/benchmark/testcode/BenchmarkTest00182.java,BenchmarkTest00182,doPost,86,88,49,49,CollapsibleIfStatements,Basic,org.owasp.benchmark.testcode,These nested if statements could be combined
/Users/dwichers/git/benchmark/src/main/java/org/owasp/benchmark/testcode/BenchmarkTest00183.java,BenchmarkTest00183,doPost,52,52,24,26,UnusedLocalVariable,Unused Code,org.owasp.benchmark.testcode,Avoid unused local variables such as 'bar'.
/Users/dwichers/git/benchmark/src/main/java/org/owasp/benchmark/testcode/BenchmarkTest00183.java,BenchmarkTest00183,doPost,91,93,49,49,CollapsibleIfStatements,Basic,org.owasp.benchmark.testcode,These nested if statements could be combined
/Users/dwichers/git/benchmark/src/main/java/org/owasp/benchmark/testcode/BenchmarkTest00184.java,BenchmarkTest00184,doPost,52,52,24,26,UnusedLocalVariable,Unused Code,org.owasp.benchmark.testcode,Avoid unused local variables such as 'bar'.
/Users/dwichers/git/benchmark/src/main/java/org/owasp/benchmark/testcode/BenchmarkTest00184.java,BenchmarkTest00184,doPost,77,79,49,49,CollapsibleIfStatements,Basic,org.owasp.benchmark.testcode,These nested if statements could be combined
/Users/dwichers/git/benchmark/src/main/java/org/owasp/benchmark/testcode/BenchmarkTest00185.java,BenchmarkTest00185,doPost,52,52,24,26,UnusedLocalVariable,Unused Code,org.owasp.benchmark.testcode,Avoid unused local variables such as 'bar'.
/Users/dwichers/git/benchmark/src/main/java/org/owasp/benchmark/testcode/BenchmarkTest00185.java,BenchmarkTest00185,doPost,78,80,49,49,CollapsibleIfStatements,Basic,org.owasp.benchmark.testcode,These nested if statements could be combined
/Users/dwichers/git/benchmark/src/main/java/org/owasp/benchmark/testcode/BenchmarkTest00186.java,BenchmarkTest00186,doPost,63,63,24,29,UnusedLocalVariable,Unused Code,org.owasp.benchmark.testcode,Avoid unused local variables such as 'f18509'.
/Users/dwichers/git/benchmark/src/main/java/org/owasp/benchmark/testcode/BenchmarkTest00186.java,BenchmarkTest00186,doPost,66,66,24,26,UnusedLocalVariable,Unused Code,org.owasp.benchmark.testcode,Avoid unused local variables such as 'bar'.
/Users/dwichers/git/benchmark/src/main/java/org/owasp/benchmark/testcode/BenchmarkTest00186.java,BenchmarkTest00186,doPost,86,88,49,49,CollapsibleIfStatements,Basic,org.owasp.benchmark.testcode,These nested if statements could be combined
/Users/dwichers/git/benchmark/src/main/java/org/owasp/benchmark/testcode/BenchmarkTest00187.java,BenchmarkTest00187,doPost,52,52,24,26,UnusedLocalVariable,Unused Code,org.owasp.benchmark.testcode,Avoid unused local variables such as 'bar'.
/Users/dwichers/git/benchmark/src/main/java/org/owasp/benchmark/testcode/BenchmarkTest00187.java,BenchmarkTest00187,doPost,82,84,49,49,CollapsibleIfStatements,Basic,org.owasp.benchmark.testcode,These nested if statements could be combined
/Users/dwichers/git/benchmark/src/main/java/org/owasp/benchmark/testcode/BenchmarkTest00188.java,BenchmarkTest00188,doPost,52,52,24,26,UnusedLocalVariable,Unused Code,org.owasp.benchmark.testcode,Avoid unused local variables such as 'bar'.
/Users/dwichers/git/benchmark/src/main/java/org/owasp/benchmark/testcode/BenchmarkTest00188.java,BenchmarkTest00188,doPost,78,80,49,49,CollapsibleIfStatements,Basic,org.owasp.benchmark.testcode,These nested if statements could be combined
/Users/dwichers/git/benchmark/src/main/java/org/owasp/benchmark/testcode/BenchmarkTest00189.java,BenchmarkTest00189,doPost,63,63,24,29,UnusedLocalVariable,Unused Code,org.owasp.benchmark.testcode,Avoid unused local variables such as 'f14330'.
/Users/dwichers/git/benchmark/src/main/java/org/owasp/benchmark/testcode/BenchmarkTest00201.java,BenchmarkTest00201,doPost,63,63,24,29,UnusedLocalVariable,Unused Code,org.owasp.benchmark.testcode,Avoid unused local variables such as 'f60073'.
/Users/dwichers/git/benchmark/src/main/java/org/owasp/benchmark/testcode/BenchmarkTest00202.java,BenchmarkTest00202,doPost,63,63,24,29,UnusedLocalVariable,Unused Code,org.owasp.benchmark.testcode,Avoid unused local variables such as 'f15497'.
/Users/dwichers/git/benchmark/src/main/java/org/owasp/benchmark/testcode/BenchmarkTest00202.java,BenchmarkTest00202,doPost,73,73,29,33,UnusedLocalVariable,Unused Code,org.owasp.benchmark.testcode,Avoid unused local variables such as 'count'.
/Users/dwichers/git/benchmark/src/main/java/org/owasp/benchmark/testcode/BenchmarkTest00203.java,BenchmarkTest00203,doPost,65,65,29,33,UnusedLocalVariable,Unused Code,org.owasp.benchmark.testcode,Avoid unused local variables such as 'count'.
/Users/dwichers/git/benchmark/src/main/java/org/owasp/benchmark/testcode/BenchmarkTest00204.java,BenchmarkTest00204,doPost,60,60,29,33,UnusedLocalVariable,Unused Code,org.owasp.benchmark.testcode,Avoid unused local variables such as 'count'.
/Users/dwichers/git/benchmark/src/main/java/org/owasp/benchmark/testcode/BenchmarkTest00205.java,BenchmarkTest00205,doPost,69,69,29,33,UnusedLocalVariable,Unused Code,org.owasp.benchmark.testcode,Avoid unused local variables such as 'count'.
/Users/dwichers/git/benchmark/src/main/java/org/owasp/benchmark/testcode/BenchmarkTest00206.java,BenchmarkTest00206,doPost,63,63,24,29,UnusedLocalVariable,Unused Code,org.owasp.benchmark.testcode,Avoid unused local variables such as 'f13396'.
/Users/dwichers/git/benchmark/src/main/java/org/owasp/benchmark/testcode/BenchmarkTest00206.java,BenchmarkTest00206,doPost,73,73,29,33,UnusedLocalVariable,Unused Code,org.owasp.benchmark.testcode,Avoid unused local variables such as 'count'.
/Users/dwichers/git/benchmark/src/main/java/org/owasp/benchmark/testcode/BenchmarkTest00217.java,BenchmarkTest00217,doPost,72,72,24,29,UnusedLocalVariable,Unused Code,org.owasp.benchmark.testcode,Avoid unused local variables such as 'f26348'.
/Users/dwichers/git/benchmark/src/main/java/org/owasp/benchmark/testcode/BenchmarkTest00219.java,BenchmarkTest00219,doPost,95,97,19,17,EmptyCatchBlock,Empty Code,org.owasp.benchmark.testcode,Avoid empty catch blocks
/Users/dwichers/git/benchmark/src/main/java/org/owasp/benchmark/testcode/BenchmarkTest00220.java,BenchmarkTest00220,doPost,72,72,24,29,UnusedLocalVariable,Unused Code,org.owasp.benchmark.testcode,Avoid unused local variables such as 'f25969'.
/Users/dwichers/git/benchmark/src/main/java/org/owasp/benchmark/testcode/BenchmarkTest00220.java,BenchmarkTest00220,doPost,97,99,35,33,EmptyCatchBlock,Empty Code,org.owasp.benchmark.testcode,Avoid empty catch blocks
/Users/dwichers/git/benchmark/src/main/java/org/owasp/benchmark/testcode/BenchmarkTest00221.java,BenchmarkTest00221,doPost,89,91,35,33,EmptyCatchBlock,Empty Code,org.owasp.benchmark.testcode,Avoid empty catch blocks
/Users/dwichers/git/benchmark/src/main/java/org/owasp/benchmark/testcode/BenchmarkTest00222.java,BenchmarkTest00222,doPost,102,104,35,33,EmptyCatchBlock,Empty Code,org.owasp.benchmark.testcode,Avoid empty catch blocks
/Users/dwichers/git/benchmark/src/main/java/org/owasp/benchmark/testcode/BenchmarkTest00227.java,BenchmarkTest00227,doPost,72,72,24,29,UnusedLocalVariable,Unused Code,org.owasp.benchmark.testcode,Avoid unused local variables such as 'f15913'.
/Users/dwichers/git/benchmark/src/main/java/org/owasp/benchmark/testcode/BenchmarkTest00230.java,BenchmarkTest00230,doPost,61,61,24,26,UnusedLocalVariable,Unused Code,org.owasp.benchmark.testcode,Avoid unused local variables such as 'bar'.
/Users/dwichers/git/benchmark/src/main/java/org/owasp/benchmark/testcode/BenchmarkTest00230.java,BenchmarkTest00230,doPost,84,86,41,41,CollapsibleIfStatements,Basic,org.owasp.benchmark.testcode,These nested if statements could be combined
/Users/dwichers/git/benchmark/src/main/java/org/owasp/benchmark/testcode/BenchmarkTest00231.java,BenchmarkTest00231,doPost,61,61,24,26,UnusedLocalVariable,Unused Code,org.owasp.benchmark.testcode,Avoid unused local variables such as 'bar'.
/Users/dwichers/git/benchmark/src/main/java/org/owasp/benchmark/testcode/BenchmarkTest00231.java,BenchmarkTest00231,doPost,85,87,41,41,CollapsibleIfStatements,Basic,org.owasp.benchmark.testcode,These nested if statements could be combined
/Users/dwichers/git/benchmark/src/main/java/org/owasp/benchmark/testcode/BenchmarkTest00232.java,BenchmarkTest00232,doPost,61,61,24,26,UnusedLocalVariable,Unused Code,org.owasp.benchmark.testcode,Avoid unused local variables such as 'bar'.
/Users/dwichers/git/benchmark/src/main/java/org/owasp/benchmark/testcode/BenchmarkTest00232.java,BenchmarkTest00232,doPost,86,88,41,41,CollapsibleIfStatements,Basic,org.owasp.benchmark.testcode,These nested if statements could be combined
/Users/dwichers/git/benchmark/src/main/java/org/owasp/benchmark/testcode/BenchmarkTest00233.java,BenchmarkTest00233,doPost,62,62,24,26,UnusedLocalVariable,Unused Code,org.owasp.benchmark.testcode,Avoid unused local variables such as 'bar'.
/Users/dwichers/git/benchmark/src/main/java/org/owasp/benchmark/testcode/BenchmarkTest00233.java,BenchmarkTest00233,doPost,81,83,41,41,CollapsibleIfStatements,Basic,org.owasp.benchmark.testcode,These nested if statements could be combined
/Users/dwichers/git/benchmark/src/main/java/org/owasp/benchmark/testcode/BenchmarkTest00234.java,BenchmarkTest00234,doPost,61,61,24,26,UnusedLocalVariable,Unused Code,org.owasp.benchmark.testcode,Avoid unused local variables such as 'bar'.
/Users/dwichers/git/benchmark/src/main/java/org/owasp/benchmark/testcode/BenchmarkTest00234.java,BenchmarkTest00234,doPost,86,88,41,41,CollapsibleIfStatements,Basic,org.owasp.benchmark.testcode,These nested if statements could be combined
/Users/dwichers/git/benchmark/src/main/java/org/owasp/benchmark/testcode/BenchmarkTest00235.java,BenchmarkTest00235,doPost,62,62,24,26,UnusedLocalVariable,Unused Code,org.owasp.benchmark.testcode,Avoid unused local variables such as 'bar'.
/Users/dwichers/git/benchmark/src/main/java/org/owasp/benchmark/testcode/BenchmarkTest00235.java,BenchmarkTest00235,doPost,81,83,41,41,CollapsibleIfStatements,Basic,org.owasp.benchmark.testcode,These nested if statements could be combined
/Users/dwichers/git/benchmark/src/main/java/org/owasp/benchmark/testcode/BenchmarkTest00236.java,BenchmarkTest00236,doPost,61,61,24,26,UnusedLocalVariable,Unused Code,org.owasp.benchmark.testcode,Avoid unused local variables such as 'bar'.
/Users/dwichers/git/benchmark/src/main/java/org/owasp/benchmark/testcode/BenchmarkTest00236.java,BenchmarkTest00236,doPost,86,88,41,41,CollapsibleIfStatements,Basic,org.owasp.benchmark.testcode,These nested if statements could be combined
/Users/dwichers/git/benchmark/src/main/java/org/owasp/benchmark/testcode/BenchmarkTest00237.java,BenchmarkTest00237,doPost,61,61,24,26,UnusedLocalVariable,Unused Code,org.owasp.benchmark.testcode,Avoid unused local variables such as 'bar'.
/Users/dwichers/git/benchmark/src/main/java/org/owasp/benchmark/testcode/BenchmarkTest00237.java,BenchmarkTest00237,doPost,99,101,41,41,CollapsibleIfStatements,Basic,org.owasp.benchmark.testcode,These nested if statements could be combined
/Users/dwichers/git/benchmark/src/main/java/org/owasp/benchmark/testcode/BenchmarkTest00238.java,BenchmarkTest00238,doPost,61,61,24,26,UnusedLocalVariable,Unused Code,org.owasp.benchmark.testcode,Avoid unused local variables such as 'bar'.
/Users/dwichers/git/benchmark/src/main/java/org/owasp/benchmark/testcode/BenchmarkTest00238.java,BenchmarkTest00238,doPost,84,86,41,41,CollapsibleIfStatements,Basic,org.owasp.benchmark.testcode,These nested if statements could be combined
/Users/dwichers/git/benchmark/src/main/java/org/owasp/benchmark/testcode/BenchmarkTest00239.java,BenchmarkTest00239,doPost,74,74,24,26,UnusedLocalVariable,Unused Code,org.owasp.benchmark.testcode,Avoid unused local variables such as 'bar'.
/Users/dwichers/git/benchmark/src/main/java/org/owasp/benchmark/testcode/BenchmarkTest00239.java,BenchmarkTest00239,doPost,93,95,41,41,CollapsibleIfStatements,Basic,org.owasp.benchmark.testcode,These nested if statements could be combined
/Users/dwichers/git/benchmark/src/main/java/org/owasp/benchmark/testcode/BenchmarkTest00240.java,BenchmarkTest00240,doPost,62,62,24,26,UnusedLocalVariable,Unused Code,org.owasp.benchmark.testcode,Avoid unused local variables such as 'bar'.
/Users/dwichers/git/benchmark/src/main/java/org/owasp/benchmark/testcode/BenchmarkTest00240.java,BenchmarkTest00240,doPost,81,83,41,41,CollapsibleIfStatements,Basic,org.owasp.benchmark.testcode,These nested if statements could be combined
/Users/dwichers/git/benchmark/src/main/java/org/owasp/benchmark/testcode/BenchmarkTest00241.java,BenchmarkTest00241,doPost,61,61,24,26,UnusedLocalVariable,Unused Code,org.owasp.benchmark.testcode,Avoid unused local variables such as 'bar'.
/Users/dwichers/git/benchmark/src/main/java/org/owasp/benchmark/testcode/BenchmarkTest00242.java,BenchmarkTest00242,doPost,61,61,24,26,UnusedLocalVariable,Unused Code,org.owasp.benchmark.testcode,Avoid unused local variables such as 'bar'.
/Users/dwichers/git/benchmark/src/main/java/org/owasp/benchmark/testcode/BenchmarkTest00243.java,BenchmarkTest00243,doPost,61,61,24,26,UnusedLocalVariable,Unused Code,org.owasp.benchmark.testcode,Avoid unused local variables such as 'bar'.
/Users/dwichers/git/benchmark/src/main/java/org/owasp/benchmark/testcode/BenchmarkTest00243.java,BenchmarkTest00243,doPost,91,93,49,49,CollapsibleIfStatements,Basic,org.owasp.benchmark.testcode,These nested if statements could be combined
/Users/dwichers/git/benchmark/src/main/java/org/owasp/benchmark/testcode/BenchmarkTest00244.java,BenchmarkTest00244,doPost,61,61,24,26,UnusedLocalVariable,Unused Code,org.owasp.benchmark.testcode,Avoid unused local variables such as 'bar'.
/Users/dwichers/git/benchmark/src/main/java/org/owasp/benchmark/testcode/BenchmarkTest00244.java,BenchmarkTest00244,doPost,92,94,49,49,CollapsibleIfStatements,Basic,org.owasp.benchmark.testcode,These nested if statements could be combined
/Users/dwichers/git/benchmark/src/main/java/org/owasp/benchmark/testcode/BenchmarkTest00245.java,BenchmarkTest00245,doPost,72,72,24,29,UnusedLocalVariable,Unused Code,org.owasp.benchmark.testcode,Avoid unused local variables such as 'f73565'.
/Users/dwichers/git/benchmark/src/main/java/org/owasp/benchmark/testcode/BenchmarkTest00245.java,BenchmarkTest00245,doPost,75,75,24,26,UnusedLocalVariable,Unused Code,org.owasp.benchmark.testcode,Avoid unused local variables such as 'bar'.
/Users/dwichers/git/benchmark/src/main/java/org/owasp/benchmark/testcode/BenchmarkTest00245.java,BenchmarkTest00245,doPost,97,99,49,49,CollapsibleIfStatements,Basic,org.owasp.benchmark.testcode,These nested if statements could be combined
/Users/dwichers/git/benchmark/src/main/java/org/owasp/benchmark/testcode/BenchmarkTest00246.java,BenchmarkTest00246,doPost,61,61,24,26,UnusedLocalVariable,Unused Code,org.owasp.benchmark.testcode,Avoid unused local variables such as 'bar'.
/Users/dwichers/git/benchmark/src/main/java/org/owasp/benchmark/testcode/BenchmarkTest00246.java,BenchmarkTest00246,doPost,92,94,49,49,CollapsibleIfStatements,Basic,org.owasp.benchmark.testcode,These nested if statements could be combined
/Users/dwichers/git/benchmark/src/main/java/org/owasp/benchmark/testcode/BenchmarkTest00247.java,BenchmarkTest00247,doPost,61,61,24,26,UnusedLocalVariable,Unused Code,org.owasp.benchmark.testcode,Avoid unused local variables such as 'bar'.
/Users/dwichers/git/benchmark/src/main/java/org/owasp/benchmark/testcode/BenchmarkTest00247.java,BenchmarkTest00247,doPost,86,88,49,49,CollapsibleIfStatements,Basic,org.owasp.benchmark.testcode,These nested if statements could be combined
/Users/dwichers/git/benchmark/src/main/java/org/owasp/benchmark/testcode/BenchmarkTest00248.java,BenchmarkTest00248,doPost,61,61,24,26,UnusedLocalVariable,Unused Code,org.owasp.benchmark.testcode,Avoid unused local variables such as 'bar'.
/Users/dwichers/git/benchmark/src/main/java/org/owasp/benchmark/testcode/BenchmarkTest00248.java,BenchmarkTest00248,doPost,81,83,49,49,CollapsibleIfStatements,Basic,org.owasp.benchmark.testcode,These nested if statements could be combined
/Users/dwichers/git/benchmark/src/main/java/org/owasp/benchmark/testcode/BenchmarkTest00249.java,BenchmarkTest00249,doPost,61,61,24,26,UnusedLocalVariable,Unused Code,org.owasp.benchmark.testcode,Avoid unused local variables such as 'bar'.
/Users/dwichers/git/benchmark/src/main/java/org/owasp/benchmark/testcode/BenchmarkTest00249.java,BenchmarkTest00249,doPost,81,83,49,49,CollapsibleIfStatements,Basic,org.owasp.benchmark.testcode,These nested if statements could be combined
/Users/dwichers/git/benchmark/src/main/java/org/owasp/benchmark/testcode/BenchmarkTest00261.java,BenchmarkTest00261,doPost,65,65,24,28,UnusedLocalVariable,Unused Code,org.owasp.benchmark.testcode,Avoid unused local variables such as 'f3000'.
/Users/dwichers/git/benchmark/src/main/java/org/owasp/benchmark/testcode/BenchmarkTest00263.java,BenchmarkTest00263,doPost,101,103,19,17,EmptyCatchBlock,Empty Code,org.owasp.benchmark.testcode,Avoid empty catch blocks
/Users/dwichers/git/benchmark/src/main/java/org/owasp/benchmark/testcode/BenchmarkTest00264.java,BenchmarkTest00264,doPost,88,90,19,17,EmptyCatchBlock,Empty Code,org.owasp.benchmark.testcode,Avoid empty catch blocks
/Users/dwichers/git/benchmark/src/main/java/org/owasp/benchmark/testcode/BenchmarkTest00265.java,BenchmarkTest00265,doPost,86,88,35,33,EmptyCatchBlock,Empty Code,org.owasp.benchmark.testcode,Avoid empty catch blocks
/Users/dwichers/git/benchmark/src/main/java/org/owasp/benchmark/testcode/BenchmarkTest00275.java,BenchmarkTest00275,doPost,65,65,24,29,UnusedLocalVariable,Unused Code,org.owasp.benchmark.testcode,Avoid unused local variables such as 'f28150'.
/Users/dwichers/git/benchmark/src/main/java/org/owasp/benchmark/testcode/BenchmarkTest00277.java,BenchmarkTest00277,doPost,65,65,24,29,UnusedLocalVariable,Unused Code,org.owasp.benchmark.testcode,Avoid unused local variables such as 'f54571'.
/Users/dwichers/git/benchmark/src/main/java/org/owasp/benchmark/testcode/BenchmarkTest00296.java,BenchmarkTest00296,doPost,54,54,24,26,UnusedLocalVariable,Unused Code,org.owasp.benchmark.testcode,Avoid unused local variables such as 'bar'.
/Users/dwichers/git/benchmark/src/main/java/org/owasp/benchmark/testcode/BenchmarkTest00296.java,BenchmarkTest00296,doPost,79,81,41,41,CollapsibleIfStatements,Basic,org.owasp.benchmark.testcode,These nested if statements could be combined
/Users/dwichers/git/benchmark/src/main/java/org/owasp/benchmark/testcode/BenchmarkTest00297.java,BenchmarkTest00297,doPost,55,55,24,26,UnusedLocalVariable,Unused Code,org.owasp.benchmark.testcode,Avoid unused local variables such as 'bar'.
/Users/dwichers/git/benchmark/src/main/java/org/owasp/benchmark/testcode/BenchmarkTest00297.java,BenchmarkTest00297,doPost,74,76,41,41,CollapsibleIfStatements,Basic,org.owasp.benchmark.testcode,These nested if statements could be combined
/Users/dwichers/git/benchmark/src/main/java/org/owasp/benchmark/testcode/BenchmarkTest00298.java,BenchmarkTest00298,doPost,54,54,24,26,UnusedLocalVariable,Unused Code,org.owasp.benchmark.testcode,Avoid unused local variables such as 'bar'.
/Users/dwichers/git/benchmark/src/main/java/org/owasp/benchmark/testcode/BenchmarkTest00298.java,BenchmarkTest00298,doPost,79,81,41,41,CollapsibleIfStatements,Basic,org.owasp.benchmark.testcode,These nested if statements could be combined
/Users/dwichers/git/benchmark/src/main/java/org/owasp/benchmark/testcode/BenchmarkTest00299.java,BenchmarkTest00299,doPost,54,54,24,26,UnusedLocalVariable,Unused Code,org.owasp.benchmark.testcode,Avoid unused local variables such as 'bar'.
/Users/dwichers/git/benchmark/src/main/java/org/owasp/benchmark/testcode/BenchmarkTest00299.java,BenchmarkTest00299,doPost,79,81,41,41,CollapsibleIfStatements,Basic,org.owasp.benchmark.testcode,These nested if statements could be combined
/Users/dwichers/git/benchmark/src/main/java/org/owasp/benchmark/testcode/BenchmarkTest00300.java,BenchmarkTest00300,doPost,54,54,24,26,UnusedLocalVariable,Unused Code,org.owasp.benchmark.testcode,Avoid unused local variables such as 'bar'.
/Users/dwichers/git/benchmark/src/main/java/org/owasp/benchmark/testcode/BenchmarkTest00305.java,BenchmarkTest00305,doPost,65,65,24,29,UnusedLocalVariable,Unused Code,org.owasp.benchmark.testcode,Avoid unused local variables such as 'f99928'.
/Users/dwichers/git/benchmark/src/main/java/org/owasp/benchmark/testcode/BenchmarkTest00312.java,BenchmarkTest00312,doPost,55,55,24,26,UnusedLocalVariable,Unused Code,org.owasp.benchmark.testcode,Avoid unused local variables such as 'bar'.
/Users/dwichers/git/benchmark/src/main/java/org/owasp/benchmark/testcode/BenchmarkTest00312.java,BenchmarkTest00312,doPost,76,78,49,49,CollapsibleIfStatements,Basic,org.owasp.benchmark.testcode,These nested if statements could be combined
/Users/dwichers/git/benchmark/src/main/java/org/owasp/benchmark/testcode/BenchmarkTest00313.java,BenchmarkTest00313,doPost,55,55,24,26,UnusedLocalVariable,Unused Code,org.owasp.benchmark.testcode,Avoid unused local variables such as 'bar'.
/Users/dwichers/git/benchmark/src/main/java/org/owasp/benchmark/testcode/BenchmarkTest00313.java,BenchmarkTest00313,doPost,77,79,49,49,CollapsibleIfStatements,Basic,org.owasp.benchmark.testcode,These nested if statements could be combined
/Users/dwichers/git/benchmark/src/main/java/org/owasp/benchmark/testcode/BenchmarkTest00314.java,BenchmarkTest00314,doPost,54,54,24,26,UnusedLocalVariable,Unused Code,org.owasp.benchmark.testcode,Avoid unused local variables such as 'bar'.
/Users/dwichers/git/benchmark/src/main/java/org/owasp/benchmark/testcode/BenchmarkTest00314.java,BenchmarkTest00314,doPost,79,81,49,49,CollapsibleIfStatements,Basic,org.owasp.benchmark.testcode,These nested if statements could be combined
/Users/dwichers/git/benchmark/src/main/java/org/owasp/benchmark/testcode/BenchmarkTest00315.java,BenchmarkTest00315,doPost,54,54,24,26,UnusedLocalVariable,Unused Code,org.owasp.benchmark.testcode,Avoid unused local variables such as 'bar'.
/Users/dwichers/git/benchmark/src/main/java/org/owasp/benchmark/testcode/BenchmarkTest00315.java,BenchmarkTest00315,doPost,85,87,49,49,CollapsibleIfStatements,Basic,org.owasp.benchmark.testcode,These nested if statements could be combined
/Users/dwichers/git/benchmark/src/main/java/org/owasp/benchmark/testcode/BenchmarkTest00316.java,BenchmarkTest00316,doPost,67,67,24,26,UnusedLocalVariable,Unused Code,org.owasp.benchmark.testcode,Avoid unused local variables such as 'bar'.
/Users/dwichers/git/benchmark/src/main/java/org/owasp/benchmark/testcode/BenchmarkTest00316.java,BenchmarkTest00316,doPost,88,90,49,49,CollapsibleIfStatements,Basic,org.owasp.benchmark.testcode,These nested if statements could be combined
/Users/dwichers/git/benchmark/src/main/java/org/owasp/benchmark/testcode/BenchmarkTest00317.java,BenchmarkTest00317,doPost,55,55,24,26,UnusedLocalVariable,Unused Code,org.owasp.benchmark.testcode,Avoid unused local variables such as 'bar'.
/Users/dwichers/git/benchmark/src/main/java/org/owasp/benchmark/testcode/BenchmarkTest00317.java,BenchmarkTest00317,doPost,76,78,49,49,CollapsibleIfStatements,Basic,org.owasp.benchmark.testcode,These nested if statements could be combined
/Users/dwichers/git/benchmark/src/main/java/org/owasp/benchmark/testcode/BenchmarkTest00318.java,BenchmarkTest00318,doPost,65,65,24,29,UnusedLocalVariable,Unused Code,org.owasp.benchmark.testcode,Avoid unused local variables such as 'f30925'.
/Users/dwichers/git/benchmark/src/main/java/org/owasp/benchmark/testcode/BenchmarkTest00318.java,BenchmarkTest00318,doPost,68,68,24,26,UnusedLocalVariable,Unused Code,org.owasp.benchmark.testcode,Avoid unused local variables such as 'bar'.
/Users/dwichers/git/benchmark/src/main/java/org/owasp/benchmark/testcode/BenchmarkTest00318.java,BenchmarkTest00318,doPost,88,90,49,49,CollapsibleIfStatements,Basic,org.owasp.benchmark.testcode,These nested if statements could be combined
/Users/dwichers/git/benchmark/src/main/java/org/owasp/benchmark/testcode/BenchmarkTest00319.java,BenchmarkTest00319,doPost,54,54,24,26,UnusedLocalVariable,Unused Code,org.owasp.benchmark.testcode,Avoid unused local variables such as 'bar'.
/Users/dwichers/git/benchmark/src/main/java/org/owasp/benchmark/testcode/BenchmarkTest00319.java,BenchmarkTest00319,doPost,93,95,49,49,CollapsibleIfStatements,Basic,org.owasp.benchmark.testcode,These nested if statements could be combined
/Users/dwichers/git/benchmark/src/main/java/org/owasp/benchmark/testcode/BenchmarkTest00320.java,BenchmarkTest00320,doPost,54,54,24,26,UnusedLocalVariable,Unused Code,org.owasp.benchmark.testcode,Avoid unused local variables such as 'bar'.
/Users/dwichers/git/benchmark/src/main/java/org/owasp/benchmark/testcode/BenchmarkTest00320.java,BenchmarkTest00320,doPost,80,82,49,49,CollapsibleIfStatements,Basic,org.owasp.benchmark.testcode,These nested if statements could be combined
/Users/dwichers/git/benchmark/src/main/java/org/owasp/benchmark/testcode/BenchmarkTest00330.java,BenchmarkTest00330,doPost,65,65,24,29,UnusedLocalVariable,Unused Code,org.owasp.benchmark.testcode,Avoid unused local variables such as 'f55109'.
/Users/dwichers/git/benchmark/src/main/java/org/owasp/benchmark/testcode/BenchmarkTest00332.java,BenchmarkTest00332,doPost,65,65,24,29,UnusedLocalVariable,Unused Code,org.owasp.benchmark.testcode,Avoid unused local variables such as 'f40477'.
/Users/dwichers/git/benchmark/src/main/java/org/owasp/benchmark/testcode/BenchmarkTest00334.java,BenchmarkTest00334,doPost,65,65,24,29,UnusedLocalVariable,Unused Code,org.owasp.benchmark.testcode,Avoid unused local variables such as 'f30608'.
/Users/dwichers/git/benchmark/src/main/java/org/owasp/benchmark/testcode/BenchmarkTest00347.java,BenchmarkTest00347,doPost,46,46,37,39,UnusedLocalVariable,Unused Code,org.owasp.benchmark.testcode,Avoid unused local variables such as 'bar'.
/Users/dwichers/git/benchmark/src/main/java/org/owasp/benchmark/testcode/BenchmarkTest00347.java,BenchmarkTest00347,doPost,65,67,41,41,CollapsibleIfStatements,Basic,org.owasp.benchmark.testcode,These nested if statements could be combined
/Users/dwichers/git/benchmark/src/main/java/org/owasp/benchmark/testcode/BenchmarkTest00348.java,BenchmarkTest00348,doPost,46,46,37,39,UnusedLocalVariable,Unused Code,org.owasp.benchmark.testcode,Avoid unused local variables such as 'bar'.
/Users/dwichers/git/benchmark/src/main/java/org/owasp/benchmark/testcode/BenchmarkTest00349.java,BenchmarkTest00349,doPost,46,46,37,39,UnusedLocalVariable,Unused Code,org.owasp.benchmark.testcode,Avoid unused local variables such as 'bar'.
/Users/dwichers/git/benchmark/src/main/java/org/owasp/benchmark/testcode/BenchmarkTest00349.java,BenchmarkTest00349,doPost,67,69,49,49,CollapsibleIfStatements,Basic,org.owasp.benchmark.testcode,These nested if statements could be combined
/Users/dwichers/git/benchmark/src/main/java/org/owasp/benchmark/testcode/BenchmarkTest00360.java,BenchmarkTest00360,doPost,79,81,19,17,EmptyCatchBlock,Empty Code,org.owasp.benchmark.testcode,Avoid empty catch blocks
/Users/dwichers/git/benchmark/src/main/java/org/owasp/benchmark/testcode/BenchmarkTest00361.java,BenchmarkTest00361,doPost,91,93,35,33,EmptyCatchBlock,Empty Code,org.owasp.benchmark.testcode,Avoid empty catch blocks
/Users/dwichers/git/benchmark/src/main/java/org/owasp/benchmark/testcode/BenchmarkTest00362.java,BenchmarkTest00362,doPost,69,71,35,33,EmptyCatchBlock,Empty Code,org.owasp.benchmark.testcode,Avoid empty catch blocks
/Users/dwichers/git/benchmark/src/main/java/org/owasp/benchmark/testcode/BenchmarkTest00363.java,BenchmarkTest00363,doPost,78,80,35,33,EmptyCatchBlock,Empty Code,org.owasp.benchmark.testcode,Avoid empty catch blocks
/Users/dwichers/git/benchmark/src/main/java/org/owasp/benchmark/testcode/BenchmarkTest00364.java,BenchmarkTest00364,doPost,79,81,35,33,EmptyCatchBlock,Empty Code,org.owasp.benchmark.testcode,Avoid empty catch blocks
/Users/dwichers/git/benchmark/src/main/java/org/owasp/benchmark/testcode/BenchmarkTest00365.java,BenchmarkTest00365,doPost,82,84,19,17,EmptyCatchBlock,Empty Code,org.owasp.benchmark.testcode,Avoid empty catch blocks
/Users/dwichers/git/benchmark/src/main/java/org/owasp/benchmark/testcode/BenchmarkTest00366.java,BenchmarkTest00366,doPost,95,97,19,17,EmptyCatchBlock,Empty Code,org.owasp.benchmark.testcode,Avoid empty catch blocks
/Users/dwichers/git/benchmark/src/main/java/org/owasp/benchmark/testcode/BenchmarkTest00367.java,BenchmarkTest00367,doPost,58,58,24,29,UnusedLocalVariable,Unused Code,org.owasp.benchmark.testcode,Avoid unused local variables such as 'f12849'.
/Users/dwichers/git/benchmark/src/main/java/org/owasp/benchmark/testcode/BenchmarkTest00368.java,BenchmarkTest00368,doPost,47,47,24,26,UnusedLocalVariable,Unused Code,org.owasp.benchmark.testcode,Avoid unused local variables such as 'bar'.
/Users/dwichers/git/benchmark/src/main/java/org/owasp/benchmark/testcode/BenchmarkTest00368.java,BenchmarkTest00368,doPost,66,68,41,41,CollapsibleIfStatements,Basic,org.owasp.benchmark.testcode,These nested if statements could be combined
/Users/dwichers/git/benchmark/src/main/java/org/owasp/benchmark/testcode/BenchmarkTest00369.java,BenchmarkTest00369,doPost,47,47,24,26,UnusedLocalVariable,Unused Code,org.owasp.benchmark.testcode,Avoid unused local variables such as 'bar'.
/Users/dwichers/git/benchmark/src/main/java/org/owasp/benchmark/testcode/BenchmarkTest00369.java,BenchmarkTest00369,doPost,69,71,41,41,CollapsibleIfStatements,Basic,org.owasp.benchmark.testcode,These nested if statements could be combined
/Users/dwichers/git/benchmark/src/main/java/org/owasp/benchmark/testcode/BenchmarkTest00379.java,BenchmarkTest00379,doPost,58,58,24,29,UnusedLocalVariable,Unused Code,org.owasp.benchmark.testcode,Avoid unused local variables such as 'f75704'.
/Users/dwichers/git/benchmark/src/main/java/org/owasp/benchmark/testcode/BenchmarkTest00397.java,BenchmarkTest00397,doPost,47,47,24,26,UnusedLocalVariable,Unused Code,org.owasp.benchmark.testcode,Avoid unused local variables such as 'bar'.
/Users/dwichers/git/benchmark/src/main/java/org/owasp/benchmark/testcode/BenchmarkTest00397.java,BenchmarkTest00397,doPost,68,70,41,41,CollapsibleIfStatements,Basic,org.owasp.benchmark.testcode,These nested if statements could be combined
/Users/dwichers/git/benchmark/src/main/java/org/owasp/benchmark/testcode/BenchmarkTest00398.java,BenchmarkTest00398,doPost,47,47,24,26,UnusedLocalVariable,Unused Code,org.owasp.benchmark.testcode,Avoid unused local variables such as 'bar'.
/Users/dwichers/git/benchmark/src/main/java/org/owasp/benchmark/testcode/BenchmarkTest00398.java,BenchmarkTest00398,doPost,72,74,41,41,CollapsibleIfStatements,Basic,org.owasp.benchmark.testcode,These nested if statements could be combined
/Users/dwichers/git/benchmark/src/main/java/org/owasp/benchmark/testcode/BenchmarkTest00399.java,BenchmarkTest00399,doPost,58,58,24,29,UnusedLocalVariable,Unused Code,org.owasp.benchmark.testcode,Avoid unused local variables such as 'f78565'.
/Users/dwichers/git/benchmark/src/main/java/org/owasp/benchmark/testcode/BenchmarkTest00399.java,BenchmarkTest00399,doPost,61,61,24,26,UnusedLocalVariable,Unused Code,org.owasp.benchmark.testcode,Avoid unused local variables such as 'bar'.
/Users/dwichers/git/benchmark/src/main/java/org/owasp/benchmark/testcode/BenchmarkTest00399.java,BenchmarkTest00399,doPost,80,82,41,41,CollapsibleIfStatements,Basic,org.owasp.benchmark.testcode,These nested if statements could be combined
/Users/dwichers/git/benchmark/src/main/java/org/owasp/benchmark/testcode/BenchmarkTest00400.java,BenchmarkTest00400,doPost,47,47,24,26,UnusedLocalVariable,Unused Code,org.owasp.benchmark.testcode,Avoid unused local variables such as 'bar'.
/Users/dwichers/git/benchmark/src/main/java/org/owasp/benchmark/testcode/BenchmarkTest00400.java,BenchmarkTest00400,doPost,85,87,41,41,CollapsibleIfStatements,Basic,org.owasp.benchmark.testcode,These nested if statements could be combined
/Users/dwichers/git/benchmark/src/main/java/org/owasp/benchmark/testcode/BenchmarkTest00401.java,BenchmarkTest00401,doPost,47,47,24,26,UnusedLocalVariable,Unused Code,org.owasp.benchmark.testcode,Avoid unused local variables such as 'bar'.
/Users/dwichers/git/benchmark/src/main/java/org/owasp/benchmark/testcode/BenchmarkTest00401.java,BenchmarkTest00401,doPost,70,72,41,41,CollapsibleIfStatements,Basic,org.owasp.benchmark.testcode,These nested if statements could be combined
/Users/dwichers/git/benchmark/src/main/java/org/owasp/benchmark/testcode/BenchmarkTest00402.java,BenchmarkTest00402,doPost,47,47,24,26,UnusedLocalVariable,Unused Code,org.owasp.benchmark.testcode,Avoid unused local variables such as 'bar'.
/Users/dwichers/git/benchmark/src/main/java/org/owasp/benchmark/testcode/BenchmarkTest00402.java,BenchmarkTest00402,doPost,70,72,41,41,CollapsibleIfStatements,Basic,org.owasp.benchmark.testcode,These nested if statements could be combined
/Users/dwichers/git/benchmark/src/main/java/org/owasp/benchmark/testcode/BenchmarkTest00403.java,BenchmarkTest00403,doPost,47,47,24,26,UnusedLocalVariable,Unused Code,org.owasp.benchmark.testcode,Avoid unused local variables such as 'bar'.
/Users/dwichers/git/benchmark/src/main/java/org/owasp/benchmark/testcode/BenchmarkTest00404.java,BenchmarkTest00404,doPost,47,47,24,26,UnusedLocalVariable,Unused Code,org.owasp.benchmark.testcode,Avoid unused local variables such as 'bar'.
/Users/dwichers/git/benchmark/src/main/java/org/owasp/benchmark/testcode/BenchmarkTest00405.java,BenchmarkTest00405,doPost,47,47,24,26,UnusedLocalVariable,Unused Code,org.owasp.benchmark.testcode,Avoid unused local variables such as 'bar'.
/Users/dwichers/git/benchmark/src/main/java/org/owasp/benchmark/testcode/BenchmarkTest00411.java,BenchmarkTest00411,doPost,58,58,24,29,UnusedLocalVariable,Unused Code,org.owasp.benchmark.testcode,Avoid unused local variables such as 'f18204'.
/Users/dwichers/git/benchmark/src/main/java/org/owasp/benchmark/testcode/BenchmarkTest00413.java,BenchmarkTest00413,doPost,47,47,24,26,UnusedLocalVariable,Unused Code,org.owasp.benchmark.testcode,Avoid unused local variables such as 'bar'.
/Users/dwichers/git/benchmark/src/main/java/org/owasp/benchmark/testcode/BenchmarkTest00413.java,BenchmarkTest00413,doPost,77,79,49,49,CollapsibleIfStatements,Basic,org.owasp.benchmark.testcode,These nested if statements could be combined
/Users/dwichers/git/benchmark/src/main/java/org/owasp/benchmark/testcode/BenchmarkTest00414.java,BenchmarkTest00414,doPost,47,47,24,26,UnusedLocalVariable,Unused Code,org.owasp.benchmark.testcode,Avoid unused local variables such as 'bar'.
/Users/dwichers/git/benchmark/src/main/java/org/owasp/benchmark/testcode/BenchmarkTest00414.java,BenchmarkTest00414,doPost,91,93,49,49,CollapsibleIfStatements,Basic,org.owasp.benchmark.testcode,These nested if statements could be combined
/Users/dwichers/git/benchmark/src/main/java/org/owasp/benchmark/testcode/BenchmarkTest00415.java,BenchmarkTest00415,doPost,47,47,24,26,UnusedLocalVariable,Unused Code,org.owasp.benchmark.testcode,Avoid unused local variables such as 'bar'.
/Users/dwichers/git/benchmark/src/main/java/org/owasp/benchmark/testcode/BenchmarkTest00415.java,BenchmarkTest00415,doPost,78,80,49,49,CollapsibleIfStatements,Basic,org.owasp.benchmark.testcode,These nested if statements could be combined
/Users/dwichers/git/benchmark/src/main/java/org/owasp/benchmark/testcode/BenchmarkTest00416.java,BenchmarkTest00416,doPost,47,47,24,26,UnusedLocalVariable,Unused Code,org.owasp.benchmark.testcode,Avoid unused local variables such as 'bar'.
/Users/dwichers/git/benchmark/src/main/java/org/owasp/benchmark/testcode/BenchmarkTest00416.java,BenchmarkTest00416,doPost,77,79,49,49,CollapsibleIfStatements,Basic,org.owasp.benchmark.testcode,These nested if statements could be combined
/Users/dwichers/git/benchmark/src/main/java/org/owasp/benchmark/testcode/BenchmarkTest00417.java,BenchmarkTest00417,doPost,47,47,24,26,UnusedLocalVariable,Unused Code,org.owasp.benchmark.testcode,Avoid unused local variables such as 'bar'.
/Users/dwichers/git/benchmark/src/main/java/org/owasp/benchmark/testcode/BenchmarkTest00417.java,BenchmarkTest00417,doPost,78,80,49,49,CollapsibleIfStatements,Basic,org.owasp.benchmark.testcode,These nested if statements could be combined
/Users/dwichers/git/benchmark/src/main/java/org/owasp/benchmark/testcode/BenchmarkTest00418.java,BenchmarkTest00418,doPost,47,47,24,26,UnusedLocalVariable,Unused Code,org.owasp.benchmark.testcode,Avoid unused local variables such as 'bar'.
/Users/dwichers/git/benchmark/src/main/java/org/owasp/benchmark/testcode/BenchmarkTest00418.java,BenchmarkTest00418,doPost,74,76,49,49,CollapsibleIfStatements,Basic,org.owasp.benchmark.testcode,These nested if statements could be combined
/Users/dwichers/git/benchmark/src/main/java/org/owasp/benchmark/testcode/BenchmarkTest00419.java,BenchmarkTest00419,doPost,47,47,24,26,UnusedLocalVariable,Unused Code,org.owasp.benchmark.testcode,Avoid unused local variables such as 'bar'.
/Users/dwichers/git/benchmark/src/main/java/org/owasp/benchmark/testcode/BenchmarkTest00419.java,BenchmarkTest00419,doPost,77,79,49,49,CollapsibleIfStatements,Basic,org.owasp.benchmark.testcode,These nested if statements could be combined
/Users/dwichers/git/benchmark/src/main/java/org/owasp/benchmark/testcode/BenchmarkTest00420.java,BenchmarkTest00420,doPost,47,47,24,26,UnusedLocalVariable,Unused Code,org.owasp.benchmark.testcode,Avoid unused local variables such as 'bar'.
/Users/dwichers/git/benchmark/src/main/java/org/owasp/benchmark/testcode/BenchmarkTest00420.java,BenchmarkTest00420,doPost,73,75,49,49,CollapsibleIfStatements,Basic,org.owasp.benchmark.testcode,These nested if statements could be combined
/Users/dwichers/git/benchmark/src/main/java/org/owasp/benchmark/testcode/BenchmarkTest00421.java,BenchmarkTest00421,doPost,47,47,24,26,UnusedLocalVariable,Unused Code,org.owasp.benchmark.testcode,Avoid unused local variables such as 'bar'.
/Users/dwichers/git/benchmark/src/main/java/org/owasp/benchmark/testcode/BenchmarkTest00421.java,BenchmarkTest00421,doPost,67,69,49,49,CollapsibleIfStatements,Basic,org.owasp.benchmark.testcode,These nested if statements could be combined
/Users/dwichers/git/benchmark/src/main/java/org/owasp/benchmark/testcode/BenchmarkTest00422.java,BenchmarkTest00422,doPost,47,47,24,26,UnusedLocalVariable,Unused Code,org.owasp.benchmark.testcode,Avoid unused local variables such as 'bar'.
/Users/dwichers/git/benchmark/src/main/java/org/owasp/benchmark/testcode/BenchmarkTest00422.java,BenchmarkTest00422,doPost,73,75,49,49,CollapsibleIfStatements,Basic,org.owasp.benchmark.testcode,These nested if statements could be combined
/Users/dwichers/git/benchmark/src/main/java/org/owasp/benchmark/testcode/BenchmarkTest00423.java,BenchmarkTest00423,doPost,48,48,24,26,UnusedLocalVariable,Unused Code,org.owasp.benchmark.testcode,Avoid unused local variables such as 'bar'.
/Users/dwichers/git/benchmark/src/main/java/org/owasp/benchmark/testcode/BenchmarkTest00423.java,BenchmarkTest00423,doPost,68,70,49,49,CollapsibleIfStatements,Basic,org.owasp.benchmark.testcode,These nested if statements could be combined
/Users/dwichers/git/benchmark/src/main/java/org/owasp/benchmark/testcode/BenchmarkTest00440.java,BenchmarkTest00440,doPost,60,60,29,33,UnusedLocalVariable,Unused Code,org.owasp.benchmark.testcode,Avoid unused local variables such as 'count'.
/Users/dwichers/git/benchmark/src/main/java/org/owasp/benchmark/testcode/BenchmarkTest00441.java,BenchmarkTest00441,doPost,55,55,29,33,UnusedLocalVariable,Unused Code,org.owasp.benchmark.testcode,Avoid unused local variables such as 'count'.
/Users/dwichers/git/benchmark/src/main/java/org/owasp/benchmark/testcode/BenchmarkTest00454.java,BenchmarkTest00454,doPost,86,88,19,17,EmptyCatchBlock,Empty Code,org.owasp.benchmark.testcode,Avoid empty catch blocks
/Users/dwichers/git/benchmark/src/main/java/org/owasp/benchmark/testcode/BenchmarkTest00455.java,BenchmarkTest00455,doPost,81,83,35,33,EmptyCatchBlock,Empty Code,org.owasp.benchmark.testcode,Avoid empty catch blocks
/Users/dwichers/git/benchmark/src/main/java/org/owasp/benchmark/testcode/BenchmarkTest00456.java,BenchmarkTest00456,doPost,82,84,35,33,EmptyCatchBlock,Empty Code,org.owasp.benchmark.testcode,Avoid empty catch blocks
/Users/dwichers/git/benchmark/src/main/java/org/owasp/benchmark/testcode/BenchmarkTest00457.java,BenchmarkTest00457,doPost,84,86,35,33,EmptyCatchBlock,Empty Code,org.owasp.benchmark.testcode,Avoid empty catch blocks
/Users/dwichers/git/benchmark/src/main/java/org/owasp/benchmark/testcode/BenchmarkTest00458.java,BenchmarkTest00458,doPost,93,95,35,33,EmptyCatchBlock,Empty Code,org.owasp.benchmark.testcode,Avoid empty catch blocks
/Users/dwichers/git/benchmark/src/main/java/org/owasp/benchmark/testcode/BenchmarkTest00459.java,BenchmarkTest00459,doPost,78,80,35,33,EmptyCatchBlock,Empty Code,org.owasp.benchmark.testcode,Avoid empty catch blocks
/Users/dwichers/git/benchmark/src/main/java/org/owasp/benchmark/testcode/BenchmarkTest00460.java,BenchmarkTest00460,doPost,63,63,24,29,UnusedLocalVariable,Unused Code,org.owasp.benchmark.testcode,Avoid unused local variables such as 'f62588'.
/Users/dwichers/git/benchmark/src/main/java/org/owasp/benchmark/testcode/BenchmarkTest00460.java,BenchmarkTest00460,doPost,95,97,19,17,EmptyCatchBlock,Empty Code,org.owasp.benchmark.testcode,Avoid empty catch blocks
/Users/dwichers/git/benchmark/src/main/java/org/owasp/benchmark/testcode/BenchmarkTest00461.java,BenchmarkTest00461,doPost,52,52,24,26,UnusedLocalVariable,Unused Code,org.owasp.benchmark.testcode,Avoid unused local variables such as 'bar'.
/Users/dwichers/git/benchmark/src/main/java/org/owasp/benchmark/testcode/BenchmarkTest00461.java,BenchmarkTest00461,doPost,71,73,41,41,CollapsibleIfStatements,Basic,org.owasp.benchmark.testcode,These nested if statements could be combined
/Users/dwichers/git/benchmark/src/main/java/org/owasp/benchmark/testcode/BenchmarkTest00470.java,BenchmarkTest00470,doPost,63,63,24,28,UnusedLocalVariable,Unused Code,org.owasp.benchmark.testcode,Avoid unused local variables such as 'f1504'.
/Users/dwichers/git/benchmark/src/main/java/org/owasp/benchmark/testcode/BenchmarkTest00482.java,BenchmarkTest00482,doPost,52,52,24,26,UnusedLocalVariable,Unused Code,org.owasp.benchmark.testcode,Avoid unused local variables such as 'bar'.
/Users/dwichers/git/benchmark/src/main/java/org/owasp/benchmark/testcode/BenchmarkTest00482.java,BenchmarkTest00482,doPost,72,74,41,41,CollapsibleIfStatements,Basic,org.owasp.benchmark.testcode,These nested if statements could be combined
/Users/dwichers/git/benchmark/src/main/java/org/owasp/benchmark/testcode/BenchmarkTest00483.java,BenchmarkTest00483,doPost,52,52,24,26,UnusedLocalVariable,Unused Code,org.owasp.benchmark.testcode,Avoid unused local variables such as 'bar'.
/Users/dwichers/git/benchmark/src/main/java/org/owasp/benchmark/testcode/BenchmarkTest00483.java,BenchmarkTest00483,doPost,78,80,41,41,CollapsibleIfStatements,Basic,org.owasp.benchmark.testcode,These nested if statements could be combined
/Users/dwichers/git/benchmark/src/main/java/org/owasp/benchmark/testcode/BenchmarkTest00484.java,BenchmarkTest00484,doPost,52,52,24,26,UnusedLocalVariable,Unused Code,org.owasp.benchmark.testcode,Avoid unused local variables such as 'bar'.
/Users/dwichers/git/benchmark/src/main/java/org/owasp/benchmark/testcode/BenchmarkTest00484.java,BenchmarkTest00484,doPost,77,79,41,41,CollapsibleIfStatements,Basic,org.owasp.benchmark.testcode,These nested if statements could be combined
/Users/dwichers/git/benchmark/src/main/java/org/owasp/benchmark/testcode/BenchmarkTest00485.java,BenchmarkTest00485,doPost,53,53,24,26,UnusedLocalVariable,Unused Code,org.owasp.benchmark.testcode,Avoid unused local variables such as 'bar'.
/Users/dwichers/git/benchmark/src/main/java/org/owasp/benchmark/testcode/BenchmarkTest00485.java,BenchmarkTest00485,doPost,72,74,41,41,CollapsibleIfStatements,Basic,org.owasp.benchmark.testcode,These nested if statements could be combined
/Users/dwichers/git/benchmark/src/main/java/org/owasp/benchmark/testcode/BenchmarkTest00486.java,BenchmarkTest00486,doPost,52,52,24,26,UnusedLocalVariable,Unused Code,org.owasp.benchmark.testcode,Avoid unused local variables such as 'bar'.
/Users/dwichers/git/benchmark/src/main/java/org/owasp/benchmark/testcode/BenchmarkTest00486.java,BenchmarkTest00486,doPost,71,73,41,41,CollapsibleIfStatements,Basic,org.owasp.benchmark.testcode,These nested if statements could be combined
/Users/dwichers/git/benchmark/src/main/java/org/owasp/benchmark/testcode/BenchmarkTest00487.java,BenchmarkTest00487,doPost,52,52,24,26,UnusedLocalVariable,Unused Code,org.owasp.benchmark.testcode,Avoid unused local variables such as 'bar'.
/Users/dwichers/git/benchmark/src/main/java/org/owasp/benchmark/testcode/BenchmarkTest00487.java,BenchmarkTest00487,doPost,76,78,41,41,CollapsibleIfStatements,Basic,org.owasp.benchmark.testcode,These nested if statements could be combined
/Users/dwichers/git/benchmark/src/main/java/org/owasp/benchmark/testcode/BenchmarkTest00488.java,BenchmarkTest00488,doPost,52,52,24,26,UnusedLocalVariable,Unused Code,org.owasp.benchmark.testcode,Avoid unused local variables such as 'bar'.
/Users/dwichers/git/benchmark/src/main/java/org/owasp/benchmark/testcode/BenchmarkTest00488.java,BenchmarkTest00488,doPost,81,83,41,41,CollapsibleIfStatements,Basic,org.owasp.benchmark.testcode,These nested if statements could be combined
/Users/dwichers/git/benchmark/src/main/java/org/owasp/benchmark/testcode/BenchmarkTest00489.java,BenchmarkTest00489,doPost,52,52,24,26,UnusedLocalVariable,Unused Code,org.owasp.benchmark.testcode,Avoid unused local variables such as 'bar'.
/Users/dwichers/git/benchmark/src/main/java/org/owasp/benchmark/testcode/BenchmarkTest00489.java,BenchmarkTest00489,doPost,76,78,41,41,CollapsibleIfStatements,Basic,org.owasp.benchmark.testcode,These nested if statements could be combined
/Users/dwichers/git/benchmark/src/main/java/org/owasp/benchmark/testcode/BenchmarkTest00490.java,BenchmarkTest00490,doPost,52,52,24,26,UnusedLocalVariable,Unused Code,org.owasp.benchmark.testcode,Avoid unused local variables such as 'bar'.
/Users/dwichers/git/benchmark/src/main/java/org/owasp/benchmark/testcode/BenchmarkTest00490.java,BenchmarkTest00490,doPost,81,83,41,41,CollapsibleIfStatements,Basic,org.owasp.benchmark.testcode,These nested if statements could be combined
/Users/dwichers/git/benchmark/src/main/java/org/owasp/benchmark/testcode/BenchmarkTest00491.java,BenchmarkTest00491,doPost,52,52,24,26,UnusedLocalVariable,Unused Code,org.owasp.benchmark.testcode,Avoid unused local variables such as 'bar'.
/Users/dwichers/git/benchmark/src/main/java/org/owasp/benchmark/testcode/BenchmarkTest00501.java,BenchmarkTest00501,doPost,52,52,24,26,UnusedLocalVariable,Unused Code,org.owasp.benchmark.testcode,Avoid unused local variables such as 'bar'.
/Users/dwichers/git/benchmark/src/main/java/org/owasp/benchmark/testcode/BenchmarkTest00501.java,BenchmarkTest00501,doPost,87,89,49,49,CollapsibleIfStatements,Basic,org.owasp.benchmark.testcode,These nested if statements could be combined
/Users/dwichers/git/benchmark/src/main/java/org/owasp/benchmark/testcode/BenchmarkTest00502.java,BenchmarkTest00502,doPost,53,53,24,26,UnusedLocalVariable,Unused Code,org.owasp.benchmark.testcode,Avoid unused local variables such as 'bar'.
/Users/dwichers/git/benchmark/src/main/java/org/owasp/benchmark/testcode/BenchmarkTest00502.java,BenchmarkTest00502,doPost,78,80,49,49,CollapsibleIfStatements,Basic,org.owasp.benchmark.testcode,These nested if statements could be combined
/Users/dwichers/git/benchmark/src/main/java/org/owasp/benchmark/testcode/BenchmarkTest00503.java,BenchmarkTest00503,doPost,52,52,24,26,UnusedLocalVariable,Unused Code,org.owasp.benchmark.testcode,Avoid unused local variables such as 'bar'.
/Users/dwichers/git/benchmark/src/main/java/org/owasp/benchmark/testcode/BenchmarkTest00503.java,BenchmarkTest00503,doPost,83,85,49,49,CollapsibleIfStatements,Basic,org.owasp.benchmark.testcode,These nested if statements could be combined
/Users/dwichers/git/benchmark/src/main/java/org/owasp/benchmark/testcode/BenchmarkTest00504.java,BenchmarkTest00504,doPost,52,52,24,26,UnusedLocalVariable,Unused Code,org.owasp.benchmark.testcode,Avoid unused local variables such as 'bar'.
/Users/dwichers/git/benchmark/src/main/java/org/owasp/benchmark/testcode/BenchmarkTest00504.java,BenchmarkTest00504,doPost,72,74,49,49,CollapsibleIfStatements,Basic,org.owasp.benchmark.testcode,These nested if statements could be combined
/Users/dwichers/git/benchmark/src/main/java/org/owasp/benchmark/testcode/BenchmarkTest00505.java,BenchmarkTest00505,doPost,52,52,24,26,UnusedLocalVariable,Unused Code,org.owasp.benchmark.testcode,Avoid unused local variables such as 'bar'.
/Users/dwichers/git/benchmark/src/main/java/org/owasp/benchmark/testcode/BenchmarkTest00505.java,BenchmarkTest00505,doPost,77,79,49,49,CollapsibleIfStatements,Basic,org.owasp.benchmark.testcode,These nested if statements could be combined
/Users/dwichers/git/benchmark/src/main/java/org/owasp/benchmark/testcode/BenchmarkTest00506.java,BenchmarkTest00506,doPost,63,63,24,28,UnusedLocalVariable,Unused Code,org.owasp.benchmark.testcode,Avoid unused local variables such as 'f5528'.
/Users/dwichers/git/benchmark/src/main/java/org/owasp/benchmark/testcode/BenchmarkTest00506.java,BenchmarkTest00506,doPost,66,66,24,26,UnusedLocalVariable,Unused Code,org.owasp.benchmark.testcode,Avoid unused local variables such as 'bar'.
/Users/dwichers/git/benchmark/src/main/java/org/owasp/benchmark/testcode/BenchmarkTest00506.java,BenchmarkTest00506,doPost,86,88,49,49,CollapsibleIfStatements,Basic,org.owasp.benchmark.testcode,These nested if statements could be combined
/Users/dwichers/git/benchmark/src/main/java/org/owasp/benchmark/testcode/BenchmarkTest00507.java,BenchmarkTest00507,doPost,52,52,24,26,UnusedLocalVariable,Unused Code,org.owasp.benchmark.testcode,Avoid unused local variables such as 'bar'.
/Users/dwichers/git/benchmark/src/main/java/org/owasp/benchmark/testcode/BenchmarkTest00507.java,BenchmarkTest00507,doPost,73,75,49,49,CollapsibleIfStatements,Basic,org.owasp.benchmark.testcode,These nested if statements could be combined
/Users/dwichers/git/benchmark/src/main/java/org/owasp/benchmark/testcode/BenchmarkTest00518.java,BenchmarkTest00518,doPost,60,60,29,33,UnusedLocalVariable,Unused Code,org.owasp.benchmark.testcode,Avoid unused local variables such as 'count'.
/Users/dwichers/git/benchmark/src/main/java/org/owasp/benchmark/testcode/BenchmarkTest00519.java,BenchmarkTest00519,doPost,65,65,29,33,UnusedLocalVariable,Unused Code,org.owasp.benchmark.testcode,Avoid unused local variables such as 'count'.
/Users/dwichers/git/benchmark/src/main/java/org/owasp/benchmark/testcode/BenchmarkTest00523.java,BenchmarkTest00523,doPost,72,72,24,29,UnusedLocalVariable,Unused Code,org.owasp.benchmark.testcode,Avoid unused local variables such as 'f87760'.
/Users/dwichers/git/benchmark/src/main/java/org/owasp/benchmark/testcode/BenchmarkTest00529.java,BenchmarkTest00529,doPost,86,88,35,33,EmptyCatchBlock,Empty Code,org.owasp.benchmark.testcode,Avoid empty catch blocks
/Users/dwichers/git/benchmark/src/main/java/org/owasp/benchmark/testcode/BenchmarkTest00545.java,BenchmarkTest00545,doPost,72,72,24,29,UnusedLocalVariable,Unused Code,org.owasp.benchmark.testcode,Avoid unused local variables such as 'f80566'.
/Users/dwichers/git/benchmark/src/main/java/org/owasp/benchmark/testcode/BenchmarkTest00548.java,BenchmarkTest00548,doPost,72,72,24,29,UnusedLocalVariable,Unused Code,org.owasp.benchmark.testcode,Avoid unused local variables such as 'f52901'.
/Users/dwichers/git/benchmark/src/main/java/org/owasp/benchmark/testcode/BenchmarkTest00559.java,BenchmarkTest00559,doPost,72,72,24,29,UnusedLocalVariable,Unused Code,org.owasp.benchmark.testcode,Avoid unused local variables such as 'f39502'.
/Users/dwichers/git/benchmark/src/main/java/org/owasp/benchmark/testcode/BenchmarkTest00560.java,BenchmarkTest00560,doPost,61,61,24,26,UnusedLocalVariable,Unused Code,org.owasp.benchmark.testcode,Avoid unused local variables such as 'bar'.
/Users/dwichers/git/benchmark/src/main/java/org/owasp/benchmark/testcode/BenchmarkTest00560.java,BenchmarkTest00560,doPost,86,88,41,41,CollapsibleIfStatements,Basic,org.owasp.benchmark.testcode,These nested if statements could be combined
/Users/dwichers/git/benchmark/src/main/java/org/owasp/benchmark/testcode/BenchmarkTest00561.java,BenchmarkTest00561,doPost,61,61,24,26,UnusedLocalVariable,Unused Code,org.owasp.benchmark.testcode,Avoid unused local variables such as 'bar'.
/Users/dwichers/git/benchmark/src/main/java/org/owasp/benchmark/testcode/BenchmarkTest00561.java,BenchmarkTest00561,doPost,90,92,41,41,CollapsibleIfStatements,Basic,org.owasp.benchmark.testcode,These nested if statements could be combined
/Users/dwichers/git/benchmark/src/main/java/org/owasp/benchmark/testcode/BenchmarkTest00562.java,BenchmarkTest00562,doPost,61,61,24,26,UnusedLocalVariable,Unused Code,org.owasp.benchmark.testcode,Avoid unused local variables such as 'bar'.
/Users/dwichers/git/benchmark/src/main/java/org/owasp/benchmark/testcode/BenchmarkTest00562.java,BenchmarkTest00562,doPost,99,101,41,41,CollapsibleIfStatements,Basic,org.owasp.benchmark.testcode,These nested if statements could be combined
/Users/dwichers/git/benchmark/src/main/java/org/owasp/benchmark/testcode/BenchmarkTest00563.java,BenchmarkTest00563,doPost,61,61,24,26,UnusedLocalVariable,Unused Code,org.owasp.benchmark.testcode,Avoid unused local variables such as 'bar'.
/Users/dwichers/git/benchmark/src/main/java/org/owasp/benchmark/testcode/BenchmarkTest00563.java,BenchmarkTest00563,doPost,80,82,41,41,CollapsibleIfStatements,Basic,org.owasp.benchmark.testcode,These nested if statements could be combined
/Users/dwichers/git/benchmark/src/main/java/org/owasp/benchmark/testcode/BenchmarkTest00564.java,BenchmarkTest00564,doPost,62,62,24,26,UnusedLocalVariable,Unused Code,org.owasp.benchmark.testcode,Avoid unused local variables such as 'bar'.
/Users/dwichers/git/benchmark/src/main/java/org/owasp/benchmark/testcode/BenchmarkTest00564.java,BenchmarkTest00564,doPost,81,83,41,41,CollapsibleIfStatements,Basic,org.owasp.benchmark.testcode,These nested if statements could be combined
/Users/dwichers/git/benchmark/src/main/java/org/owasp/benchmark/testcode/BenchmarkTest00565.java,BenchmarkTest00565,doPost,61,61,24,26,UnusedLocalVariable,Unused Code,org.owasp.benchmark.testcode,Avoid unused local variables such as 'bar'.
/Users/dwichers/git/benchmark/src/main/java/org/owasp/benchmark/testcode/BenchmarkTest00566.java,BenchmarkTest00566,doPost,62,62,24,26,UnusedLocalVariable,Unused Code,org.owasp.benchmark.testcode,Avoid unused local variables such as 'bar'.
/Users/dwichers/git/benchmark/src/main/java/org/owasp/benchmark/testcode/BenchmarkTest00569.java,BenchmarkTest00569,doPost,72,72,24,28,UnusedLocalVariable,Unused Code,org.owasp.benchmark.testcode,Avoid unused local variables such as 'f6821'.
/Users/dwichers/git/benchmark/src/main/java/org/owasp/benchmark/testcode/BenchmarkTest00577.java,BenchmarkTest00577,doPost,61,61,24,26,UnusedLocalVariable,Unused Code,org.owasp.benchmark.testcode,Avoid unused local variables such as 'bar'.
/Users/dwichers/git/benchmark/src/main/java/org/owasp/benchmark/testcode/BenchmarkTest00577.java,BenchmarkTest00577,doPost,92,94,49,49,CollapsibleIfStatements,Basic,org.owasp.benchmark.testcode,These nested if statements could be combined
/Users/dwichers/git/benchmark/src/main/java/org/owasp/benchmark/testcode/BenchmarkTest00578.java,BenchmarkTest00578,doPost,62,62,24,26,UnusedLocalVariable,Unused Code,org.owasp.benchmark.testcode,Avoid unused local variables such as 'bar'.
/Users/dwichers/git/benchmark/src/main/java/org/owasp/benchmark/testcode/BenchmarkTest00578.java,BenchmarkTest00578,doPost,87,89,49,49,CollapsibleIfStatements,Basic,org.owasp.benchmark.testcode,These nested if statements could be combined
/Users/dwichers/git/benchmark/src/main/java/org/owasp/benchmark/testcode/BenchmarkTest00579.java,BenchmarkTest00579,doPost,61,61,24,26,UnusedLocalVariable,Unused Code,org.owasp.benchmark.testcode,Avoid unused local variables such as 'bar'.
/Users/dwichers/git/benchmark/src/main/java/org/owasp/benchmark/testcode/BenchmarkTest00579.java,BenchmarkTest00579,doPost,92,94,49,49,CollapsibleIfStatements,Basic,org.owasp.benchmark.testcode,These nested if statements could be combined
/Users/dwichers/git/benchmark/src/main/java/org/owasp/benchmark/testcode/BenchmarkTest00580.java,BenchmarkTest00580,doPost,61,61,24,26,UnusedLocalVariable,Unused Code,org.owasp.benchmark.testcode,Avoid unused local variables such as 'bar'.
/Users/dwichers/git/benchmark/src/main/java/org/owasp/benchmark/testcode/BenchmarkTest00580.java,BenchmarkTest00580,doPost,86,88,49,49,CollapsibleIfStatements,Basic,org.owasp.benchmark.testcode,These nested if statements could be combined
/Users/dwichers/git/benchmark/src/main/java/org/owasp/benchmark/testcode/BenchmarkTest00581.java,BenchmarkTest00581,doPost,61,61,24,26,UnusedLocalVariable,Unused Code,org.owasp.benchmark.testcode,Avoid unused local variables such as 'bar'.
/Users/dwichers/git/benchmark/src/main/java/org/owasp/benchmark/testcode/BenchmarkTest00581.java,BenchmarkTest00581,doPost,82,84,49,49,CollapsibleIfStatements,Basic,org.owasp.benchmark.testcode,These nested if statements could be combined
/Users/dwichers/git/benchmark/src/main/java/org/owasp/benchmark/testcode/BenchmarkTest00582.java,BenchmarkTest00582,doPost,61,61,24,26,UnusedLocalVariable,Unused Code,org.owasp.benchmark.testcode,Avoid unused local variables such as 'bar'.
/Users/dwichers/git/benchmark/src/main/java/org/owasp/benchmark/testcode/BenchmarkTest00582.java,BenchmarkTest00582,doPost,89,91,49,49,CollapsibleIfStatements,Basic,org.owasp.benchmark.testcode,These nested if statements could be combined
/Users/dwichers/git/benchmark/src/main/java/org/owasp/benchmark/testcode/BenchmarkTest00583.java,BenchmarkTest00583,doPost,61,61,24,26,UnusedLocalVariable,Unused Code,org.owasp.benchmark.testcode,Avoid unused local variables such as 'bar'.
/Users/dwichers/git/benchmark/src/main/java/org/owasp/benchmark/testcode/BenchmarkTest00583.java,BenchmarkTest00583,doPost,86,88,49,49,CollapsibleIfStatements,Basic,org.owasp.benchmark.testcode,These nested if statements could be combined
/Users/dwichers/git/benchmark/src/main/java/org/owasp/benchmark/testcode/BenchmarkTest00584.java,BenchmarkTest00584,doPost,61,61,24,26,UnusedLocalVariable,Unused Code,org.owasp.benchmark.testcode,Avoid unused local variables such as 'bar'.
/Users/dwichers/git/benchmark/src/main/java/org/owasp/benchmark/testcode/BenchmarkTest00584.java,BenchmarkTest00584,doPost,88,90,49,49,CollapsibleIfStatements,Basic,org.owasp.benchmark.testcode,These nested if statements could be combined
/Users/dwichers/git/benchmark/src/main/java/org/owasp/benchmark/testcode/BenchmarkTest00585.java,BenchmarkTest00585,doPost,62,62,24,26,UnusedLocalVariable,Unused Code,org.owasp.benchmark.testcode,Avoid unused local variables such as 'bar'.
/Users/dwichers/git/benchmark/src/main/java/org/owasp/benchmark/testcode/BenchmarkTest00585.java,BenchmarkTest00585,doPost,82,84,49,49,CollapsibleIfStatements,Basic,org.owasp.benchmark.testcode,These nested if statements could be combined
/Users/dwichers/git/benchmark/src/main/java/org/owasp/benchmark/testcode/BenchmarkTest00592.java,BenchmarkTest00592,doPost,72,72,24,29,UnusedLocalVariable,Unused Code,org.owasp.benchmark.testcode,Avoid unused local variables such as 'f36502'.
/Users/dwichers/git/benchmark/src/main/java/org/owasp/benchmark/testcode/BenchmarkTest00599.java,BenchmarkTest00599,doPost,72,72,24,29,UnusedLocalVariable,Unused Code,org.owasp.benchmark.testcode,Avoid unused local variables such as 'f99467'.
/Users/dwichers/git/benchmark/src/main/java/org/owasp/benchmark/testcode/BenchmarkTest00605.java,BenchmarkTest00605,doPost,74,74,29,33,UnusedLocalVariable,Unused Code,org.owasp.benchmark.testcode,Avoid unused local variables such as 'count'.
/Users/dwichers/git/benchmark/src/main/java/org/owasp/benchmark/testcode/BenchmarkTest00606.java,BenchmarkTest00606,doPost,74,74,29,33,UnusedLocalVariable,Unused Code,org.owasp.benchmark.testcode,Avoid unused local variables such as 'count'.
/Users/dwichers/git/benchmark/src/main/java/org/owasp/benchmark/testcode/BenchmarkTest00610.java,BenchmarkTest00610,doPost,59,59,24,29,UnusedLocalVariable,Unused Code,org.owasp.benchmark.testcode,Avoid unused local variables such as 'f51289'.
/Users/dwichers/git/benchmark/src/main/java/org/owasp/benchmark/testcode/BenchmarkTest00621.java,BenchmarkTest00621,doPost,59,59,24,29,UnusedLocalVariable,Unused Code,org.owasp.benchmark.testcode,Avoid unused local variables such as 'f28566'.
/Users/dwichers/git/benchmark/src/main/java/org/owasp/benchmark/testcode/BenchmarkTest00624.java,BenchmarkTest00624,doPost,71,73,35,33,EmptyCatchBlock,Empty Code,org.owasp.benchmark.testcode,Avoid empty catch blocks
/Users/dwichers/git/benchmark/src/main/java/org/owasp/benchmark/testcode/BenchmarkTest00625.java,BenchmarkTest00625,doPost,76,78,35,33,EmptyCatchBlock,Empty Code,org.owasp.benchmark.testcode,Avoid empty catch blocks
/Users/dwichers/git/benchmark/src/main/java/org/owasp/benchmark/testcode/BenchmarkTest00626.java,BenchmarkTest00626,doPost,80,82,35,33,EmptyCatchBlock,Empty Code,org.owasp.benchmark.testcode,Avoid empty catch blocks
/Users/dwichers/git/benchmark/src/main/java/org/owasp/benchmark/testcode/BenchmarkTest00627.java,BenchmarkTest00627,doPost,74,76,35,33,EmptyCatchBlock,Empty Code,org.owasp.benchmark.testcode,Avoid empty catch blocks
/Users/dwichers/git/benchmark/src/main/java/org/owasp/benchmark/testcode/BenchmarkTest00628.java,BenchmarkTest00628,doPost,59,59,24,29,UnusedLocalVariable,Unused Code,org.owasp.benchmark.testcode,Avoid unused local variables such as 'f24315'.
/Users/dwichers/git/benchmark/src/main/java/org/owasp/benchmark/testcode/BenchmarkTest00628.java,BenchmarkTest00628,doPost,84,86,35,33,EmptyCatchBlock,Empty Code,org.owasp.benchmark.testcode,Avoid empty catch blocks
/Users/dwichers/git/benchmark/src/main/java/org/owasp/benchmark/testcode/BenchmarkTest00629.java,BenchmarkTest00629,doPost,83,85,19,17,EmptyCatchBlock,Empty Code,org.owasp.benchmark.testcode,Avoid empty catch blocks
/Users/dwichers/git/benchmark/src/main/java/org/owasp/benchmark/testcode/BenchmarkTest00650.java,BenchmarkTest00650,doPost,59,59,24,29,UnusedLocalVariable,Unused Code,org.owasp.benchmark.testcode,Avoid unused local variables such as 'f17321'.
/Users/dwichers/git/benchmark/src/main/java/org/owasp/benchmark/testcode/BenchmarkTest00652.java,BenchmarkTest00652,doPost,49,49,24,26,UnusedLocalVariable,Unused Code,org.owasp.benchmark.testcode,Avoid unused local variables such as 'bar'.
/Users/dwichers/git/benchmark/src/main/java/org/owasp/benchmark/testcode/BenchmarkTest00652.java,BenchmarkTest00652,doPost,69,71,41,41,CollapsibleIfStatements,Basic,org.owasp.benchmark.testcode,These nested if statements could be combined
/Users/dwichers/git/benchmark/src/main/java/org/owasp/benchmark/testcode/BenchmarkTest00653.java,BenchmarkTest00653,doPost,48,48,24,26,UnusedLocalVariable,Unused Code,org.owasp.benchmark.testcode,Avoid unused local variables such as 'bar'.
/Users/dwichers/git/benchmark/src/main/java/org/owasp/benchmark/testcode/BenchmarkTest00653.java,BenchmarkTest00653,doPost,73,75,41,41,CollapsibleIfStatements,Basic,org.owasp.benchmark.testcode,These nested if statements could be combined
/Users/dwichers/git/benchmark/src/main/java/org/owasp/benchmark/testcode/BenchmarkTest00654.java,BenchmarkTest00654,doPost,48,48,24,26,UnusedLocalVariable,Unused Code,org.owasp.benchmark.testcode,Avoid unused local variables such as 'bar'.
/Users/dwichers/git/benchmark/src/main/java/org/owasp/benchmark/testcode/BenchmarkTest00654.java,BenchmarkTest00654,doPost,77,79,41,41,CollapsibleIfStatements,Basic,org.owasp.benchmark.testcode,These nested if statements could be combined
/Users/dwichers/git/benchmark/src/main/java/org/owasp/benchmark/testcode/BenchmarkTest00655.java,BenchmarkTest00655,doPost,48,48,24,26,UnusedLocalVariable,Unused Code,org.owasp.benchmark.testcode,Avoid unused local variables such as 'bar'.
/Users/dwichers/git/benchmark/src/main/java/org/owasp/benchmark/testcode/BenchmarkTest00660.java,BenchmarkTest00660,doPost,48,48,24,26,UnusedLocalVariable,Unused Code,org.owasp.benchmark.testcode,Avoid unused local variables such as 'bar'.
/Users/dwichers/git/benchmark/src/main/java/org/owasp/benchmark/testcode/BenchmarkTest00660.java,BenchmarkTest00660,doPost,70,72,49,49,CollapsibleIfStatements,Basic,org.owasp.benchmark.testcode,These nested if statements could be combined
/Users/dwichers/git/benchmark/src/main/java/org/owasp/benchmark/testcode/BenchmarkTest00661.java,BenchmarkTest00661,doPost,48,48,24,26,UnusedLocalVariable,Unused Code,org.owasp.benchmark.testcode,Avoid unused local variables such as 'bar'.
/Users/dwichers/git/benchmark/src/main/java/org/owasp/benchmark/testcode/BenchmarkTest00661.java,BenchmarkTest00661,doPost,73,75,49,49,CollapsibleIfStatements,Basic,org.owasp.benchmark.testcode,These nested if statements could be combined
/Users/dwichers/git/benchmark/src/main/java/org/owasp/benchmark/testcode/BenchmarkTest00662.java,BenchmarkTest00662,doPost,48,48,24,26,UnusedLocalVariable,Unused Code,org.owasp.benchmark.testcode,Avoid unused local variables such as 'bar'.
/Users/dwichers/git/benchmark/src/main/java/org/owasp/benchmark/testcode/BenchmarkTest00662.java,BenchmarkTest00662,doPost,73,75,49,49,CollapsibleIfStatements,Basic,org.owasp.benchmark.testcode,These nested if statements could be combined
/Users/dwichers/git/benchmark/src/main/java/org/owasp/benchmark/testcode/BenchmarkTest00663.java,BenchmarkTest00663,doPost,48,48,24,26,UnusedLocalVariable,Unused Code,org.owasp.benchmark.testcode,Avoid unused local variables such as 'bar'.
/Users/dwichers/git/benchmark/src/main/java/org/owasp/benchmark/testcode/BenchmarkTest00663.java,BenchmarkTest00663,doPost,74,76,49,49,CollapsibleIfStatements,Basic,org.owasp.benchmark.testcode,These nested if statements could be combined
/Users/dwichers/git/benchmark/src/main/java/org/owasp/benchmark/testcode/BenchmarkTest00664.java,BenchmarkTest00664,doPost,59,59,24,29,UnusedLocalVariable,Unused Code,org.owasp.benchmark.testcode,Avoid unused local variables such as 'f87833'.
/Users/dwichers/git/benchmark/src/main/java/org/owasp/benchmark/testcode/BenchmarkTest00664.java,BenchmarkTest00664,doPost,62,62,24,26,UnusedLocalVariable,Unused Code,org.owasp.benchmark.testcode,Avoid unused local variables such as 'bar'.
/Users/dwichers/git/benchmark/src/main/java/org/owasp/benchmark/testcode/BenchmarkTest00664.java,BenchmarkTest00664,doPost,82,84,49,49,CollapsibleIfStatements,Basic,org.owasp.benchmark.testcode,These nested if statements could be combined
/Users/dwichers/git/benchmark/src/main/java/org/owasp/benchmark/testcode/BenchmarkTest00665.java,BenchmarkTest00665,doPost,48,48,24,26,UnusedLocalVariable,Unused Code,org.owasp.benchmark.testcode,Avoid unused local variables such as 'bar'.
/Users/dwichers/git/benchmark/src/main/java/org/owasp/benchmark/testcode/BenchmarkTest00665.java,BenchmarkTest00665,doPost,74,76,49,49,CollapsibleIfStatements,Basic,org.owasp.benchmark.testcode,These nested if statements could be combined
/Users/dwichers/git/benchmark/src/main/java/org/owasp/benchmark/testcode/BenchmarkTest00666.java,BenchmarkTest00666,doPost,48,48,24,26,UnusedLocalVariable,Unused Code,org.owasp.benchmark.testcode,Avoid unused local variables such as 'bar'.
/Users/dwichers/git/benchmark/src/main/java/org/owasp/benchmark/testcode/BenchmarkTest00666.java,BenchmarkTest00666,doPost,72,74,49,49,CollapsibleIfStatements,Basic,org.owasp.benchmark.testcode,These nested if statements could be combined
/Users/dwichers/git/benchmark/src/main/java/org/owasp/benchmark/testcode/BenchmarkTest00667.java,BenchmarkTest00667,doPost,48,48,24,26,UnusedLocalVariable,Unused Code,org.owasp.benchmark.testcode,Avoid unused local variables such as 'bar'.
/Users/dwichers/git/benchmark/src/main/java/org/owasp/benchmark/testcode/BenchmarkTest00667.java,BenchmarkTest00667,doPost,74,76,49,49,CollapsibleIfStatements,Basic,org.owasp.benchmark.testcode,These nested if statements could be combined
/Users/dwichers/git/benchmark/src/main/java/org/owasp/benchmark/testcode/BenchmarkTest00674.java,BenchmarkTest00674,doPost,59,59,24,29,UnusedLocalVariable,Unused Code,org.owasp.benchmark.testcode,Avoid unused local variables such as 'f55926'.
/Users/dwichers/git/benchmark/src/main/java/org/owasp/benchmark/testcode/BenchmarkTest00682.java,BenchmarkTest00682,doPost,74,74,29,33,UnusedLocalVariable,Unused Code,org.owasp.benchmark.testcode,Avoid unused local variables such as 'count'.
/Users/dwichers/git/benchmark/src/main/java/org/owasp/benchmark/testcode/BenchmarkTest00689.java,BenchmarkTest00689,doPost,61,61,24,29,UnusedLocalVariable,Unused Code,org.owasp.benchmark.testcode,Avoid unused local variables such as 'f98281'.
/Users/dwichers/git/benchmark/src/main/java/org/owasp/benchmark/testcode/BenchmarkTest00700.java,BenchmarkTest00700,doPost,76,78,35,33,EmptyCatchBlock,Empty Code,org.owasp.benchmark.testcode,Avoid empty catch blocks
/Users/dwichers/git/benchmark/src/main/java/org/owasp/benchmark/testcode/BenchmarkTest00701.java,BenchmarkTest00701,doPost,61,61,24,29,UnusedLocalVariable,Unused Code,org.owasp.benchmark.testcode,Avoid unused local variables such as 'f85232'.
/Users/dwichers/git/benchmark/src/main/java/org/owasp/benchmark/testcode/BenchmarkTest00702.java,BenchmarkTest00702,doPost,50,50,24,26,UnusedLocalVariable,Unused Code,org.owasp.benchmark.testcode,Avoid unused local variables such as 'bar'.
/Users/dwichers/git/benchmark/src/main/java/org/owasp/benchmark/testcode/BenchmarkTest00702.java,BenchmarkTest00702,doPost,73,75,41,41,CollapsibleIfStatements,Basic,org.owasp.benchmark.testcode,These nested if statements could be combined
/Users/dwichers/git/benchmark/src/main/java/org/owasp/benchmark/testcode/BenchmarkTest00717.java,BenchmarkTest00717,doPost,61,61,24,29,UnusedLocalVariable,Unused Code,org.owasp.benchmark.testcode,Avoid unused local variables such as 'f59129'.
/Users/dwichers/git/benchmark/src/main/java/org/owasp/benchmark/testcode/BenchmarkTest00733.java,BenchmarkTest00733,doPost,51,51,24,26,UnusedLocalVariable,Unused Code,org.owasp.benchmark.testcode,Avoid unused local variables such as 'bar'.
/Users/dwichers/git/benchmark/src/main/java/org/owasp/benchmark/testcode/BenchmarkTest00733.java,BenchmarkTest00733,doPost,70,72,41,41,CollapsibleIfStatements,Basic,org.owasp.benchmark.testcode,These nested if statements could be combined
/Users/dwichers/git/benchmark/src/main/java/org/owasp/benchmark/testcode/BenchmarkTest00734.java,BenchmarkTest00734,doPost,50,50,24,26,UnusedLocalVariable,Unused Code,org.owasp.benchmark.testcode,Avoid unused local variables such as 'bar'.
/Users/dwichers/git/benchmark/src/main/java/org/owasp/benchmark/testcode/BenchmarkTest00734.java,BenchmarkTest00734,doPost,88,90,41,41,CollapsibleIfStatements,Basic,org.owasp.benchmark.testcode,These nested if statements could be combined
/Users/dwichers/git/benchmark/src/main/java/org/owasp/benchmark/testcode/BenchmarkTest00735.java,BenchmarkTest00735,doPost,50,50,24,26,UnusedLocalVariable,Unused Code,org.owasp.benchmark.testcode,Avoid unused local variables such as 'bar'.
/Users/dwichers/git/benchmark/src/main/java/org/owasp/benchmark/testcode/BenchmarkTest00735.java,BenchmarkTest00735,doPost,79,81,41,41,CollapsibleIfStatements,Basic,org.owasp.benchmark.testcode,These nested if statements could be combined
/Users/dwichers/git/benchmark/src/main/java/org/owasp/benchmark/testcode/BenchmarkTest00736.java,BenchmarkTest00736,doPost,50,50,24,26,UnusedLocalVariable,Unused Code,org.owasp.benchmark.testcode,Avoid unused local variables such as 'bar'.
/Users/dwichers/git/benchmark/src/main/java/org/owasp/benchmark/testcode/BenchmarkTest00744.java,BenchmarkTest00744,doPost,50,50,24,26,UnusedLocalVariable,Unused Code,org.owasp.benchmark.testcode,Avoid unused local variables such as 'bar'.
/Users/dwichers/git/benchmark/src/main/java/org/owasp/benchmark/testcode/BenchmarkTest00744.java,BenchmarkTest00744,doPost,85,87,49,49,CollapsibleIfStatements,Basic,org.owasp.benchmark.testcode,These nested if statements could be combined
/Users/dwichers/git/benchmark/src/main/java/org/owasp/benchmark/testcode/BenchmarkTest00745.java,BenchmarkTest00745,doPost,50,50,24,26,UnusedLocalVariable,Unused Code,org.owasp.benchmark.testcode,Avoid unused local variables such as 'bar'.
/Users/dwichers/git/benchmark/src/main/java/org/owasp/benchmark/testcode/BenchmarkTest00745.java,BenchmarkTest00745,doPost,75,77,49,49,CollapsibleIfStatements,Basic,org.owasp.benchmark.testcode,These nested if statements could be combined
/Users/dwichers/git/benchmark/src/main/java/org/owasp/benchmark/testcode/BenchmarkTest00746.java,BenchmarkTest00746,doPost,50,50,24,26,UnusedLocalVariable,Unused Code,org.owasp.benchmark.testcode,Avoid unused local variables such as 'bar'.
/Users/dwichers/git/benchmark/src/main/java/org/owasp/benchmark/testcode/BenchmarkTest00746.java,BenchmarkTest00746,doPost,94,96,49,49,CollapsibleIfStatements,Basic,org.owasp.benchmark.testcode,These nested if statements could be combined
/Users/dwichers/git/benchmark/src/main/java/org/owasp/benchmark/testcode/BenchmarkTest00747.java,BenchmarkTest00747,doPost,50,50,24,26,UnusedLocalVariable,Unused Code,org.owasp.benchmark.testcode,Avoid unused local variables such as 'bar'.
/Users/dwichers/git/benchmark/src/main/java/org/owasp/benchmark/testcode/BenchmarkTest00747.java,BenchmarkTest00747,doPost,75,77,49,49,CollapsibleIfStatements,Basic,org.owasp.benchmark.testcode,These nested if statements could be combined
/Users/dwichers/git/benchmark/src/main/java/org/owasp/benchmark/testcode/BenchmarkTest00748.java,BenchmarkTest00748,doPost,61,61,24,29,UnusedLocalVariable,Unused Code,org.owasp.benchmark.testcode,Avoid unused local variables such as 'f43085'.
/Users/dwichers/git/benchmark/src/main/java/org/owasp/benchmark/testcode/BenchmarkTest00748.java,BenchmarkTest00748,doPost,64,64,24,26,UnusedLocalVariable,Unused Code,org.owasp.benchmark.testcode,Avoid unused local variables such as 'bar'.
/Users/dwichers/git/benchmark/src/main/java/org/owasp/benchmark/testcode/BenchmarkTest00748.java,BenchmarkTest00748,doPost,89,91,49,49,CollapsibleIfStatements,Basic,org.owasp.benchmark.testcode,These nested if statements could be combined
/Users/dwichers/git/benchmark/src/main/java/org/owasp/benchmark/testcode/BenchmarkTest00749.java,BenchmarkTest00749,doPost,51,51,24,26,UnusedLocalVariable,Unused Code,org.owasp.benchmark.testcode,Avoid unused local variables such as 'bar'.
/Users/dwichers/git/benchmark/src/main/java/org/owasp/benchmark/testcode/BenchmarkTest00749.java,BenchmarkTest00749,doPost,73,75,49,49,CollapsibleIfStatements,Basic,org.owasp.benchmark.testcode,These nested if statements could be combined
/Users/dwichers/git/benchmark/src/main/java/org/owasp/benchmark/testcode/BenchmarkTest00750.java,BenchmarkTest00750,doPost,50,50,24,26,UnusedLocalVariable,Unused Code,org.owasp.benchmark.testcode,Avoid unused local variables such as 'bar'.
/Users/dwichers/git/benchmark/src/main/java/org/owasp/benchmark/testcode/BenchmarkTest00750.java,BenchmarkTest00750,doPost,75,77,49,49,CollapsibleIfStatements,Basic,org.owasp.benchmark.testcode,These nested if statements could be combined
/Users/dwichers/git/benchmark/src/main/java/org/owasp/benchmark/testcode/BenchmarkTest00751.java,BenchmarkTest00751,doPost,50,50,24,26,UnusedLocalVariable,Unused Code,org.owasp.benchmark.testcode,Avoid unused local variables such as 'bar'.
/Users/dwichers/git/benchmark/src/main/java/org/owasp/benchmark/testcode/BenchmarkTest00751.java,BenchmarkTest00751,doPost,77,79,49,49,CollapsibleIfStatements,Basic,org.owasp.benchmark.testcode,These nested if statements could be combined
/Users/dwichers/git/benchmark/src/main/java/org/owasp/benchmark/testcode/BenchmarkTest00752.java,BenchmarkTest00752,doPost,50,50,24,26,UnusedLocalVariable,Unused Code,org.owasp.benchmark.testcode,Avoid unused local variables such as 'bar'.
/Users/dwichers/git/benchmark/src/main/java/org/owasp/benchmark/testcode/BenchmarkTest00752.java,BenchmarkTest00752,doPost,89,91,49,49,CollapsibleIfStatements,Basic,org.owasp.benchmark.testcode,These nested if statements could be combined
/Users/dwichers/git/benchmark/src/main/java/org/owasp/benchmark/testcode/BenchmarkTest00753.java,BenchmarkTest00753,doPost,51,51,24,26,UnusedLocalVariable,Unused Code,org.owasp.benchmark.testcode,Avoid unused local variables such as 'bar'.
/Users/dwichers/git/benchmark/src/main/java/org/owasp/benchmark/testcode/BenchmarkTest00753.java,BenchmarkTest00753,doPost,71,73,49,49,CollapsibleIfStatements,Basic,org.owasp.benchmark.testcode,These nested if statements could be combined
/Users/dwichers/git/benchmark/src/main/java/org/owasp/benchmark/testcode/BenchmarkTest00773.java,BenchmarkTest00773,doPost,67,67,29,33,UnusedLocalVariable,Unused Code,org.owasp.benchmark.testcode,Avoid unused local variables such as 'count'.
/Users/dwichers/git/benchmark/src/main/java/org/owasp/benchmark/testcode/BenchmarkTest00774.java,BenchmarkTest00774,doPost,76,76,29,33,UnusedLocalVariable,Unused Code,org.owasp.benchmark.testcode,Avoid unused local variables such as 'count'.
/Users/dwichers/git/benchmark/src/main/java/org/owasp/benchmark/testcode/BenchmarkTest00783.java,BenchmarkTest00783,doPost,94,96,19,17,EmptyCatchBlock,Empty Code,org.owasp.benchmark.testcode,Avoid empty catch blocks
/Users/dwichers/git/benchmark/src/main/java/org/owasp/benchmark/testcode/BenchmarkTest00784.java,BenchmarkTest00784,doPost,105,107,35,33,EmptyCatchBlock,Empty Code,org.owasp.benchmark.testcode,Avoid empty catch blocks
/Users/dwichers/git/benchmark/src/main/java/org/owasp/benchmark/testcode/BenchmarkTest00785.java,BenchmarkTest00785,doPost,88,90,35,33,EmptyCatchBlock,Empty Code,org.owasp.benchmark.testcode,Avoid empty catch blocks
/Users/dwichers/git/benchmark/src/main/java/org/owasp/benchmark/testcode/BenchmarkTest00786.java,BenchmarkTest00786,doPost,89,91,35,33,EmptyCatchBlock,Empty Code,org.owasp.benchmark.testcode,Avoid empty catch blocks
/Users/dwichers/git/benchmark/src/main/java/org/owasp/benchmark/testcode/BenchmarkTest00787.java,BenchmarkTest00787,doPost,87,89,35,33,EmptyCatchBlock,Empty Code,org.owasp.benchmark.testcode,Avoid empty catch blocks
/Users/dwichers/git/benchmark/src/main/java/org/owasp/benchmark/testcode/BenchmarkTest00788.java,BenchmarkTest00788,doPost,84,86,35,33,EmptyCatchBlock,Empty Code,org.owasp.benchmark.testcode,Avoid empty catch blocks
/Users/dwichers/git/benchmark/src/main/java/org/owasp/benchmark/testcode/BenchmarkTest00817.java,BenchmarkTest00817,doPost,74,74,24,26,UnusedLocalVariable,Unused Code,org.owasp.benchmark.testcode,Avoid unused local variables such as 'bar'.
/Users/dwichers/git/benchmark/src/main/java/org/owasp/benchmark/testcode/BenchmarkTest00817.java,BenchmarkTest00817,doPost,93,95,41,41,CollapsibleIfStatements,Basic,org.owasp.benchmark.testcode,These nested if statements could be combined
/Users/dwichers/git/benchmark/src/main/java/org/owasp/benchmark/testcode/BenchmarkTest00818.java,BenchmarkTest00818,doPost,61,61,24,26,UnusedLocalVariable,Unused Code,org.owasp.benchmark.testcode,Avoid unused local variables such as 'bar'.
/Users/dwichers/git/benchmark/src/main/java/org/owasp/benchmark/testcode/BenchmarkTest00818.java,BenchmarkTest00818,doPost,83,85,41,41,CollapsibleIfStatements,Basic,org.owasp.benchmark.testcode,These nested if statements could be combined
/Users/dwichers/git/benchmark/src/main/java/org/owasp/benchmark/testcode/BenchmarkTest00819.java,BenchmarkTest00819,doPost,61,61,24,26,UnusedLocalVariable,Unused Code,org.owasp.benchmark.testcode,Avoid unused local variables such as 'bar'.
/Users/dwichers/git/benchmark/src/main/java/org/owasp/benchmark/testcode/BenchmarkTest00819.java,BenchmarkTest00819,doPost,86,88,41,41,CollapsibleIfStatements,Basic,org.owasp.benchmark.testcode,These nested if statements could be combined
/Users/dwichers/git/benchmark/src/main/java/org/owasp/benchmark/testcode/BenchmarkTest00820.java,BenchmarkTest00820,doPost,61,61,24,26,UnusedLocalVariable,Unused Code,org.owasp.benchmark.testcode,Avoid unused local variables such as 'bar'.
/Users/dwichers/git/benchmark/src/main/java/org/owasp/benchmark/testcode/BenchmarkTest00821.java,BenchmarkTest00821,doPost,61,61,24,26,UnusedLocalVariable,Unused Code,org.owasp.benchmark.testcode,Avoid unused local variables such as 'bar'.
/Users/dwichers/git/benchmark/src/main/java/org/owasp/benchmark/testcode/BenchmarkTest00828.java,BenchmarkTest00828,doPost,61,61,24,26,UnusedLocalVariable,Unused Code,org.owasp.benchmark.testcode,Avoid unused local variables such as 'bar'.
/Users/dwichers/git/benchmark/src/main/java/org/owasp/benchmark/testcode/BenchmarkTest00828.java,BenchmarkTest00828,doPost,89,91,49,49,CollapsibleIfStatements,Basic,org.owasp.benchmark.testcode,These nested if statements could be combined
/Users/dwichers/git/benchmark/src/main/java/org/owasp/benchmark/testcode/BenchmarkTest00829.java,BenchmarkTest00829,doPost,61,61,24,26,UnusedLocalVariable,Unused Code,org.owasp.benchmark.testcode,Avoid unused local variables such as 'bar'.
/Users/dwichers/git/benchmark/src/main/java/org/owasp/benchmark/testcode/BenchmarkTest00829.java,BenchmarkTest00829,doPost,105,107,49,49,CollapsibleIfStatements,Basic,org.owasp.benchmark.testcode,These nested if statements could be combined
/Users/dwichers/git/benchmark/src/main/java/org/owasp/benchmark/testcode/BenchmarkTest00830.java,BenchmarkTest00830,doPost,61,61,24,26,UnusedLocalVariable,Unused Code,org.owasp.benchmark.testcode,Avoid unused local variables such as 'bar'.
/Users/dwichers/git/benchmark/src/main/java/org/owasp/benchmark/testcode/BenchmarkTest00830.java,BenchmarkTest00830,doPost,87,89,49,49,CollapsibleIfStatements,Basic,org.owasp.benchmark.testcode,These nested if statements could be combined
/Users/dwichers/git/benchmark/src/main/java/org/owasp/benchmark/testcode/BenchmarkTest00831.java,BenchmarkTest00831,doPost,72,72,24,29,UnusedLocalVariable,Unused Code,org.owasp.benchmark.testcode,Avoid unused local variables such as 'f97193'.
/Users/dwichers/git/benchmark/src/main/java/org/owasp/benchmark/testcode/BenchmarkTest00831.java,BenchmarkTest00831,doPost,75,75,24,26,UnusedLocalVariable,Unused Code,org.owasp.benchmark.testcode,Avoid unused local variables such as 'bar'.
/Users/dwichers/git/benchmark/src/main/java/org/owasp/benchmark/testcode/BenchmarkTest00831.java,BenchmarkTest00831,doPost,95,97,49,49,CollapsibleIfStatements,Basic,org.owasp.benchmark.testcode,These nested if statements could be combined
/Users/dwichers/git/benchmark/src/main/java/org/owasp/benchmark/testcode/BenchmarkTest00832.java,BenchmarkTest00832,doPost,61,61,24,26,UnusedLocalVariable,Unused Code,org.owasp.benchmark.testcode,Avoid unused local variables such as 'bar'.
/Users/dwichers/git/benchmark/src/main/java/org/owasp/benchmark/testcode/BenchmarkTest00832.java,BenchmarkTest00832,doPost,81,83,49,49,CollapsibleIfStatements,Basic,org.owasp.benchmark.testcode,These nested if statements could be combined
/Users/dwichers/git/benchmark/src/main/java/org/owasp/benchmark/testcode/BenchmarkTest00851.java,BenchmarkTest00851,doPost,74,74,29,33,UnusedLocalVariable,Unused Code,org.owasp.benchmark.testcode,Avoid unused local variables such as 'count'.
/Users/dwichers/git/benchmark/src/main/java/org/owasp/benchmark/testcode/BenchmarkTest00866.java,BenchmarkTest00866,doPost,70,72,35,33,EmptyCatchBlock,Empty Code,org.owasp.benchmark.testcode,Avoid empty catch blocks
/Users/dwichers/git/benchmark/src/main/java/org/owasp/benchmark/testcode/BenchmarkTest00867.java,BenchmarkTest00867,doPost,86,88,19,17,EmptyCatchBlock,Empty Code,org.owasp.benchmark.testcode,Avoid empty catch blocks
/Users/dwichers/git/benchmark/src/main/java/org/owasp/benchmark/testcode/BenchmarkTest00898.java,BenchmarkTest00898,doPost,47,47,24,26,UnusedLocalVariable,Unused Code,org.owasp.benchmark.testcode,Avoid unused local variables such as 'bar'.
/Users/dwichers/git/benchmark/src/main/java/org/owasp/benchmark/testcode/BenchmarkTest00898.java,BenchmarkTest00898,doPost,71,73,41,41,CollapsibleIfStatements,Basic,org.owasp.benchmark.testcode,These nested if statements could be combined
/Users/dwichers/git/benchmark/src/main/java/org/owasp/benchmark/testcode/BenchmarkTest00899.java,BenchmarkTest00899,doPost,47,47,24,26,UnusedLocalVariable,Unused Code,org.owasp.benchmark.testcode,Avoid unused local variables such as 'bar'.
/Users/dwichers/git/benchmark/src/main/java/org/owasp/benchmark/testcode/BenchmarkTest00899.java,BenchmarkTest00899,doPost,85,87,41,41,CollapsibleIfStatements,Basic,org.owasp.benchmark.testcode,These nested if statements could be combined
/Users/dwichers/git/benchmark/src/main/java/org/owasp/benchmark/testcode/BenchmarkTest00900.java,BenchmarkTest00900,doPost,47,47,24,26,UnusedLocalVariable,Unused Code,org.owasp.benchmark.testcode,Avoid unused local variables such as 'bar'.
/Users/dwichers/git/benchmark/src/main/java/org/owasp/benchmark/testcode/BenchmarkTest00900.java,BenchmarkTest00900,doPost,85,87,41,41,CollapsibleIfStatements,Basic,org.owasp.benchmark.testcode,These nested if statements could be combined
/Users/dwichers/git/benchmark/src/main/java/org/owasp/benchmark/testcode/BenchmarkTest00901.java,BenchmarkTest00901,doPost,47,47,24,26,UnusedLocalVariable,Unused Code,org.owasp.benchmark.testcode,Avoid unused local variables such as 'bar'.
/Users/dwichers/git/benchmark/src/main/java/org/owasp/benchmark/testcode/BenchmarkTest00901.java,BenchmarkTest00901,doPost,85,87,41,41,CollapsibleIfStatements,Basic,org.owasp.benchmark.testcode,These nested if statements could be combined
/Users/dwichers/git/benchmark/src/main/java/org/owasp/benchmark/testcode/BenchmarkTest00902.java,BenchmarkTest00902,doPost,47,47,24,26,UnusedLocalVariable,Unused Code,org.owasp.benchmark.testcode,Avoid unused local variables such as 'bar'.
/Users/dwichers/git/benchmark/src/main/java/org/owasp/benchmark/testcode/BenchmarkTest00902.java,BenchmarkTest00902,doPost,71,73,41,41,CollapsibleIfStatements,Basic,org.owasp.benchmark.testcode,These nested if statements could be combined
/Users/dwichers/git/benchmark/src/main/java/org/owasp/benchmark/testcode/BenchmarkTest00903.java,BenchmarkTest00903,doPost,47,47,24,26,UnusedLocalVariable,Unused Code,org.owasp.benchmark.testcode,Avoid unused local variables such as 'bar'.
/Users/dwichers/git/benchmark/src/main/java/org/owasp/benchmark/testcode/BenchmarkTest00904.java,BenchmarkTest00904,doPost,47,47,24,26,UnusedLocalVariable,Unused Code,org.owasp.benchmark.testcode,Avoid unused local variables such as 'bar'.
/Users/dwichers/git/benchmark/src/main/java/org/owasp/benchmark/testcode/BenchmarkTest00911.java,BenchmarkTest00911,doPost,48,48,24,26,UnusedLocalVariable,Unused Code,org.owasp.benchmark.testcode,Avoid unused local variables such as 'bar'.
/Users/dwichers/git/benchmark/src/main/java/org/owasp/benchmark/testcode/BenchmarkTest00911.java,BenchmarkTest00911,doPost,73,75,49,49,CollapsibleIfStatements,Basic,org.owasp.benchmark.testcode,These nested if statements could be combined
/Users/dwichers/git/benchmark/src/main/java/org/owasp/benchmark/testcode/BenchmarkTest00912.java,BenchmarkTest00912,doPost,47,47,24,26,UnusedLocalVariable,Unused Code,org.owasp.benchmark.testcode,Avoid unused local variables such as 'bar'.
/Users/dwichers/git/benchmark/src/main/java/org/owasp/benchmark/testcode/BenchmarkTest00912.java,BenchmarkTest00912,doPost,78,80,49,49,CollapsibleIfStatements,Basic,org.owasp.benchmark.testcode,These nested if statements could be combined
/Users/dwichers/git/benchmark/src/main/java/org/owasp/benchmark/testcode/BenchmarkTest00913.java,BenchmarkTest00913,doPost,47,47,24,26,UnusedLocalVariable,Unused Code,org.owasp.benchmark.testcode,Avoid unused local variables such as 'bar'.
/Users/dwichers/git/benchmark/src/main/java/org/owasp/benchmark/testcode/BenchmarkTest00913.java,BenchmarkTest00913,doPost,91,93,49,49,CollapsibleIfStatements,Basic,org.owasp.benchmark.testcode,These nested if statements could be combined
/Users/dwichers/git/benchmark/src/main/java/org/owasp/benchmark/testcode/BenchmarkTest00914.java,BenchmarkTest00914,doPost,47,47,24,26,UnusedLocalVariable,Unused Code,org.owasp.benchmark.testcode,Avoid unused local variables such as 'bar'.
/Users/dwichers/git/benchmark/src/main/java/org/owasp/benchmark/testcode/BenchmarkTest00914.java,BenchmarkTest00914,doPost,72,74,49,49,CollapsibleIfStatements,Basic,org.owasp.benchmark.testcode,These nested if statements could be combined
/Users/dwichers/git/benchmark/src/main/java/org/owasp/benchmark/testcode/BenchmarkTest00915.java,BenchmarkTest00915,doPost,47,47,24,26,UnusedLocalVariable,Unused Code,org.owasp.benchmark.testcode,Avoid unused local variables such as 'bar'.
/Users/dwichers/git/benchmark/src/main/java/org/owasp/benchmark/testcode/BenchmarkTest00915.java,BenchmarkTest00915,doPost,69,71,49,49,CollapsibleIfStatements,Basic,org.owasp.benchmark.testcode,These nested if statements could be combined
/Users/dwichers/git/benchmark/src/main/java/org/owasp/benchmark/testcode/BenchmarkTest00916.java,BenchmarkTest00916,doPost,47,47,24,26,UnusedLocalVariable,Unused Code,org.owasp.benchmark.testcode,Avoid unused local variables such as 'bar'.
/Users/dwichers/git/benchmark/src/main/java/org/owasp/benchmark/testcode/BenchmarkTest00916.java,BenchmarkTest00916,doPost,71,73,49,49,CollapsibleIfStatements,Basic,org.owasp.benchmark.testcode,These nested if statements could be combined
/Users/dwichers/git/benchmark/src/main/java/org/owasp/benchmark/testcode/BenchmarkTest00917.java,BenchmarkTest00917,doPost,47,47,24,26,UnusedLocalVariable,Unused Code,org.owasp.benchmark.testcode,Avoid unused local variables such as 'bar'.
/Users/dwichers/git/benchmark/src/main/java/org/owasp/benchmark/testcode/BenchmarkTest00917.java,BenchmarkTest00917,doPost,78,80,49,49,CollapsibleIfStatements,Basic,org.owasp.benchmark.testcode,These nested if statements could be combined
/Users/dwichers/git/benchmark/src/main/java/org/owasp/benchmark/testcode/BenchmarkTest00918.java,BenchmarkTest00918,doPost,47,47,24,26,UnusedLocalVariable,Unused Code,org.owasp.benchmark.testcode,Avoid unused local variables such as 'bar'.
/Users/dwichers/git/benchmark/src/main/java/org/owasp/benchmark/testcode/BenchmarkTest00918.java,BenchmarkTest00918,doPost,78,80,49,49,CollapsibleIfStatements,Basic,org.owasp.benchmark.testcode,These nested if statements could be combined
/Users/dwichers/git/benchmark/src/main/java/org/owasp/benchmark/testcode/BenchmarkTest00919.java,BenchmarkTest00919,doPost,47,47,24,26,UnusedLocalVariable,Unused Code,org.owasp.benchmark.testcode,Avoid unused local variables such as 'bar'.
/Users/dwichers/git/benchmark/src/main/java/org/owasp/benchmark/testcode/BenchmarkTest00919.java,BenchmarkTest00919,doPost,67,69,49,49,CollapsibleIfStatements,Basic,org.owasp.benchmark.testcode,These nested if statements could be combined
/Users/dwichers/git/benchmark/src/main/java/org/owasp/benchmark/testcode/BenchmarkTest00920.java,BenchmarkTest00920,doPost,47,47,24,26,UnusedLocalVariable,Unused Code,org.owasp.benchmark.testcode,Avoid unused local variables such as 'bar'.
/Users/dwichers/git/benchmark/src/main/java/org/owasp/benchmark/testcode/BenchmarkTest00920.java,BenchmarkTest00920,doPost,67,69,49,49,CollapsibleIfStatements,Basic,org.owasp.benchmark.testcode,These nested if statements could be combined
/Users/dwichers/git/benchmark/src/main/java/org/owasp/benchmark/testcode/BenchmarkTest00921.java,BenchmarkTest00921,doPost,47,47,24,26,UnusedLocalVariable,Unused Code,org.owasp.benchmark.testcode,Avoid unused local variables such as 'bar'.
/Users/dwichers/git/benchmark/src/main/java/org/owasp/benchmark/testcode/BenchmarkTest00921.java,BenchmarkTest00921,doPost,73,75,49,49,CollapsibleIfStatements,Basic,org.owasp.benchmark.testcode,These nested if statements could be combined
/Users/dwichers/git/benchmark/src/main/java/org/owasp/benchmark/testcode/BenchmarkTest00939.java,BenchmarkTest00939,doPost,73,73,29,33,UnusedLocalVariable,Unused Code,org.owasp.benchmark.testcode,Avoid unused local variables such as 'count'.
/Users/dwichers/git/benchmark/src/main/java/org/owasp/benchmark/testcode/BenchmarkTest00940.java,BenchmarkTest00940,doPost,64,64,29,33,UnusedLocalVariable,Unused Code,org.owasp.benchmark.testcode,Avoid unused local variables such as 'count'.
/Users/dwichers/git/benchmark/src/main/java/org/owasp/benchmark/testcode/BenchmarkTest00953.java,BenchmarkTest00953,doPost,85,87,35,33,EmptyCatchBlock,Empty Code,org.owasp.benchmark.testcode,Avoid empty catch blocks
/Users/dwichers/git/benchmark/src/main/java/org/owasp/benchmark/testcode/BenchmarkTest00954.java,BenchmarkTest00954,doPost,85,87,35,33,EmptyCatchBlock,Empty Code,org.owasp.benchmark.testcode,Avoid empty catch blocks
/Users/dwichers/git/benchmark/src/main/java/org/owasp/benchmark/testcode/BenchmarkTest00955.java,BenchmarkTest00955,doPost,85,87,35,33,EmptyCatchBlock,Empty Code,org.owasp.benchmark.testcode,Avoid empty catch blocks
/Users/dwichers/git/benchmark/src/main/java/org/owasp/benchmark/testcode/BenchmarkTest00956.java,BenchmarkTest00956,doPost,85,87,35,33,EmptyCatchBlock,Empty Code,org.owasp.benchmark.testcode,Avoid empty catch blocks
/Users/dwichers/git/benchmark/src/main/java/org/owasp/benchmark/testcode/BenchmarkTest00957.java,BenchmarkTest00957,doPost,83,85,19,17,EmptyCatchBlock,Empty Code,org.owasp.benchmark.testcode,Avoid empty catch blocks
/Users/dwichers/git/benchmark/src/main/java/org/owasp/benchmark/testcode/BenchmarkTest00958.java,BenchmarkTest00958,doPost,83,85,19,17,EmptyCatchBlock,Empty Code,org.owasp.benchmark.testcode,Avoid empty catch blocks
/Users/dwichers/git/benchmark/src/main/java/org/owasp/benchmark/testcode/BenchmarkTest00960.java,BenchmarkTest00960,doPost,55,55,24,26,UnusedLocalVariable,Unused Code,org.owasp.benchmark.testcode,Avoid unused local variables such as 'bar'.
/Users/dwichers/git/benchmark/src/main/java/org/owasp/benchmark/testcode/BenchmarkTest00960.java,BenchmarkTest00960,doPost,73,75,41,41,CollapsibleIfStatements,Basic,org.owasp.benchmark.testcode,These nested if statements could be combined
/Users/dwichers/git/benchmark/src/main/java/org/owasp/benchmark/testcode/BenchmarkTest00969.java,BenchmarkTest00969$Test,doSomething,96,96,24,29,UnusedLocalVariable,Unused Code,org.owasp.benchmark.testcode,Avoid unused local variables such as 'f10263'.
/Users/dwichers/git/benchmark/src/main/java/org/owasp/benchmark/testcode/BenchmarkTest00971.java,BenchmarkTest00971,doPost,55,55,24,26,UnusedLocalVariable,Unused Code,org.owasp.benchmark.testcode,Avoid unused local variables such as 'bar'.
/Users/dwichers/git/benchmark/src/main/java/org/owasp/benchmark/testcode/BenchmarkTest00971.java,BenchmarkTest00971,doPost,73,75,41,41,CollapsibleIfStatements,Basic,org.owasp.benchmark.testcode,These nested if statements could be combined
/Users/dwichers/git/benchmark/src/main/java/org/owasp/benchmark/testcode/BenchmarkTest00972.java,BenchmarkTest00972,doPost,55,55,24,26,UnusedLocalVariable,Unused Code,org.owasp.benchmark.testcode,Avoid unused local variables such as 'bar'.
/Users/dwichers/git/benchmark/src/main/java/org/owasp/benchmark/testcode/BenchmarkTest00972.java,BenchmarkTest00972,doPost,73,75,41,41,CollapsibleIfStatements,Basic,org.owasp.benchmark.testcode,These nested if statements could be combined
/Users/dwichers/git/benchmark/src/main/java/org/owasp/benchmark/testcode/BenchmarkTest00973.java,BenchmarkTest00973,doPost,55,55,24,26,UnusedLocalVariable,Unused Code,org.owasp.benchmark.testcode,Avoid unused local variables such as 'bar'.
/Users/dwichers/git/benchmark/src/main/java/org/owasp/benchmark/testcode/BenchmarkTest00973.java,BenchmarkTest00973,doPost,73,75,41,41,CollapsibleIfStatements,Basic,org.owasp.benchmark.testcode,These nested if statements could be combined
/Users/dwichers/git/benchmark/src/main/java/org/owasp/benchmark/testcode/BenchmarkTest00974.java,BenchmarkTest00974,doPost,55,55,24,26,UnusedLocalVariable,Unused Code,org.owasp.benchmark.testcode,Avoid unused local variables such as 'bar'.
/Users/dwichers/git/benchmark/src/main/java/org/owasp/benchmark/testcode/BenchmarkTest00974.java,BenchmarkTest00974,doPost,73,75,41,41,CollapsibleIfStatements,Basic,org.owasp.benchmark.testcode,These nested if statements could be combined
/Users/dwichers/git/benchmark/src/main/java/org/owasp/benchmark/testcode/BenchmarkTest00975.java,BenchmarkTest00975,doPost,55,55,24,26,UnusedLocalVariable,Unused Code,org.owasp.benchmark.testcode,Avoid unused local variables such as 'bar'.
/Users/dwichers/git/benchmark/src/main/java/org/owasp/benchmark/testcode/BenchmarkTest00975.java,BenchmarkTest00975,doPost,73,75,41,41,CollapsibleIfStatements,Basic,org.owasp.benchmark.testcode,These nested if statements could be combined
/Users/dwichers/git/benchmark/src/main/java/org/owasp/benchmark/testcode/BenchmarkTest00976.java,BenchmarkTest00976,doPost,55,55,24,26,UnusedLocalVariable,Unused Code,org.owasp.benchmark.testcode,Avoid unused local variables such as 'bar'.
/Users/dwichers/git/benchmark/src/main/java/org/owasp/benchmark/testcode/BenchmarkTest00976.java,BenchmarkTest00976,doPost,73,75,41,41,CollapsibleIfStatements,Basic,org.owasp.benchmark.testcode,These nested if statements could be combined
/Users/dwichers/git/benchmark/src/main/java/org/owasp/benchmark/testcode/BenchmarkTest00977.java,BenchmarkTest00977,doPost,55,55,24,26,UnusedLocalVariable,Unused Code,org.owasp.benchmark.testcode,Avoid unused local variables such as 'bar'.
/Users/dwichers/git/benchmark/src/main/java/org/owasp/benchmark/testcode/BenchmarkTest00978.java,BenchmarkTest00978$Test,doSomething,102,102,24,29,UnusedLocalVariable,Unused Code,org.owasp.benchmark.testcode,Avoid unused local variables such as 'f60830'.
/Users/dwichers/git/benchmark/src/main/java/org/owasp/benchmark/testcode/BenchmarkTest00984.java,BenchmarkTest00984,doPost,55,55,24,26,UnusedLocalVariable,Unused Code,org.owasp.benchmark.testcode,Avoid unused local variables such as 'bar'.
/Users/dwichers/git/benchmark/src/main/java/org/owasp/benchmark/testcode/BenchmarkTest00984.java,BenchmarkTest00984,doPost,76,78,49,49,CollapsibleIfStatements,Basic,org.owasp.benchmark.testcode,These nested if statements could be combined
/Users/dwichers/git/benchmark/src/main/java/org/owasp/benchmark/testcode/BenchmarkTest00984.java,BenchmarkTest00984$Test,doSomething,132,132,24,29,UnusedLocalVariable,Unused Code,org.owasp.benchmark.testcode,Avoid unused local variables such as 'f50427'.
/Users/dwichers/git/benchmark/src/main/java/org/owasp/benchmark/testcode/BenchmarkTest00985.java,BenchmarkTest00985,doPost,55,55,24,26,UnusedLocalVariable,Unused Code,org.owasp.benchmark.testcode,Avoid unused local variables such as 'bar'.
/Users/dwichers/git/benchmark/src/main/java/org/owasp/benchmark/testcode/BenchmarkTest00985.java,BenchmarkTest00985,doPost,76,78,49,49,CollapsibleIfStatements,Basic,org.owasp.benchmark.testcode,These nested if statements could be combined
/Users/dwichers/git/benchmark/src/main/java/org/owasp/benchmark/testcode/BenchmarkTest00986.java,BenchmarkTest00986,doPost,55,55,24,26,UnusedLocalVariable,Unused Code,org.owasp.benchmark.testcode,Avoid unused local variables such as 'bar'.
/Users/dwichers/git/benchmark/src/main/java/org/owasp/benchmark/testcode/BenchmarkTest00986.java,BenchmarkTest00986,doPost,76,78,49,49,CollapsibleIfStatements,Basic,org.owasp.benchmark.testcode,These nested if statements could be combined
/Users/dwichers/git/benchmark/src/main/java/org/owasp/benchmark/testcode/BenchmarkTest00987.java,BenchmarkTest00987,doPost,55,55,24,26,UnusedLocalVariable,Unused Code,org.owasp.benchmark.testcode,Avoid unused local variables such as 'bar'.
/Users/dwichers/git/benchmark/src/main/java/org/owasp/benchmark/testcode/BenchmarkTest00987.java,BenchmarkTest00987,doPost,74,76,49,49,CollapsibleIfStatements,Basic,org.owasp.benchmark.testcode,These nested if statements could be combined
/Users/dwichers/git/benchmark/src/main/java/org/owasp/benchmark/testcode/BenchmarkTest00988.java,BenchmarkTest00988,doPost,55,55,24,26,UnusedLocalVariable,Unused Code,org.owasp.benchmark.testcode,Avoid unused local variables such as 'bar'.
/Users/dwichers/git/benchmark/src/main/java/org/owasp/benchmark/testcode/BenchmarkTest00988.java,BenchmarkTest00988,doPost,74,76,49,49,CollapsibleIfStatements,Basic,org.owasp.benchmark.testcode,These nested if statements could be combined
/Users/dwichers/git/benchmark/src/main/java/org/owasp/benchmark/testcode/BenchmarkTest00989.java,BenchmarkTest00989,doPost,55,55,24,26,UnusedLocalVariable,Unused Code,org.owasp.benchmark.testcode,Avoid unused local variables such as 'bar'.
/Users/dwichers/git/benchmark/src/main/java/org/owasp/benchmark/testcode/BenchmarkTest00989.java,BenchmarkTest00989,doPost,74,76,49,49,CollapsibleIfStatements,Basic,org.owasp.benchmark.testcode,These nested if statements could be combined
/Users/dwichers/git/benchmark/src/main/java/org/owasp/benchmark/testcode/BenchmarkTest00990.java,BenchmarkTest00990,doPost,55,55,24,26,UnusedLocalVariable,Unused Code,org.owasp.benchmark.testcode,Avoid unused local variables such as 'bar'.
/Users/dwichers/git/benchmark/src/main/java/org/owasp/benchmark/testcode/BenchmarkTest00990.java,BenchmarkTest00990,doPost,74,76,49,49,CollapsibleIfStatements,Basic,org.owasp.benchmark.testcode,These nested if statements could be combined
/Users/dwichers/git/benchmark/src/main/java/org/owasp/benchmark/testcode/BenchmarkTest01017.java,BenchmarkTest01017$Test,doSomething,161,161,24,29,UnusedLocalVariable,Unused Code,org.owasp.benchmark.testcode,Avoid unused local variables such as 'f27056'.
/Users/dwichers/git/benchmark/src/main/java/org/owasp/benchmark/testcode/BenchmarkTest01026.java,BenchmarkTest01026$Test,doSomething,82,82,24,29,UnusedLocalVariable,Unused Code,org.owasp.benchmark.testcode,Avoid unused local variables such as 'f11433'.
/Users/dwichers/git/benchmark/src/main/java/org/owasp/benchmark/testcode/BenchmarkTest01031.java,BenchmarkTest01031,doPost,75,77,35,33,EmptyCatchBlock,Empty Code,org.owasp.benchmark.testcode,Avoid empty catch blocks
/Users/dwichers/git/benchmark/src/main/java/org/owasp/benchmark/testcode/BenchmarkTest01032.java,BenchmarkTest01032,doPost,72,74,35,33,EmptyCatchBlock,Empty Code,org.owasp.benchmark.testcode,Avoid empty catch blocks
/Users/dwichers/git/benchmark/src/main/java/org/owasp/benchmark/testcode/BenchmarkTest01033.java,BenchmarkTest01033,doPost,72,74,35,33,EmptyCatchBlock,Empty Code,org.owasp.benchmark.testcode,Avoid empty catch blocks
/Users/dwichers/git/benchmark/src/main/java/org/owasp/benchmark/testcode/BenchmarkTest01034.java,BenchmarkTest01034,doPost,72,74,35,33,EmptyCatchBlock,Empty Code,org.owasp.benchmark.testcode,Avoid empty catch blocks
/Users/dwichers/git/benchmark/src/main/java/org/owasp/benchmark/testcode/BenchmarkTest01035.java,BenchmarkTest01035,doPost,72,74,35,33,EmptyCatchBlock,Empty Code,org.owasp.benchmark.testcode,Avoid empty catch blocks
/Users/dwichers/git/benchmark/src/main/java/org/owasp/benchmark/testcode/BenchmarkTest01036.java,BenchmarkTest01036,doPost,79,81,19,17,EmptyCatchBlock,Empty Code,org.owasp.benchmark.testcode,Avoid empty catch blocks
/Users/dwichers/git/benchmark/src/main/java/org/owasp/benchmark/testcode/BenchmarkTest01058.java,BenchmarkTest01058,doPost,51,51,24,26,UnusedLocalVariable,Unused Code,org.owasp.benchmark.testcode,Avoid unused local variables such as 'bar'.
/Users/dwichers/git/benchmark/src/main/java/org/owasp/benchmark/testcode/BenchmarkTest01058.java,BenchmarkTest01058,doPost,70,72,41,41,CollapsibleIfStatements,Basic,org.owasp.benchmark.testcode,These nested if statements could be combined
/Users/dwichers/git/benchmark/src/main/java/org/owasp/benchmark/testcode/BenchmarkTest01059.java,BenchmarkTest01059,doPost,51,51,24,26,UnusedLocalVariable,Unused Code,org.owasp.benchmark.testcode,Avoid unused local variables such as 'bar'.
/Users/dwichers/git/benchmark/src/main/java/org/owasp/benchmark/testcode/BenchmarkTest01059.java,BenchmarkTest01059,doPost,69,71,41,41,CollapsibleIfStatements,Basic,org.owasp.benchmark.testcode,These nested if statements could be combined
/Users/dwichers/git/benchmark/src/main/java/org/owasp/benchmark/testcode/BenchmarkTest01060.java,BenchmarkTest01060,doPost,51,51,24,26,UnusedLocalVariable,Unused Code,org.owasp.benchmark.testcode,Avoid unused local variables such as 'bar'.
/Users/dwichers/git/benchmark/src/main/java/org/owasp/benchmark/testcode/BenchmarkTest01060.java,BenchmarkTest01060,doPost,69,71,41,41,CollapsibleIfStatements,Basic,org.owasp.benchmark.testcode,These nested if statements could be combined
/Users/dwichers/git/benchmark/src/main/java/org/owasp/benchmark/testcode/BenchmarkTest01061.java,BenchmarkTest01061,doPost,51,51,24,26,UnusedLocalVariable,Unused Code,org.owasp.benchmark.testcode,Avoid unused local variables such as 'bar'.
/Users/dwichers/git/benchmark/src/main/java/org/owasp/benchmark/testcode/BenchmarkTest01062.java,BenchmarkTest01062,doPost,51,51,24,26,UnusedLocalVariable,Unused Code,org.owasp.benchmark.testcode,Avoid unused local variables such as 'bar'.
/Users/dwichers/git/benchmark/src/main/java/org/owasp/benchmark/testcode/BenchmarkTest01069.java,BenchmarkTest01069,doPost,51,51,24,26,UnusedLocalVariable,Unused Code,org.owasp.benchmark.testcode,Avoid unused local variables such as 'bar'.
/Users/dwichers/git/benchmark/src/main/java/org/owasp/benchmark/testcode/BenchmarkTest01069.java,BenchmarkTest01069,doPost,75,77,49,49,CollapsibleIfStatements,Basic,org.owasp.benchmark.testcode,These nested if statements could be combined
/Users/dwichers/git/benchmark/src/main/java/org/owasp/benchmark/testcode/BenchmarkTest01070.java,BenchmarkTest01070,doPost,51,51,24,26,UnusedLocalVariable,Unused Code,org.owasp.benchmark.testcode,Avoid unused local variables such as 'bar'.
/Users/dwichers/git/benchmark/src/main/java/org/owasp/benchmark/testcode/BenchmarkTest01070.java,BenchmarkTest01070,doPost,75,77,49,49,CollapsibleIfStatements,Basic,org.owasp.benchmark.testcode,These nested if statements could be combined
/Users/dwichers/git/benchmark/src/main/java/org/owasp/benchmark/testcode/BenchmarkTest01071.java,BenchmarkTest01071,doPost,51,51,24,26,UnusedLocalVariable,Unused Code,org.owasp.benchmark.testcode,Avoid unused local variables such as 'bar'.
/Users/dwichers/git/benchmark/src/main/java/org/owasp/benchmark/testcode/BenchmarkTest01071.java,BenchmarkTest01071,doPost,75,77,49,49,CollapsibleIfStatements,Basic,org.owasp.benchmark.testcode,These nested if statements could be combined
/Users/dwichers/git/benchmark/src/main/java/org/owasp/benchmark/testcode/BenchmarkTest01072.java,BenchmarkTest01072,doPost,51,51,24,26,UnusedLocalVariable,Unused Code,org.owasp.benchmark.testcode,Avoid unused local variables such as 'bar'.
/Users/dwichers/git/benchmark/src/main/java/org/owasp/benchmark/testcode/BenchmarkTest01072.java,BenchmarkTest01072,doPost,72,74,49,49,CollapsibleIfStatements,Basic,org.owasp.benchmark.testcode,These nested if statements could be combined
/Users/dwichers/git/benchmark/src/main/java/org/owasp/benchmark/testcode/BenchmarkTest01073.java,BenchmarkTest01073,doPost,51,51,24,26,UnusedLocalVariable,Unused Code,org.owasp.benchmark.testcode,Avoid unused local variables such as 'bar'.
/Users/dwichers/git/benchmark/src/main/java/org/owasp/benchmark/testcode/BenchmarkTest01073.java,BenchmarkTest01073,doPost,75,77,49,49,CollapsibleIfStatements,Basic,org.owasp.benchmark.testcode,These nested if statements could be combined
/Users/dwichers/git/benchmark/src/main/java/org/owasp/benchmark/testcode/BenchmarkTest01074.java,BenchmarkTest01074,doPost,51,51,24,26,UnusedLocalVariable,Unused Code,org.owasp.benchmark.testcode,Avoid unused local variables such as 'bar'.
/Users/dwichers/git/benchmark/src/main/java/org/owasp/benchmark/testcode/BenchmarkTest01074.java,BenchmarkTest01074,doPost,70,72,49,49,CollapsibleIfStatements,Basic,org.owasp.benchmark.testcode,These nested if statements could be combined
/Users/dwichers/git/benchmark/src/main/java/org/owasp/benchmark/testcode/BenchmarkTest01075.java,BenchmarkTest01075,doPost,51,51,24,26,UnusedLocalVariable,Unused Code,org.owasp.benchmark.testcode,Avoid unused local variables such as 'bar'.
/Users/dwichers/git/benchmark/src/main/java/org/owasp/benchmark/testcode/BenchmarkTest01075.java,BenchmarkTest01075,doPost,70,72,49,49,CollapsibleIfStatements,Basic,org.owasp.benchmark.testcode,These nested if statements could be combined
/Users/dwichers/git/benchmark/src/main/java/org/owasp/benchmark/testcode/BenchmarkTest01076.java,BenchmarkTest01076,doPost,51,51,24,26,UnusedLocalVariable,Unused Code,org.owasp.benchmark.testcode,Avoid unused local variables such as 'bar'.
/Users/dwichers/git/benchmark/src/main/java/org/owasp/benchmark/testcode/BenchmarkTest01076.java,BenchmarkTest01076,doPost,70,72,49,49,CollapsibleIfStatements,Basic,org.owasp.benchmark.testcode,These nested if statements could be combined
/Users/dwichers/git/benchmark/src/main/java/org/owasp/benchmark/testcode/BenchmarkTest01077.java,BenchmarkTest01077,doPost,51,51,24,26,UnusedLocalVariable,Unused Code,org.owasp.benchmark.testcode,Avoid unused local variables such as 'bar'.
/Users/dwichers/git/benchmark/src/main/java/org/owasp/benchmark/testcode/BenchmarkTest01077.java,BenchmarkTest01077,doPost,70,72,49,49,CollapsibleIfStatements,Basic,org.owasp.benchmark.testcode,These nested if statements could be combined
/Users/dwichers/git/benchmark/src/main/java/org/owasp/benchmark/testcode/BenchmarkTest01078.java,BenchmarkTest01078,doPost,51,51,24,26,UnusedLocalVariable,Unused Code,org.owasp.benchmark.testcode,Avoid unused local variables such as 'bar'.
/Users/dwichers/git/benchmark/src/main/java/org/owasp/benchmark/testcode/BenchmarkTest01078.java,BenchmarkTest01078,doPost,70,72,49,49,CollapsibleIfStatements,Basic,org.owasp.benchmark.testcode,These nested if statements could be combined
/Users/dwichers/git/benchmark/src/main/java/org/owasp/benchmark/testcode/BenchmarkTest01079.java,BenchmarkTest01079,doPost,51,51,24,26,UnusedLocalVariable,Unused Code,org.owasp.benchmark.testcode,Avoid unused local variables such as 'bar'.
/Users/dwichers/git/benchmark/src/main/java/org/owasp/benchmark/testcode/BenchmarkTest01079.java,BenchmarkTest01079,doPost,70,72,49,49,CollapsibleIfStatements,Basic,org.owasp.benchmark.testcode,These nested if statements could be combined
/Users/dwichers/git/benchmark/src/main/java/org/owasp/benchmark/testcode/BenchmarkTest01096.java,BenchmarkTest01096,doPost,57,57,29,33,UnusedLocalVariable,Unused Code,org.owasp.benchmark.testcode,Avoid unused local variables such as 'count'.
/Users/dwichers/git/benchmark/src/main/java/org/owasp/benchmark/testcode/BenchmarkTest01097.java,BenchmarkTest01097,doPost,57,57,29,33,UnusedLocalVariable,Unused Code,org.owasp.benchmark.testcode,Avoid unused local variables such as 'count'.
/Users/dwichers/git/benchmark/src/main/java/org/owasp/benchmark/testcode/BenchmarkTest01098.java,BenchmarkTest01098,doPost,57,57,29,33,UnusedLocalVariable,Unused Code,org.owasp.benchmark.testcode,Avoid unused local variables such as 'count'.
/Users/dwichers/git/benchmark/src/main/java/org/owasp/benchmark/testcode/BenchmarkTest01109.java,BenchmarkTest01109$Test,doSomething,91,91,24,29,UnusedLocalVariable,Unused Code,org.owasp.benchmark.testcode,Avoid unused local variables such as 'f87030'.
/Users/dwichers/git/benchmark/src/main/java/org/owasp/benchmark/testcode/BenchmarkTest01111.java,BenchmarkTest01111,doPost,84,86,35,33,EmptyCatchBlock,Empty Code,org.owasp.benchmark.testcode,Avoid empty catch blocks
/Users/dwichers/git/benchmark/src/main/java/org/owasp/benchmark/testcode/BenchmarkTest01112.java,BenchmarkTest01112,doPost,84,86,35,33,EmptyCatchBlock,Empty Code,org.owasp.benchmark.testcode,Avoid empty catch blocks
/Users/dwichers/git/benchmark/src/main/java/org/owasp/benchmark/testcode/BenchmarkTest01113.java,BenchmarkTest01113,doPost,81,83,35,33,EmptyCatchBlock,Empty Code,org.owasp.benchmark.testcode,Avoid empty catch blocks
/Users/dwichers/git/benchmark/src/main/java/org/owasp/benchmark/testcode/BenchmarkTest01114.java,BenchmarkTest01114,doPost,81,83,35,33,EmptyCatchBlock,Empty Code,org.owasp.benchmark.testcode,Avoid empty catch blocks
/Users/dwichers/git/benchmark/src/main/java/org/owasp/benchmark/testcode/BenchmarkTest01114.java,BenchmarkTest01114$Test,doSomething,104,104,24,29,UnusedLocalVariable,Unused Code,org.owasp.benchmark.testcode,Avoid unused local variables such as 'f97099'.
/Users/dwichers/git/benchmark/src/main/java/org/owasp/benchmark/testcode/BenchmarkTest01115.java,BenchmarkTest01115,doPost,81,83,35,33,EmptyCatchBlock,Empty Code,org.owasp.benchmark.testcode,Avoid empty catch blocks
/Users/dwichers/git/benchmark/src/main/java/org/owasp/benchmark/testcode/BenchmarkTest01115.java,BenchmarkTest01115$Test,doSomething,104,104,24,29,UnusedLocalVariable,Unused Code,org.owasp.benchmark.testcode,Avoid unused local variables such as 'f43762'.
/Users/dwichers/git/benchmark/src/main/java/org/owasp/benchmark/testcode/BenchmarkTest01116.java,BenchmarkTest01116,doPost,90,92,35,33,EmptyCatchBlock,Empty Code,org.owasp.benchmark.testcode,Avoid empty catch blocks
/Users/dwichers/git/benchmark/src/main/java/org/owasp/benchmark/testcode/BenchmarkTest01117.java,BenchmarkTest01117,doPost,90,92,35,33,EmptyCatchBlock,Empty Code,org.owasp.benchmark.testcode,Avoid empty catch blocks
/Users/dwichers/git/benchmark/src/main/java/org/owasp/benchmark/testcode/BenchmarkTest01118.java,BenchmarkTest01118,doPost,88,90,19,17,EmptyCatchBlock,Empty Code,org.owasp.benchmark.testcode,Avoid empty catch blocks
/Users/dwichers/git/benchmark/src/main/java/org/owasp/benchmark/testcode/BenchmarkTest01119.java,BenchmarkTest01119,doPost,60,60,24,26,UnusedLocalVariable,Unused Code,org.owasp.benchmark.testcode,Avoid unused local variables such as 'bar'.
/Users/dwichers/git/benchmark/src/main/java/org/owasp/benchmark/testcode/BenchmarkTest01119.java,BenchmarkTest01119,doPost,78,80,41,41,CollapsibleIfStatements,Basic,org.owasp.benchmark.testcode,These nested if statements could be combined
/Users/dwichers/git/benchmark/src/main/java/org/owasp/benchmark/testcode/BenchmarkTest01127.java,BenchmarkTest01127,doPost,60,60,24,26,UnusedLocalVariable,Unused Code,org.owasp.benchmark.testcode,Avoid unused local variables such as 'bar'.
/Users/dwichers/git/benchmark/src/main/java/org/owasp/benchmark/testcode/BenchmarkTest01127.java,BenchmarkTest01127,doPost,78,80,41,41,CollapsibleIfStatements,Basic,org.owasp.benchmark.testcode,These nested if statements could be combined
/Users/dwichers/git/benchmark/src/main/java/org/owasp/benchmark/testcode/BenchmarkTest01128.java,BenchmarkTest01128,doPost,60,60,24,26,UnusedLocalVariable,Unused Code,org.owasp.benchmark.testcode,Avoid unused local variables such as 'bar'.
/Users/dwichers/git/benchmark/src/main/java/org/owasp/benchmark/testcode/BenchmarkTest01128.java,BenchmarkTest01128,doPost,78,80,41,41,CollapsibleIfStatements,Basic,org.owasp.benchmark.testcode,These nested if statements could be combined
/Users/dwichers/git/benchmark/src/main/java/org/owasp/benchmark/testcode/BenchmarkTest01129.java,BenchmarkTest01129,doPost,60,60,24,26,UnusedLocalVariable,Unused Code,org.owasp.benchmark.testcode,Avoid unused local variables such as 'bar'.
/Users/dwichers/git/benchmark/src/main/java/org/owasp/benchmark/testcode/BenchmarkTest01129.java,BenchmarkTest01129,doPost,78,80,41,41,CollapsibleIfStatements,Basic,org.owasp.benchmark.testcode,These nested if statements could be combined
/Users/dwichers/git/benchmark/src/main/java/org/owasp/benchmark/testcode/BenchmarkTest01130.java,BenchmarkTest01130,doPost,60,60,24,26,UnusedLocalVariable,Unused Code,org.owasp.benchmark.testcode,Avoid unused local variables such as 'bar'.
/Users/dwichers/git/benchmark/src/main/java/org/owasp/benchmark/testcode/BenchmarkTest01130.java,BenchmarkTest01130,doPost,78,80,41,41,CollapsibleIfStatements,Basic,org.owasp.benchmark.testcode,These nested if statements could be combined
/Users/dwichers/git/benchmark/src/main/java/org/owasp/benchmark/testcode/BenchmarkTest01131.java,BenchmarkTest01131,doPost,60,60,24,26,UnusedLocalVariable,Unused Code,org.owasp.benchmark.testcode,Avoid unused local variables such as 'bar'.
/Users/dwichers/git/benchmark/src/main/java/org/owasp/benchmark/testcode/BenchmarkTest01131.java,BenchmarkTest01131,doPost,78,80,41,41,CollapsibleIfStatements,Basic,org.owasp.benchmark.testcode,These nested if statements could be combined
/Users/dwichers/git/benchmark/src/main/java/org/owasp/benchmark/testcode/BenchmarkTest01132.java,BenchmarkTest01132,doPost,60,60,24,26,UnusedLocalVariable,Unused Code,org.owasp.benchmark.testcode,Avoid unused local variables such as 'bar'.
/Users/dwichers/git/benchmark/src/main/java/org/owasp/benchmark/testcode/BenchmarkTest01132.java,BenchmarkTest01132,doPost,78,80,41,41,CollapsibleIfStatements,Basic,org.owasp.benchmark.testcode,These nested if statements could be combined
/Users/dwichers/git/benchmark/src/main/java/org/owasp/benchmark/testcode/BenchmarkTest01133.java,BenchmarkTest01133,doPost,60,60,24,26,UnusedLocalVariable,Unused Code,org.owasp.benchmark.testcode,Avoid unused local variables such as 'bar'.
/Users/dwichers/git/benchmark/src/main/java/org/owasp/benchmark/testcode/BenchmarkTest01133.java,BenchmarkTest01133,doPost,78,80,41,41,CollapsibleIfStatements,Basic,org.owasp.benchmark.testcode,These nested if statements could be combined
/Users/dwichers/git/benchmark/src/main/java/org/owasp/benchmark/testcode/BenchmarkTest01134.java,BenchmarkTest01134,doPost,60,60,24,26,UnusedLocalVariable,Unused Code,org.owasp.benchmark.testcode,Avoid unused local variables such as 'bar'.
/Users/dwichers/git/benchmark/src/main/java/org/owasp/benchmark/testcode/BenchmarkTest01135.java,BenchmarkTest01135,doPost,60,60,24,26,UnusedLocalVariable,Unused Code,org.owasp.benchmark.testcode,Avoid unused local variables such as 'bar'.
/Users/dwichers/git/benchmark/src/main/java/org/owasp/benchmark/testcode/BenchmarkTest01135.java,BenchmarkTest01135,doPost,84,86,49,49,CollapsibleIfStatements,Basic,org.owasp.benchmark.testcode,These nested if statements could be combined
/Users/dwichers/git/benchmark/src/main/java/org/owasp/benchmark/testcode/BenchmarkTest01136.java,BenchmarkTest01136,doPost,60,60,24,26,UnusedLocalVariable,Unused Code,org.owasp.benchmark.testcode,Avoid unused local variables such as 'bar'.
/Users/dwichers/git/benchmark/src/main/java/org/owasp/benchmark/testcode/BenchmarkTest01136.java,BenchmarkTest01136,doPost,84,86,49,49,CollapsibleIfStatements,Basic,org.owasp.benchmark.testcode,These nested if statements could be combined
/Users/dwichers/git/benchmark/src/main/java/org/owasp/benchmark/testcode/BenchmarkTest01136.java,BenchmarkTest01136$Test,doSomething,135,135,24,29,UnusedLocalVariable,Unused Code,org.owasp.benchmark.testcode,Avoid unused local variables such as 'f58606'.
/Users/dwichers/git/benchmark/src/main/java/org/owasp/benchmark/testcode/BenchmarkTest01137.java,BenchmarkTest01137,doPost,60,60,24,26,UnusedLocalVariable,Unused Code,org.owasp.benchmark.testcode,Avoid unused local variables such as 'bar'.
/Users/dwichers/git/benchmark/src/main/java/org/owasp/benchmark/testcode/BenchmarkTest01137.java,BenchmarkTest01137,doPost,80,82,49,49,CollapsibleIfStatements,Basic,org.owasp.benchmark.testcode,These nested if statements could be combined
/Users/dwichers/git/benchmark/src/main/java/org/owasp/benchmark/testcode/BenchmarkTest01138.java,BenchmarkTest01138,doPost,60,60,24,26,UnusedLocalVariable,Unused Code,org.owasp.benchmark.testcode,Avoid unused local variables such as 'bar'.
/Users/dwichers/git/benchmark/src/main/java/org/owasp/benchmark/testcode/BenchmarkTest01138.java,BenchmarkTest01138,doPost,79,81,49,49,CollapsibleIfStatements,Basic,org.owasp.benchmark.testcode,These nested if statements could be combined
/Users/dwichers/git/benchmark/src/main/java/org/owasp/benchmark/testcode/BenchmarkTest01139.java,BenchmarkTest01139,doPost,60,60,24,26,UnusedLocalVariable,Unused Code,org.owasp.benchmark.testcode,Avoid unused local variables such as 'bar'.
/Users/dwichers/git/benchmark/src/main/java/org/owasp/benchmark/testcode/BenchmarkTest01139.java,BenchmarkTest01139,doPost,79,81,49,49,CollapsibleIfStatements,Basic,org.owasp.benchmark.testcode,These nested if statements could be combined
/Users/dwichers/git/benchmark/src/main/java/org/owasp/benchmark/testcode/BenchmarkTest01140.java,BenchmarkTest01140,doPost,60,60,24,26,UnusedLocalVariable,Unused Code,org.owasp.benchmark.testcode,Avoid unused local variables such as 'bar'.
/Users/dwichers/git/benchmark/src/main/java/org/owasp/benchmark/testcode/BenchmarkTest01140.java,BenchmarkTest01140,doPost,79,81,49,49,CollapsibleIfStatements,Basic,org.owasp.benchmark.testcode,These nested if statements could be combined
/Users/dwichers/git/benchmark/src/main/java/org/owasp/benchmark/testcode/BenchmarkTest01140.java,BenchmarkTest01140$Test,doSomething,129,129,24,29,UnusedLocalVariable,Unused Code,org.owasp.benchmark.testcode,Avoid unused local variables such as 'f25760'.
/Users/dwichers/git/benchmark/src/main/java/org/owasp/benchmark/testcode/BenchmarkTest01141.java,BenchmarkTest01141,doPost,60,60,24,26,UnusedLocalVariable,Unused Code,org.owasp.benchmark.testcode,Avoid unused local variables such as 'bar'.
/Users/dwichers/git/benchmark/src/main/java/org/owasp/benchmark/testcode/BenchmarkTest01141.java,BenchmarkTest01141,doPost,79,81,49,49,CollapsibleIfStatements,Basic,org.owasp.benchmark.testcode,These nested if statements could be combined
/Users/dwichers/git/benchmark/src/main/java/org/owasp/benchmark/testcode/BenchmarkTest01153.java,BenchmarkTest01153$Test,doSomething,163,163,24,28,UnusedLocalVariable,Unused Code,org.owasp.benchmark.testcode,Avoid unused local variables such as 'f2387'.
/Users/dwichers/git/benchmark/src/main/java/org/owasp/benchmark/testcode/BenchmarkTest01158.java,BenchmarkTest01158,doPost,77,79,35,33,EmptyCatchBlock,Empty Code,org.owasp.benchmark.testcode,Avoid empty catch blocks
/Users/dwichers/git/benchmark/src/main/java/org/owasp/benchmark/testcode/BenchmarkTest01159.java,BenchmarkTest01159,doPost,77,79,35,33,EmptyCatchBlock,Empty Code,org.owasp.benchmark.testcode,Avoid empty catch blocks
/Users/dwichers/git/benchmark/src/main/java/org/owasp/benchmark/testcode/BenchmarkTest01159.java,BenchmarkTest01159$Test,doSomething,100,100,24,29,UnusedLocalVariable,Unused Code,org.owasp.benchmark.testcode,Avoid unused local variables such as 'f54259'.
/Users/dwichers/git/benchmark/src/main/java/org/owasp/benchmark/testcode/BenchmarkTest01160.java,BenchmarkTest01160,doPost,74,76,35,33,EmptyCatchBlock,Empty Code,org.owasp.benchmark.testcode,Avoid empty catch blocks
/Users/dwichers/git/benchmark/src/main/java/org/owasp/benchmark/testcode/BenchmarkTest01161.java,BenchmarkTest01161,doPost,74,76,35,33,EmptyCatchBlock,Empty Code,org.owasp.benchmark.testcode,Avoid empty catch blocks
/Users/dwichers/git/benchmark/src/main/java/org/owasp/benchmark/testcode/BenchmarkTest01162.java,BenchmarkTest01162,doPost,53,53,24,26,UnusedLocalVariable,Unused Code,org.owasp.benchmark.testcode,Avoid unused local variables such as 'bar'.
/Users/dwichers/git/benchmark/src/main/java/org/owasp/benchmark/testcode/BenchmarkTest01162.java,BenchmarkTest01162,doPost,71,73,41,41,CollapsibleIfStatements,Basic,org.owasp.benchmark.testcode,These nested if statements could be combined
/Users/dwichers/git/benchmark/src/main/java/org/owasp/benchmark/testcode/BenchmarkTest01163.java,BenchmarkTest01163,doPost,53,53,24,26,UnusedLocalVariable,Unused Code,org.owasp.benchmark.testcode,Avoid unused local variables such as 'bar'.
/Users/dwichers/git/benchmark/src/main/java/org/owasp/benchmark/testcode/BenchmarkTest01163.java,BenchmarkTest01163,doPost,71,73,41,41,CollapsibleIfStatements,Basic,org.owasp.benchmark.testcode,These nested if statements could be combined
/Users/dwichers/git/benchmark/src/main/java/org/owasp/benchmark/testcode/BenchmarkTest01165.java,BenchmarkTest01165$Test,doSomething,112,112,24,29,UnusedLocalVariable,Unused Code,org.owasp.benchmark.testcode,Avoid unused local variables such as 'f91034'.
/Users/dwichers/git/benchmark/src/main/java/org/owasp/benchmark/testcode/BenchmarkTest01183.java,BenchmarkTest01183,doPost,53,53,24,26,UnusedLocalVariable,Unused Code,org.owasp.benchmark.testcode,Avoid unused local variables such as 'bar'.
/Users/dwichers/git/benchmark/src/main/java/org/owasp/benchmark/testcode/BenchmarkTest01183.java,BenchmarkTest01183,doPost,71,73,41,41,CollapsibleIfStatements,Basic,org.owasp.benchmark.testcode,These nested if statements could be combined
/Users/dwichers/git/benchmark/src/main/java/org/owasp/benchmark/testcode/BenchmarkTest01184.java,BenchmarkTest01184,doPost,53,53,24,26,UnusedLocalVariable,Unused Code,org.owasp.benchmark.testcode,Avoid unused local variables such as 'bar'.
/Users/dwichers/git/benchmark/src/main/java/org/owasp/benchmark/testcode/BenchmarkTest01184.java,BenchmarkTest01184,doPost,71,73,41,41,CollapsibleIfStatements,Basic,org.owasp.benchmark.testcode,These nested if statements could be combined
/Users/dwichers/git/benchmark/src/main/java/org/owasp/benchmark/testcode/BenchmarkTest01185.java,BenchmarkTest01185,doPost,53,53,24,26,UnusedLocalVariable,Unused Code,org.owasp.benchmark.testcode,Avoid unused local variables such as 'bar'.
/Users/dwichers/git/benchmark/src/main/java/org/owasp/benchmark/testcode/BenchmarkTest01186.java,BenchmarkTest01186,doPost,53,53,24,26,UnusedLocalVariable,Unused Code,org.owasp.benchmark.testcode,Avoid unused local variables such as 'bar'.
/Users/dwichers/git/benchmark/src/main/java/org/owasp/benchmark/testcode/BenchmarkTest01187.java,BenchmarkTest01187,doPost,53,53,24,26,UnusedLocalVariable,Unused Code,org.owasp.benchmark.testcode,Avoid unused local variables such as 'bar'.
/Users/dwichers/git/benchmark/src/main/java/org/owasp/benchmark/testcode/BenchmarkTest01195.java,BenchmarkTest01195,doPost,53,53,24,26,UnusedLocalVariable,Unused Code,org.owasp.benchmark.testcode,Avoid unused local variables such as 'bar'.
/Users/dwichers/git/benchmark/src/main/java/org/owasp/benchmark/testcode/BenchmarkTest01195.java,BenchmarkTest01195,doPost,73,75,49,49,CollapsibleIfStatements,Basic,org.owasp.benchmark.testcode,These nested if statements could be combined
/Users/dwichers/git/benchmark/src/main/java/org/owasp/benchmark/testcode/BenchmarkTest01196.java,BenchmarkTest01196,doPost,53,53,24,26,UnusedLocalVariable,Unused Code,org.owasp.benchmark.testcode,Avoid unused local variables such as 'bar'.
/Users/dwichers/git/benchmark/src/main/java/org/owasp/benchmark/testcode/BenchmarkTest01196.java,BenchmarkTest01196,doPost,74,76,49,49,CollapsibleIfStatements,Basic,org.owasp.benchmark.testcode,These nested if statements could be combined
/Users/dwichers/git/benchmark/src/main/java/org/owasp/benchmark/testcode/BenchmarkTest01197.java,BenchmarkTest01197,doPost,53,53,24,26,UnusedLocalVariable,Unused Code,org.owasp.benchmark.testcode,Avoid unused local variables such as 'bar'.
/Users/dwichers/git/benchmark/src/main/java/org/owasp/benchmark/testcode/BenchmarkTest01197.java,BenchmarkTest01197,doPost,77,79,49,49,CollapsibleIfStatements,Basic,org.owasp.benchmark.testcode,These nested if statements could be combined
/Users/dwichers/git/benchmark/src/main/java/org/owasp/benchmark/testcode/BenchmarkTest01198.java,BenchmarkTest01198,doPost,53,53,24,26,UnusedLocalVariable,Unused Code,org.owasp.benchmark.testcode,Avoid unused local variables such as 'bar'.
/Users/dwichers/git/benchmark/src/main/java/org/owasp/benchmark/testcode/BenchmarkTest01198.java,BenchmarkTest01198,doPost,73,75,49,49,CollapsibleIfStatements,Basic,org.owasp.benchmark.testcode,These nested if statements could be combined
/Users/dwichers/git/benchmark/src/main/java/org/owasp/benchmark/testcode/BenchmarkTest01199.java,BenchmarkTest01199,doPost,53,53,24,26,UnusedLocalVariable,Unused Code,org.owasp.benchmark.testcode,Avoid unused local variables such as 'bar'.
/Users/dwichers/git/benchmark/src/main/java/org/owasp/benchmark/testcode/BenchmarkTest01199.java,BenchmarkTest01199,doPost,72,74,49,49,CollapsibleIfStatements,Basic,org.owasp.benchmark.testcode,These nested if statements could be combined
/Users/dwichers/git/benchmark/src/main/java/org/owasp/benchmark/testcode/BenchmarkTest01200.java,BenchmarkTest01200,doPost,53,53,24,26,UnusedLocalVariable,Unused Code,org.owasp.benchmark.testcode,Avoid unused local variables such as 'bar'.
/Users/dwichers/git/benchmark/src/main/java/org/owasp/benchmark/testcode/BenchmarkTest01200.java,BenchmarkTest01200,doPost,72,74,49,49,CollapsibleIfStatements,Basic,org.owasp.benchmark.testcode,These nested if statements could be combined
/Users/dwichers/git/benchmark/src/main/java/org/owasp/benchmark/testcode/BenchmarkTest01201.java,BenchmarkTest01201,doPost,53,53,24,26,UnusedLocalVariable,Unused Code,org.owasp.benchmark.testcode,Avoid unused local variables such as 'bar'.
/Users/dwichers/git/benchmark/src/main/java/org/owasp/benchmark/testcode/BenchmarkTest01201.java,BenchmarkTest01201,doPost,72,74,49,49,CollapsibleIfStatements,Basic,org.owasp.benchmark.testcode,These nested if statements could be combined
/Users/dwichers/git/benchmark/src/main/java/org/owasp/benchmark/testcode/BenchmarkTest01202.java,BenchmarkTest01202,doPost,53,53,24,26,UnusedLocalVariable,Unused Code,org.owasp.benchmark.testcode,Avoid unused local variables such as 'bar'.
/Users/dwichers/git/benchmark/src/main/java/org/owasp/benchmark/testcode/BenchmarkTest01202.java,BenchmarkTest01202,doPost,72,74,49,49,CollapsibleIfStatements,Basic,org.owasp.benchmark.testcode,These nested if statements could be combined
/Users/dwichers/git/benchmark/src/main/java/org/owasp/benchmark/testcode/BenchmarkTest01217.java,BenchmarkTest01217$Test,doSomething,89,89,24,29,UnusedLocalVariable,Unused Code,org.owasp.benchmark.testcode,Avoid unused local variables such as 'f89502'.
/Users/dwichers/git/benchmark/src/main/java/org/owasp/benchmark/testcode/BenchmarkTest01220.java,BenchmarkTest01220,doPost,59,59,29,33,UnusedLocalVariable,Unused Code,org.owasp.benchmark.testcode,Avoid unused local variables such as 'count'.
/Users/dwichers/git/benchmark/src/main/java/org/owasp/benchmark/testcode/BenchmarkTest01221.java,BenchmarkTest01221,doPost,59,59,29,33,UnusedLocalVariable,Unused Code,org.owasp.benchmark.testcode,Avoid unused local variables such as 'count'.
/Users/dwichers/git/benchmark/src/main/java/org/owasp/benchmark/testcode/BenchmarkTest01222.java,BenchmarkTest01222,doPost,59,59,29,33,UnusedLocalVariable,Unused Code,org.owasp.benchmark.testcode,Avoid unused local variables such as 'count'.
/Users/dwichers/git/benchmark/src/main/java/org/owasp/benchmark/testcode/BenchmarkTest01238.java,BenchmarkTest01238,doPost,67,69,35,33,EmptyCatchBlock,Empty Code,org.owasp.benchmark.testcode,Avoid empty catch blocks
/Users/dwichers/git/benchmark/src/main/java/org/owasp/benchmark/testcode/BenchmarkTest01239.java,BenchmarkTest01239,doPost,76,78,35,33,EmptyCatchBlock,Empty Code,org.owasp.benchmark.testcode,Avoid empty catch blocks
/Users/dwichers/git/benchmark/src/main/java/org/owasp/benchmark/testcode/BenchmarkTest01240.java,BenchmarkTest01240,doPost,67,69,35,33,EmptyCatchBlock,Empty Code,org.owasp.benchmark.testcode,Avoid empty catch blocks
/Users/dwichers/git/benchmark/src/main/java/org/owasp/benchmark/testcode/BenchmarkTest01271.java,BenchmarkTest01271,doPost,46,46,24,26,UnusedLocalVariable,Unused Code,org.owasp.benchmark.testcode,Avoid unused local variables such as 'bar'.
/Users/dwichers/git/benchmark/src/main/java/org/owasp/benchmark/testcode/BenchmarkTest01271.java,BenchmarkTest01271,doPost,64,66,41,41,CollapsibleIfStatements,Basic,org.owasp.benchmark.testcode,These nested if statements could be combined
/Users/dwichers/git/benchmark/src/main/java/org/owasp/benchmark/testcode/BenchmarkTest01271.java,BenchmarkTest01271$Test,doSomething,111,111,24,28,UnusedLocalVariable,Unused Code,org.owasp.benchmark.testcode,Avoid unused local variables such as 'f4086'.
/Users/dwichers/git/benchmark/src/main/java/org/owasp/benchmark/testcode/BenchmarkTest01272.java,BenchmarkTest01272,doPost,46,46,24,26,UnusedLocalVariable,Unused Code,org.owasp.benchmark.testcode,Avoid unused local variables such as 'bar'.
/Users/dwichers/git/benchmark/src/main/java/org/owasp/benchmark/testcode/BenchmarkTest01272.java,BenchmarkTest01272,doPost,64,66,41,41,CollapsibleIfStatements,Basic,org.owasp.benchmark.testcode,These nested if statements could be combined
/Users/dwichers/git/benchmark/src/main/java/org/owasp/benchmark/testcode/BenchmarkTest01273.java,BenchmarkTest01273,doPost,46,46,24,26,UnusedLocalVariable,Unused Code,org.owasp.benchmark.testcode,Avoid unused local variables such as 'bar'.
/Users/dwichers/git/benchmark/src/main/java/org/owasp/benchmark/testcode/BenchmarkTest01273.java,BenchmarkTest01273,doPost,64,66,41,41,CollapsibleIfStatements,Basic,org.owasp.benchmark.testcode,These nested if statements could be combined
/Users/dwichers/git/benchmark/src/main/java/org/owasp/benchmark/testcode/BenchmarkTest01274.java,BenchmarkTest01274,doPost,46,46,24,26,UnusedLocalVariable,Unused Code,org.owasp.benchmark.testcode,Avoid unused local variables such as 'bar'.
/Users/dwichers/git/benchmark/src/main/java/org/owasp/benchmark/testcode/BenchmarkTest01274.java,BenchmarkTest01274,doPost,64,66,41,41,CollapsibleIfStatements,Basic,org.owasp.benchmark.testcode,These nested if statements could be combined
/Users/dwichers/git/benchmark/src/main/java/org/owasp/benchmark/testcode/BenchmarkTest01275.java,BenchmarkTest01275,doPost,46,46,24,26,UnusedLocalVariable,Unused Code,org.owasp.benchmark.testcode,Avoid unused local variables such as 'bar'.
/Users/dwichers/git/benchmark/src/main/java/org/owasp/benchmark/testcode/BenchmarkTest01275.java,BenchmarkTest01275,doPost,64,66,41,41,CollapsibleIfStatements,Basic,org.owasp.benchmark.testcode,These nested if statements could be combined
/Users/dwichers/git/benchmark/src/main/java/org/owasp/benchmark/testcode/BenchmarkTest01276.java,BenchmarkTest01276,doPost,46,46,24,26,UnusedLocalVariable,Unused Code,org.owasp.benchmark.testcode,Avoid unused local variables such as 'bar'.
/Users/dwichers/git/benchmark/src/main/java/org/owasp/benchmark/testcode/BenchmarkTest01276.java,BenchmarkTest01276,doPost,64,66,41,41,CollapsibleIfStatements,Basic,org.owasp.benchmark.testcode,These nested if statements could be combined
/Users/dwichers/git/benchmark/src/main/java/org/owasp/benchmark/testcode/BenchmarkTest01277.java,BenchmarkTest01277,doPost,46,46,24,26,UnusedLocalVariable,Unused Code,org.owasp.benchmark.testcode,Avoid unused local variables such as 'bar'.
/Users/dwichers/git/benchmark/src/main/java/org/owasp/benchmark/testcode/BenchmarkTest01277.java,BenchmarkTest01277,doPost,64,66,41,41,CollapsibleIfStatements,Basic,org.owasp.benchmark.testcode,These nested if statements could be combined
/Users/dwichers/git/benchmark/src/main/java/org/owasp/benchmark/testcode/BenchmarkTest01278.java,BenchmarkTest01278,doPost,46,46,24,26,UnusedLocalVariable,Unused Code,org.owasp.benchmark.testcode,Avoid unused local variables such as 'bar'.
/Users/dwichers/git/benchmark/src/main/java/org/owasp/benchmark/testcode/BenchmarkTest01278.java,BenchmarkTest01278,doPost,64,66,41,41,CollapsibleIfStatements,Basic,org.owasp.benchmark.testcode,These nested if statements could be combined
/Users/dwichers/git/benchmark/src/main/java/org/owasp/benchmark/testcode/BenchmarkTest01279.java,BenchmarkTest01279,doPost,46,46,24,26,UnusedLocalVariable,Unused Code,org.owasp.benchmark.testcode,Avoid unused local variables such as 'bar'.
/Users/dwichers/git/benchmark/src/main/java/org/owasp/benchmark/testcode/BenchmarkTest01279.java,BenchmarkTest01279,doPost,64,66,41,41,CollapsibleIfStatements,Basic,org.owasp.benchmark.testcode,These nested if statements could be combined
/Users/dwichers/git/benchmark/src/main/java/org/owasp/benchmark/testcode/BenchmarkTest01280.java,BenchmarkTest01280,doPost,46,46,24,26,UnusedLocalVariable,Unused Code,org.owasp.benchmark.testcode,Avoid unused local variables such as 'bar'.
/Users/dwichers/git/benchmark/src/main/java/org/owasp/benchmark/testcode/BenchmarkTest01281.java,BenchmarkTest01281,doPost,46,46,24,26,UnusedLocalVariable,Unused Code,org.owasp.benchmark.testcode,Avoid unused local variables such as 'bar'.
/Users/dwichers/git/benchmark/src/main/java/org/owasp/benchmark/testcode/BenchmarkTest01282.java,BenchmarkTest01282,doPost,46,46,24,26,UnusedLocalVariable,Unused Code,org.owasp.benchmark.testcode,Avoid unused local variables such as 'bar'.
/Users/dwichers/git/benchmark/src/main/java/org/owasp/benchmark/testcode/BenchmarkTest01283.java,BenchmarkTest01283,doPost,46,46,24,26,UnusedLocalVariable,Unused Code,org.owasp.benchmark.testcode,Avoid unused local variables such as 'bar'.
/Users/dwichers/git/benchmark/src/main/java/org/owasp/benchmark/testcode/BenchmarkTest01291.java,BenchmarkTest01291,doPost,46,46,24,26,UnusedLocalVariable,Unused Code,org.owasp.benchmark.testcode,Avoid unused local variables such as 'bar'.
/Users/dwichers/git/benchmark/src/main/java/org/owasp/benchmark/testcode/BenchmarkTest01291.java,BenchmarkTest01291,doPost,70,72,49,49,CollapsibleIfStatements,Basic,org.owasp.benchmark.testcode,These nested if statements could be combined
/Users/dwichers/git/benchmark/src/main/java/org/owasp/benchmark/testcode/BenchmarkTest01292.java,BenchmarkTest01292,doPost,46,46,24,26,UnusedLocalVariable,Unused Code,org.owasp.benchmark.testcode,Avoid unused local variables such as 'bar'.
/Users/dwichers/git/benchmark/src/main/java/org/owasp/benchmark/testcode/BenchmarkTest01292.java,BenchmarkTest01292,doPost,70,72,49,49,CollapsibleIfStatements,Basic,org.owasp.benchmark.testcode,These nested if statements could be combined
/Users/dwichers/git/benchmark/src/main/java/org/owasp/benchmark/testcode/BenchmarkTest01293.java,BenchmarkTest01293,doPost,46,46,24,26,UnusedLocalVariable,Unused Code,org.owasp.benchmark.testcode,Avoid unused local variables such as 'bar'.
/Users/dwichers/git/benchmark/src/main/java/org/owasp/benchmark/testcode/BenchmarkTest01293.java,BenchmarkTest01293,doPost,70,72,49,49,CollapsibleIfStatements,Basic,org.owasp.benchmark.testcode,These nested if statements could be combined
/Users/dwichers/git/benchmark/src/main/java/org/owasp/benchmark/testcode/BenchmarkTest01294.java,BenchmarkTest01294,doPost,46,46,24,26,UnusedLocalVariable,Unused Code,org.owasp.benchmark.testcode,Avoid unused local variables such as 'bar'.
/Users/dwichers/git/benchmark/src/main/java/org/owasp/benchmark/testcode/BenchmarkTest01294.java,BenchmarkTest01294,doPost,65,67,49,49,CollapsibleIfStatements,Basic,org.owasp.benchmark.testcode,These nested if statements could be combined
/Users/dwichers/git/benchmark/src/main/java/org/owasp/benchmark/testcode/BenchmarkTest01295.java,BenchmarkTest01295,doPost,46,46,24,26,UnusedLocalVariable,Unused Code,org.owasp.benchmark.testcode,Avoid unused local variables such as 'bar'.
/Users/dwichers/git/benchmark/src/main/java/org/owasp/benchmark/testcode/BenchmarkTest01295.java,BenchmarkTest01295,doPost,65,67,49,49,CollapsibleIfStatements,Basic,org.owasp.benchmark.testcode,These nested if statements could be combined
/Users/dwichers/git/benchmark/src/main/java/org/owasp/benchmark/testcode/BenchmarkTest01295.java,BenchmarkTest01295$Test,doSomething,114,114,24,29,UnusedLocalVariable,Unused Code,org.owasp.benchmark.testcode,Avoid unused local variables such as 'f22205'.
/Users/dwichers/git/benchmark/src/main/java/org/owasp/benchmark/testcode/BenchmarkTest01296.java,BenchmarkTest01296,doPost,46,46,24,26,UnusedLocalVariable,Unused Code,org.owasp.benchmark.testcode,Avoid unused local variables such as 'bar'.
/Users/dwichers/git/benchmark/src/main/java/org/owasp/benchmark/testcode/BenchmarkTest01296.java,BenchmarkTest01296,doPost,65,67,49,49,CollapsibleIfStatements,Basic,org.owasp.benchmark.testcode,These nested if statements could be combined
/Users/dwichers/git/benchmark/src/main/java/org/owasp/benchmark/testcode/BenchmarkTest01297.java,BenchmarkTest01297,doPost,46,46,24,26,UnusedLocalVariable,Unused Code,org.owasp.benchmark.testcode,Avoid unused local variables such as 'bar'.
/Users/dwichers/git/benchmark/src/main/java/org/owasp/benchmark/testcode/BenchmarkTest01297.java,BenchmarkTest01297,doPost,65,67,49,49,CollapsibleIfStatements,Basic,org.owasp.benchmark.testcode,These nested if statements could be combined
/Users/dwichers/git/benchmark/src/main/java/org/owasp/benchmark/testcode/BenchmarkTest01298.java,BenchmarkTest01298,doPost,46,46,24,26,UnusedLocalVariable,Unused Code,org.owasp.benchmark.testcode,Avoid unused local variables such as 'bar'.
/Users/dwichers/git/benchmark/src/main/java/org/owasp/benchmark/testcode/BenchmarkTest01298.java,BenchmarkTest01298,doPost,65,67,49,49,CollapsibleIfStatements,Basic,org.owasp.benchmark.testcode,These nested if statements could be combined
/Users/dwichers/git/benchmark/src/main/java/org/owasp/benchmark/testcode/BenchmarkTest01301.java,BenchmarkTest01301$Test,doSomething,83,83,24,29,UnusedLocalVariable,Unused Code,org.owasp.benchmark.testcode,Avoid unused local variables such as 'f11416'.
/Users/dwichers/git/benchmark/src/main/java/org/owasp/benchmark/testcode/BenchmarkTest01309.java,BenchmarkTest01309$Test,doSomething,88,88,24,28,UnusedLocalVariable,Unused Code,org.owasp.benchmark.testcode,Avoid unused local variables such as 'f9334'.
/Users/dwichers/git/benchmark/src/main/java/org/owasp/benchmark/testcode/BenchmarkTest01313.java,BenchmarkTest01313,doPost,52,52,29,33,UnusedLocalVariable,Unused Code,org.owasp.benchmark.testcode,Avoid unused local variables such as 'count'.
/Users/dwichers/git/benchmark/src/main/java/org/owasp/benchmark/testcode/BenchmarkTest01314.java,BenchmarkTest01314,doPost,52,52,29,33,UnusedLocalVariable,Unused Code,org.owasp.benchmark.testcode,Avoid unused local variables such as 'count'.
/Users/dwichers/git/benchmark/src/main/java/org/owasp/benchmark/testcode/BenchmarkTest01315.java,BenchmarkTest01315,doPost,52,52,29,33,UnusedLocalVariable,Unused Code,org.owasp.benchmark.testcode,Avoid unused local variables such as 'count'.
/Users/dwichers/git/benchmark/src/main/java/org/owasp/benchmark/testcode/BenchmarkTest01318.java,BenchmarkTest01318$Test,doSomething,155,155,24,29,UnusedLocalVariable,Unused Code,org.owasp.benchmark.testcode,Avoid unused local variables such as 'f66881'.
/Users/dwichers/git/benchmark/src/main/java/org/owasp/benchmark/testcode/BenchmarkTest01328.java,BenchmarkTest01328$Test,doSomething,96,96,24,29,UnusedLocalVariable,Unused Code,org.owasp.benchmark.testcode,Avoid unused local variables such as 'f17973'.
/Users/dwichers/git/benchmark/src/main/java/org/owasp/benchmark/testcode/BenchmarkTest01330.java,BenchmarkTest01330,doPost,72,74,35,33,EmptyCatchBlock,Empty Code,org.owasp.benchmark.testcode,Avoid empty catch blocks
/Users/dwichers/git/benchmark/src/main/java/org/owasp/benchmark/testcode/BenchmarkTest01331.java,BenchmarkTest01331,doPost,72,74,35,33,EmptyCatchBlock,Empty Code,org.owasp.benchmark.testcode,Avoid empty catch blocks
/Users/dwichers/git/benchmark/src/main/java/org/owasp/benchmark/testcode/BenchmarkTest01341.java,BenchmarkTest01341$Test,doSomething,73,73,24,29,UnusedLocalVariable,Unused Code,org.owasp.benchmark.testcode,Avoid unused local variables such as 'f41908'.
/Users/dwichers/git/benchmark/src/main/java/org/owasp/benchmark/testcode/BenchmarkTest01354.java,BenchmarkTest01354,doPost,51,51,24,26,UnusedLocalVariable,Unused Code,org.owasp.benchmark.testcode,Avoid unused local variables such as 'bar'.
/Users/dwichers/git/benchmark/src/main/java/org/owasp/benchmark/testcode/BenchmarkTest01354.java,BenchmarkTest01354,doPost,69,71,41,41,CollapsibleIfStatements,Basic,org.owasp.benchmark.testcode,These nested if statements could be combined
/Users/dwichers/git/benchmark/src/main/java/org/owasp/benchmark/testcode/BenchmarkTest01355.java,BenchmarkTest01355,doPost,51,51,24,26,UnusedLocalVariable,Unused Code,org.owasp.benchmark.testcode,Avoid unused local variables such as 'bar'.
/Users/dwichers/git/benchmark/src/main/java/org/owasp/benchmark/testcode/BenchmarkTest01355.java,BenchmarkTest01355,doPost,69,71,41,41,CollapsibleIfStatements,Basic,org.owasp.benchmark.testcode,These nested if statements could be combined
/Users/dwichers/git/benchmark/src/main/java/org/owasp/benchmark/testcode/BenchmarkTest01356.java,BenchmarkTest01356,doPost,51,51,24,26,UnusedLocalVariable,Unused Code,org.owasp.benchmark.testcode,Avoid unused local variables such as 'bar'.
/Users/dwichers/git/benchmark/src/main/java/org/owasp/benchmark/testcode/BenchmarkTest01356.java,BenchmarkTest01356,doPost,69,71,41,41,CollapsibleIfStatements,Basic,org.owasp.benchmark.testcode,These nested if statements could be combined
/Users/dwichers/git/benchmark/src/main/java/org/owasp/benchmark/testcode/BenchmarkTest01357.java,BenchmarkTest01357,doPost,51,51,24,26,UnusedLocalVariable,Unused Code,org.owasp.benchmark.testcode,Avoid unused local variables such as 'bar'.
/Users/dwichers/git/benchmark/src/main/java/org/owasp/benchmark/testcode/BenchmarkTest01357.java,BenchmarkTest01357,doPost,69,71,41,41,CollapsibleIfStatements,Basic,org.owasp.benchmark.testcode,These nested if statements could be combined
/Users/dwichers/git/benchmark/src/main/java/org/owasp/benchmark/testcode/BenchmarkTest01358.java,BenchmarkTest01358,doPost,51,51,24,26,UnusedLocalVariable,Unused Code,org.owasp.benchmark.testcode,Avoid unused local variables such as 'bar'.
/Users/dwichers/git/benchmark/src/main/java/org/owasp/benchmark/testcode/BenchmarkTest01358.java,BenchmarkTest01358,doPost,69,71,41,41,CollapsibleIfStatements,Basic,org.owasp.benchmark.testcode,These nested if statements could be combined
/Users/dwichers/git/benchmark/src/main/java/org/owasp/benchmark/testcode/BenchmarkTest01359.java,BenchmarkTest01359,doPost,51,51,24,26,UnusedLocalVariable,Unused Code,org.owasp.benchmark.testcode,Avoid unused local variables such as 'bar'.
/Users/dwichers/git/benchmark/src/main/java/org/owasp/benchmark/testcode/BenchmarkTest01366.java,BenchmarkTest01366,doPost,51,51,24,26,UnusedLocalVariable,Unused Code,org.owasp.benchmark.testcode,Avoid unused local variables such as 'bar'.
/Users/dwichers/git/benchmark/src/main/java/org/owasp/benchmark/testcode/BenchmarkTest01366.java,BenchmarkTest01366,doPost,75,77,49,49,CollapsibleIfStatements,Basic,org.owasp.benchmark.testcode,These nested if statements could be combined
/Users/dwichers/git/benchmark/src/main/java/org/owasp/benchmark/testcode/BenchmarkTest01367.java,BenchmarkTest01367,doPost,51,51,24,26,UnusedLocalVariable,Unused Code,org.owasp.benchmark.testcode,Avoid unused local variables such as 'bar'.
/Users/dwichers/git/benchmark/src/main/java/org/owasp/benchmark/testcode/BenchmarkTest01367.java,BenchmarkTest01367,doPost,75,77,49,49,CollapsibleIfStatements,Basic,org.owasp.benchmark.testcode,These nested if statements could be combined
/Users/dwichers/git/benchmark/src/main/java/org/owasp/benchmark/testcode/BenchmarkTest01368.java,BenchmarkTest01368,doPost,51,51,24,26,UnusedLocalVariable,Unused Code,org.owasp.benchmark.testcode,Avoid unused local variables such as 'bar'.
/Users/dwichers/git/benchmark/src/main/java/org/owasp/benchmark/testcode/BenchmarkTest01368.java,BenchmarkTest01368,doPost,75,77,49,49,CollapsibleIfStatements,Basic,org.owasp.benchmark.testcode,These nested if statements could be combined
/Users/dwichers/git/benchmark/src/main/java/org/owasp/benchmark/testcode/BenchmarkTest01369.java,BenchmarkTest01369,doPost,51,51,24,26,UnusedLocalVariable,Unused Code,org.owasp.benchmark.testcode,Avoid unused local variables such as 'bar'.
/Users/dwichers/git/benchmark/src/main/java/org/owasp/benchmark/testcode/BenchmarkTest01369.java,BenchmarkTest01369,doPost,75,77,49,49,CollapsibleIfStatements,Basic,org.owasp.benchmark.testcode,These nested if statements could be combined
/Users/dwichers/git/benchmark/src/main/java/org/owasp/benchmark/testcode/BenchmarkTest01370.java,BenchmarkTest01370,doPost,51,51,24,26,UnusedLocalVariable,Unused Code,org.owasp.benchmark.testcode,Avoid unused local variables such as 'bar'.
/Users/dwichers/git/benchmark/src/main/java/org/owasp/benchmark/testcode/BenchmarkTest01370.java,BenchmarkTest01370,doPost,71,73,49,49,CollapsibleIfStatements,Basic,org.owasp.benchmark.testcode,These nested if statements could be combined
/Users/dwichers/git/benchmark/src/main/java/org/owasp/benchmark/testcode/BenchmarkTest01371.java,BenchmarkTest01371,doPost,51,51,24,26,UnusedLocalVariable,Unused Code,org.owasp.benchmark.testcode,Avoid unused local variables such as 'bar'.
/Users/dwichers/git/benchmark/src/main/java/org/owasp/benchmark/testcode/BenchmarkTest01371.java,BenchmarkTest01371,doPost,70,72,49,49,CollapsibleIfStatements,Basic,org.owasp.benchmark.testcode,These nested if statements could be combined
/Users/dwichers/git/benchmark/src/main/java/org/owasp/benchmark/testcode/BenchmarkTest01372.java,BenchmarkTest01372,doPost,51,51,24,26,UnusedLocalVariable,Unused Code,org.owasp.benchmark.testcode,Avoid unused local variables such as 'bar'.
/Users/dwichers/git/benchmark/src/main/java/org/owasp/benchmark/testcode/BenchmarkTest01372.java,BenchmarkTest01372,doPost,70,72,49,49,CollapsibleIfStatements,Basic,org.owasp.benchmark.testcode,These nested if statements could be combined
/Users/dwichers/git/benchmark/src/main/java/org/owasp/benchmark/testcode/BenchmarkTest01373.java,BenchmarkTest01373,doPost,51,51,24,26,UnusedLocalVariable,Unused Code,org.owasp.benchmark.testcode,Avoid unused local variables such as 'bar'.
/Users/dwichers/git/benchmark/src/main/java/org/owasp/benchmark/testcode/BenchmarkTest01373.java,BenchmarkTest01373,doPost,70,72,49,49,CollapsibleIfStatements,Basic,org.owasp.benchmark.testcode,These nested if statements could be combined
/Users/dwichers/git/benchmark/src/main/java/org/owasp/benchmark/testcode/BenchmarkTest01378.java,BenchmarkTest01378$Test,doSomething,88,88,24,29,UnusedLocalVariable,Unused Code,org.owasp.benchmark.testcode,Avoid unused local variables such as 'f50098'.
/Users/dwichers/git/benchmark/src/main/java/org/owasp/benchmark/testcode/BenchmarkTest01393.java,BenchmarkTest01393,doPost,57,57,29,33,UnusedLocalVariable,Unused Code,org.owasp.benchmark.testcode,Avoid unused local variables such as 'count'.
/Users/dwichers/git/benchmark/src/main/java/org/owasp/benchmark/testcode/BenchmarkTest01393.java,BenchmarkTest01393$Test,doSomething,86,86,24,29,UnusedLocalVariable,Unused Code,org.owasp.benchmark.testcode,Avoid unused local variables such as 'f57571'.
/Users/dwichers/git/benchmark/src/main/java/org/owasp/benchmark/testcode/BenchmarkTest01394.java,BenchmarkTest01394,doPost,57,57,29,33,UnusedLocalVariable,Unused Code,org.owasp.benchmark.testcode,Avoid unused local variables such as 'count'.
/Users/dwichers/git/benchmark/src/main/java/org/owasp/benchmark/testcode/BenchmarkTest01395.java,BenchmarkTest01395,doPost,57,57,29,33,UnusedLocalVariable,Unused Code,org.owasp.benchmark.testcode,Avoid unused local variables such as 'count'.
/Users/dwichers/git/benchmark/src/main/java/org/owasp/benchmark/testcode/BenchmarkTest01396.java,BenchmarkTest01396,doPost,57,57,29,33,UnusedLocalVariable,Unused Code,org.owasp.benchmark.testcode,Avoid unused local variables such as 'count'.
/Users/dwichers/git/benchmark/src/main/java/org/owasp/benchmark/testcode/BenchmarkTest01398.java,BenchmarkTest01398$Test,doSomething,170,170,24,29,UnusedLocalVariable,Unused Code,org.owasp.benchmark.testcode,Avoid unused local variables such as 'f37227'.
/Users/dwichers/git/benchmark/src/main/java/org/owasp/benchmark/testcode/BenchmarkTest01404.java,BenchmarkTest01404$Test,doSomething,91,91,24,29,UnusedLocalVariable,Unused Code,org.owasp.benchmark.testcode,Avoid unused local variables such as 'f75056'.
/Users/dwichers/git/benchmark/src/main/java/org/owasp/benchmark/testcode/BenchmarkTest01405.java,BenchmarkTest01405,doPost,87,89,19,17,EmptyCatchBlock,Empty Code,org.owasp.benchmark.testcode,Avoid empty catch blocks
/Users/dwichers/git/benchmark/src/main/java/org/owasp/benchmark/testcode/BenchmarkTest01406.java,BenchmarkTest01406,doPost,84,86,35,33,EmptyCatchBlock,Empty Code,org.owasp.benchmark.testcode,Avoid empty catch blocks
/Users/dwichers/git/benchmark/src/main/java/org/owasp/benchmark/testcode/BenchmarkTest01407.java,BenchmarkTest01407,doPost,90,92,35,33,EmptyCatchBlock,Empty Code,org.owasp.benchmark.testcode,Avoid empty catch blocks
/Users/dwichers/git/benchmark/src/main/java/org/owasp/benchmark/testcode/BenchmarkTest01408.java,BenchmarkTest01408,doPost,81,83,35,33,EmptyCatchBlock,Empty Code,org.owasp.benchmark.testcode,Avoid empty catch blocks
/Users/dwichers/git/benchmark/src/main/java/org/owasp/benchmark/testcode/BenchmarkTest01409.java,BenchmarkTest01409,doPost,88,90,19,17,EmptyCatchBlock,Empty Code,org.owasp.benchmark.testcode,Avoid empty catch blocks
/Users/dwichers/git/benchmark/src/main/java/org/owasp/benchmark/testcode/BenchmarkTest01431.java,BenchmarkTest01431,doPost,60,60,24,26,UnusedLocalVariable,Unused Code,org.owasp.benchmark.testcode,Avoid unused local variables such as 'bar'.
/Users/dwichers/git/benchmark/src/main/java/org/owasp/benchmark/testcode/BenchmarkTest01431.java,BenchmarkTest01431,doPost,78,80,41,41,CollapsibleIfStatements,Basic,org.owasp.benchmark.testcode,These nested if statements could be combined
/Users/dwichers/git/benchmark/src/main/java/org/owasp/benchmark/testcode/BenchmarkTest01432.java,BenchmarkTest01432,doPost,60,60,24,26,UnusedLocalVariable,Unused Code,org.owasp.benchmark.testcode,Avoid unused local variables such as 'bar'.
/Users/dwichers/git/benchmark/src/main/java/org/owasp/benchmark/testcode/BenchmarkTest01432.java,BenchmarkTest01432,doPost,78,80,41,41,CollapsibleIfStatements,Basic,org.owasp.benchmark.testcode,These nested if statements could be combined
/Users/dwichers/git/benchmark/src/main/java/org/owasp/benchmark/testcode/BenchmarkTest01433.java,BenchmarkTest01433,doPost,60,60,24,26,UnusedLocalVariable,Unused Code,org.owasp.benchmark.testcode,Avoid unused local variables such as 'bar'.
/Users/dwichers/git/benchmark/src/main/java/org/owasp/benchmark/testcode/BenchmarkTest01433.java,BenchmarkTest01433,doPost,78,80,41,41,CollapsibleIfStatements,Basic,org.owasp.benchmark.testcode,These nested if statements could be combined
/Users/dwichers/git/benchmark/src/main/java/org/owasp/benchmark/testcode/BenchmarkTest01434.java,BenchmarkTest01434,doPost,60,60,24,26,UnusedLocalVariable,Unused Code,org.owasp.benchmark.testcode,Avoid unused local variables such as 'bar'.
/Users/dwichers/git/benchmark/src/main/java/org/owasp/benchmark/testcode/BenchmarkTest01434.java,BenchmarkTest01434,doPost,78,80,41,41,CollapsibleIfStatements,Basic,org.owasp.benchmark.testcode,These nested if statements could be combined
/Users/dwichers/git/benchmark/src/main/java/org/owasp/benchmark/testcode/BenchmarkTest01435.java,BenchmarkTest01435,doPost,60,60,24,26,UnusedLocalVariable,Unused Code,org.owasp.benchmark.testcode,Avoid unused local variables such as 'bar'.
/Users/dwichers/git/benchmark/src/main/java/org/owasp/benchmark/testcode/BenchmarkTest01435.java,BenchmarkTest01435,doPost,78,80,41,41,CollapsibleIfStatements,Basic,org.owasp.benchmark.testcode,These nested if statements could be combined
/Users/dwichers/git/benchmark/src/main/java/org/owasp/benchmark/testcode/BenchmarkTest01436.java,BenchmarkTest01436,doPost,60,60,24,26,UnusedLocalVariable,Unused Code,org.owasp.benchmark.testcode,Avoid unused local variables such as 'bar'.
/Users/dwichers/git/benchmark/src/main/java/org/owasp/benchmark/testcode/BenchmarkTest01447.java,BenchmarkTest01447,doPost,60,60,24,26,UnusedLocalVariable,Unused Code,org.owasp.benchmark.testcode,Avoid unused local variables such as 'bar'.
/Users/dwichers/git/benchmark/src/main/java/org/owasp/benchmark/testcode/BenchmarkTest01447.java,BenchmarkTest01447,doPost,84,86,49,49,CollapsibleIfStatements,Basic,org.owasp.benchmark.testcode,These nested if statements could be combined
/Users/dwichers/git/benchmark/src/main/java/org/owasp/benchmark/testcode/BenchmarkTest01448.java,BenchmarkTest01448,doPost,60,60,24,26,UnusedLocalVariable,Unused Code,org.owasp.benchmark.testcode,Avoid unused local variables such as 'bar'.
/Users/dwichers/git/benchmark/src/main/java/org/owasp/benchmark/testcode/BenchmarkTest01448.java,BenchmarkTest01448,doPost,80,82,49,49,CollapsibleIfStatements,Basic,org.owasp.benchmark.testcode,These nested if statements could be combined
/Users/dwichers/git/benchmark/src/main/java/org/owasp/benchmark/testcode/BenchmarkTest01449.java,BenchmarkTest01449,doPost,60,60,24,26,UnusedLocalVariable,Unused Code,org.owasp.benchmark.testcode,Avoid unused local variables such as 'bar'.
/Users/dwichers/git/benchmark/src/main/java/org/owasp/benchmark/testcode/BenchmarkTest01449.java,BenchmarkTest01449,doPost,81,83,49,49,CollapsibleIfStatements,Basic,org.owasp.benchmark.testcode,These nested if statements could be combined
/Users/dwichers/git/benchmark/src/main/java/org/owasp/benchmark/testcode/BenchmarkTest01450.java,BenchmarkTest01450,doPost,60,60,24,26,UnusedLocalVariable,Unused Code,org.owasp.benchmark.testcode,Avoid unused local variables such as 'bar'.
/Users/dwichers/git/benchmark/src/main/java/org/owasp/benchmark/testcode/BenchmarkTest01450.java,BenchmarkTest01450,doPost,84,86,49,49,CollapsibleIfStatements,Basic,org.owasp.benchmark.testcode,These nested if statements could be combined
/Users/dwichers/git/benchmark/src/main/java/org/owasp/benchmark/testcode/BenchmarkTest01451.java,BenchmarkTest01451,doPost,60,60,24,26,UnusedLocalVariable,Unused Code,org.owasp.benchmark.testcode,Avoid unused local variables such as 'bar'.
/Users/dwichers/git/benchmark/src/main/java/org/owasp/benchmark/testcode/BenchmarkTest01451.java,BenchmarkTest01451,doPost,79,81,49,49,CollapsibleIfStatements,Basic,org.owasp.benchmark.testcode,These nested if statements could be combined
/Users/dwichers/git/benchmark/src/main/java/org/owasp/benchmark/testcode/BenchmarkTest01452.java,BenchmarkTest01452,doPost,60,60,24,26,UnusedLocalVariable,Unused Code,org.owasp.benchmark.testcode,Avoid unused local variables such as 'bar'.
/Users/dwichers/git/benchmark/src/main/java/org/owasp/benchmark/testcode/BenchmarkTest01452.java,BenchmarkTest01452,doPost,79,81,49,49,CollapsibleIfStatements,Basic,org.owasp.benchmark.testcode,These nested if statements could be combined
/Users/dwichers/git/benchmark/src/main/java/org/owasp/benchmark/testcode/BenchmarkTest01453.java,BenchmarkTest01453,doPost,60,60,24,26,UnusedLocalVariable,Unused Code,org.owasp.benchmark.testcode,Avoid unused local variables such as 'bar'.
/Users/dwichers/git/benchmark/src/main/java/org/owasp/benchmark/testcode/BenchmarkTest01453.java,BenchmarkTest01453,doPost,79,81,49,49,CollapsibleIfStatements,Basic,org.owasp.benchmark.testcode,These nested if statements could be combined
/Users/dwichers/git/benchmark/src/main/java/org/owasp/benchmark/testcode/BenchmarkTest01469.java,BenchmarkTest01469$Test,doSomething,106,106,24,29,UnusedLocalVariable,Unused Code,org.owasp.benchmark.testcode,Avoid unused local variables such as 'f83916'.
/Users/dwichers/git/benchmark/src/main/java/org/owasp/benchmark/testcode/BenchmarkTest01472.java,BenchmarkTest01472$Test,doSomething,96,96,24,29,UnusedLocalVariable,Unused Code,org.owasp.benchmark.testcode,Avoid unused local variables such as 'f60049'.
/Users/dwichers/git/benchmark/src/main/java/org/owasp/benchmark/testcode/BenchmarkTest01474.java,BenchmarkTest01474,doPost,66,66,29,33,UnusedLocalVariable,Unused Code,org.owasp.benchmark.testcode,Avoid unused local variables such as 'count'.
/Users/dwichers/git/benchmark/src/main/java/org/owasp/benchmark/testcode/BenchmarkTest01475.java,BenchmarkTest01475,doPost,66,66,29,33,UnusedLocalVariable,Unused Code,org.owasp.benchmark.testcode,Avoid unused local variables such as 'count'.
/Users/dwichers/git/benchmark/src/main/java/org/owasp/benchmark/testcode/BenchmarkTest01476.java,BenchmarkTest01476,doPost,66,66,29,33,UnusedLocalVariable,Unused Code,org.owasp.benchmark.testcode,Avoid unused local variables such as 'count'.
/Users/dwichers/git/benchmark/src/main/java/org/owasp/benchmark/testcode/BenchmarkTest01477.java,BenchmarkTest01477,doPost,66,66,29,33,UnusedLocalVariable,Unused Code,org.owasp.benchmark.testcode,Avoid unused local variables such as 'count'.
/Users/dwichers/git/benchmark/src/main/java/org/owasp/benchmark/testcode/BenchmarkTest01491.java,BenchmarkTest01491$Test,doSomething,104,104,24,29,UnusedLocalVariable,Unused Code,org.owasp.benchmark.testcode,Avoid unused local variables such as 'f55812'.
/Users/dwichers/git/benchmark/src/main/java/org/owasp/benchmark/testcode/BenchmarkTest01496.java,BenchmarkTest01496,doPost,71,73,35,33,EmptyCatchBlock,Empty Code,org.owasp.benchmark.testcode,Avoid empty catch blocks
/Users/dwichers/git/benchmark/src/main/java/org/owasp/benchmark/testcode/BenchmarkTest01497.java,BenchmarkTest01497,doPost,68,70,35,33,EmptyCatchBlock,Empty Code,org.owasp.benchmark.testcode,Avoid empty catch blocks
/Users/dwichers/git/benchmark/src/main/java/org/owasp/benchmark/testcode/BenchmarkTest01498.java,BenchmarkTest01498,doPost,77,79,35,33,EmptyCatchBlock,Empty Code,org.owasp.benchmark.testcode,Avoid empty catch blocks
/Users/dwichers/git/benchmark/src/main/java/org/owasp/benchmark/testcode/BenchmarkTest01499.java,BenchmarkTest01499,doPost,68,70,35,33,EmptyCatchBlock,Empty Code,org.owasp.benchmark.testcode,Avoid empty catch blocks
/Users/dwichers/git/benchmark/src/main/java/org/owasp/benchmark/testcode/BenchmarkTest01500.java,BenchmarkTest01500,doPost,75,77,19,17,EmptyCatchBlock,Empty Code,org.owasp.benchmark.testcode,Avoid empty catch blocks
/Users/dwichers/git/benchmark/src/main/java/org/owasp/benchmark/testcode/BenchmarkTest01502.java,BenchmarkTest01502,doPost,47,47,24,26,UnusedLocalVariable,Unused Code,org.owasp.benchmark.testcode,Avoid unused local variables such as 'bar'.
/Users/dwichers/git/benchmark/src/main/java/org/owasp/benchmark/testcode/BenchmarkTest01502.java,BenchmarkTest01502,doPost,65,67,41,41,CollapsibleIfStatements,Basic,org.owasp.benchmark.testcode,These nested if statements could be combined
/Users/dwichers/git/benchmark/src/main/java/org/owasp/benchmark/testcode/BenchmarkTest01502.java,BenchmarkTest01502$Test,doSomething,112,112,24,29,UnusedLocalVariable,Unused Code,org.owasp.benchmark.testcode,Avoid unused local variables such as 'f43640'.
/Users/dwichers/git/benchmark/src/main/java/org/owasp/benchmark/testcode/BenchmarkTest01515.java,BenchmarkTest01515$Test,doSomething,68,68,24,29,UnusedLocalVariable,Unused Code,org.owasp.benchmark.testcode,Avoid unused local variables such as 'f84124'.
/Users/dwichers/git/benchmark/src/main/java/org/owasp/benchmark/testcode/BenchmarkTest01516.java,BenchmarkTest01516$Test,doSomething,90,90,24,29,UnusedLocalVariable,Unused Code,org.owasp.benchmark.testcode,Avoid unused local variables such as 'f84214'.
/Users/dwichers/git/benchmark/src/main/java/org/owasp/benchmark/testcode/BenchmarkTest01518.java,BenchmarkTest01518,doPost,47,47,24,26,UnusedLocalVariable,Unused Code,org.owasp.benchmark.testcode,Avoid unused local variables such as 'bar'.
/Users/dwichers/git/benchmark/src/main/java/org/owasp/benchmark/testcode/BenchmarkTest01518.java,BenchmarkTest01518,doPost,65,67,41,41,CollapsibleIfStatements,Basic,org.owasp.benchmark.testcode,These nested if statements could be combined
/Users/dwichers/git/benchmark/src/main/java/org/owasp/benchmark/testcode/BenchmarkTest01519.java,BenchmarkTest01519,doPost,47,47,24,26,UnusedLocalVariable,Unused Code,org.owasp.benchmark.testcode,Avoid unused local variables such as 'bar'.
/Users/dwichers/git/benchmark/src/main/java/org/owasp/benchmark/testcode/BenchmarkTest01519.java,BenchmarkTest01519,doPost,65,67,41,41,CollapsibleIfStatements,Basic,org.owasp.benchmark.testcode,These nested if statements could be combined
/Users/dwichers/git/benchmark/src/main/java/org/owasp/benchmark/testcode/BenchmarkTest01520.java,BenchmarkTest01520,doPost,47,47,24,26,UnusedLocalVariable,Unused Code,org.owasp.benchmark.testcode,Avoid unused local variables such as 'bar'.
/Users/dwichers/git/benchmark/src/main/java/org/owasp/benchmark/testcode/BenchmarkTest01520.java,BenchmarkTest01520,doPost,65,67,41,41,CollapsibleIfStatements,Basic,org.owasp.benchmark.testcode,These nested if statements could be combined
/Users/dwichers/git/benchmark/src/main/java/org/owasp/benchmark/testcode/BenchmarkTest01521.java,BenchmarkTest01521,doPost,47,47,24,26,UnusedLocalVariable,Unused Code,org.owasp.benchmark.testcode,Avoid unused local variables such as 'bar'.
/Users/dwichers/git/benchmark/src/main/java/org/owasp/benchmark/testcode/BenchmarkTest01522.java,BenchmarkTest01522,doPost,47,47,24,26,UnusedLocalVariable,Unused Code,org.owasp.benchmark.testcode,Avoid unused local variables such as 'bar'.
/Users/dwichers/git/benchmark/src/main/java/org/owasp/benchmark/testcode/BenchmarkTest01523.java,BenchmarkTest01523,doPost,47,47,24,26,UnusedLocalVariable,Unused Code,org.owasp.benchmark.testcode,Avoid unused local variables such as 'bar'.
/Users/dwichers/git/benchmark/src/main/java/org/owasp/benchmark/testcode/BenchmarkTest01524.java,BenchmarkTest01524,doPost,47,47,24,26,UnusedLocalVariable,Unused Code,org.owasp.benchmark.testcode,Avoid unused local variables such as 'bar'.
/Users/dwichers/git/benchmark/src/main/java/org/owasp/benchmark/testcode/BenchmarkTest01534.java,BenchmarkTest01534,doPost,47,47,24,26,UnusedLocalVariable,Unused Code,org.owasp.benchmark.testcode,Avoid unused local variables such as 'bar'.
/Users/dwichers/git/benchmark/src/main/java/org/owasp/benchmark/testcode/BenchmarkTest01534.java,BenchmarkTest01534,doPost,71,73,49,49,CollapsibleIfStatements,Basic,org.owasp.benchmark.testcode,These nested if statements could be combined
/Users/dwichers/git/benchmark/src/main/java/org/owasp/benchmark/testcode/BenchmarkTest01535.java,BenchmarkTest01535,doPost,47,47,24,26,UnusedLocalVariable,Unused Code,org.owasp.benchmark.testcode,Avoid unused local variables such as 'bar'.
/Users/dwichers/git/benchmark/src/main/java/org/owasp/benchmark/testcode/BenchmarkTest01535.java,BenchmarkTest01535,doPost,67,69,49,49,CollapsibleIfStatements,Basic,org.owasp.benchmark.testcode,These nested if statements could be combined
/Users/dwichers/git/benchmark/src/main/java/org/owasp/benchmark/testcode/BenchmarkTest01536.java,BenchmarkTest01536,doPost,47,47,24,26,UnusedLocalVariable,Unused Code,org.owasp.benchmark.testcode,Avoid unused local variables such as 'bar'.
/Users/dwichers/git/benchmark/src/main/java/org/owasp/benchmark/testcode/BenchmarkTest01536.java,BenchmarkTest01536,doPost,67,69,49,49,CollapsibleIfStatements,Basic,org.owasp.benchmark.testcode,These nested if statements could be combined
/Users/dwichers/git/benchmark/src/main/java/org/owasp/benchmark/testcode/BenchmarkTest01536.java,BenchmarkTest01536$Test,doSomething,118,118,24,29,UnusedLocalVariable,Unused Code,org.owasp.benchmark.testcode,Avoid unused local variables such as 'f79311'.
/Users/dwichers/git/benchmark/src/main/java/org/owasp/benchmark/testcode/BenchmarkTest01537.java,BenchmarkTest01537,doPost,47,47,24,26,UnusedLocalVariable,Unused Code,org.owasp.benchmark.testcode,Avoid unused local variables such as 'bar'.
/Users/dwichers/git/benchmark/src/main/java/org/owasp/benchmark/testcode/BenchmarkTest01537.java,BenchmarkTest01537,doPost,68,70,49,49,CollapsibleIfStatements,Basic,org.owasp.benchmark.testcode,These nested if statements could be combined
/Users/dwichers/git/benchmark/src/main/java/org/owasp/benchmark/testcode/BenchmarkTest01538.java,BenchmarkTest01538,doPost,47,47,24,26,UnusedLocalVariable,Unused Code,org.owasp.benchmark.testcode,Avoid unused local variables such as 'bar'.
/Users/dwichers/git/benchmark/src/main/java/org/owasp/benchmark/testcode/BenchmarkTest01538.java,BenchmarkTest01538,doPost,71,73,49,49,CollapsibleIfStatements,Basic,org.owasp.benchmark.testcode,These nested if statements could be combined
/Users/dwichers/git/benchmark/src/main/java/org/owasp/benchmark/testcode/BenchmarkTest01539.java,BenchmarkTest01539,doPost,47,47,24,26,UnusedLocalVariable,Unused Code,org.owasp.benchmark.testcode,Avoid unused local variables such as 'bar'.
/Users/dwichers/git/benchmark/src/main/java/org/owasp/benchmark/testcode/BenchmarkTest01539.java,BenchmarkTest01539,doPost,71,73,49,49,CollapsibleIfStatements,Basic,org.owasp.benchmark.testcode,These nested if statements could be combined
/Users/dwichers/git/benchmark/src/main/java/org/owasp/benchmark/testcode/BenchmarkTest01540.java,BenchmarkTest01540,doPost,47,47,24,26,UnusedLocalVariable,Unused Code,org.owasp.benchmark.testcode,Avoid unused local variables such as 'bar'.
/Users/dwichers/git/benchmark/src/main/java/org/owasp/benchmark/testcode/BenchmarkTest01540.java,BenchmarkTest01540,doPost,71,73,49,49,CollapsibleIfStatements,Basic,org.owasp.benchmark.testcode,These nested if statements could be combined
/Users/dwichers/git/benchmark/src/main/java/org/owasp/benchmark/testcode/BenchmarkTest01541.java,BenchmarkTest01541,doPost,47,47,24,26,UnusedLocalVariable,Unused Code,org.owasp.benchmark.testcode,Avoid unused local variables such as 'bar'.
/Users/dwichers/git/benchmark/src/main/java/org/owasp/benchmark/testcode/BenchmarkTest01541.java,BenchmarkTest01541,doPost,67,69,49,49,CollapsibleIfStatements,Basic,org.owasp.benchmark.testcode,These nested if statements could be combined
/Users/dwichers/git/benchmark/src/main/java/org/owasp/benchmark/testcode/BenchmarkTest01542.java,BenchmarkTest01542,doPost,47,47,24,26,UnusedLocalVariable,Unused Code,org.owasp.benchmark.testcode,Avoid unused local variables such as 'bar'.
/Users/dwichers/git/benchmark/src/main/java/org/owasp/benchmark/testcode/BenchmarkTest01542.java,BenchmarkTest01542,doPost,66,68,49,49,CollapsibleIfStatements,Basic,org.owasp.benchmark.testcode,These nested if statements could be combined
/Users/dwichers/git/benchmark/src/main/java/org/owasp/benchmark/testcode/BenchmarkTest01543.java,BenchmarkTest01543,doPost,47,47,24,26,UnusedLocalVariable,Unused Code,org.owasp.benchmark.testcode,Avoid unused local variables such as 'bar'.
/Users/dwichers/git/benchmark/src/main/java/org/owasp/benchmark/testcode/BenchmarkTest01543.java,BenchmarkTest01543,doPost,66,68,49,49,CollapsibleIfStatements,Basic,org.owasp.benchmark.testcode,These nested if statements could be combined
/Users/dwichers/git/benchmark/src/main/java/org/owasp/benchmark/testcode/BenchmarkTest01544.java,BenchmarkTest01544,doPost,47,47,24,26,UnusedLocalVariable,Unused Code,org.owasp.benchmark.testcode,Avoid unused local variables such as 'bar'.
/Users/dwichers/git/benchmark/src/main/java/org/owasp/benchmark/testcode/BenchmarkTest01544.java,BenchmarkTest01544,doPost,66,68,49,49,CollapsibleIfStatements,Basic,org.owasp.benchmark.testcode,These nested if statements could be combined
/Users/dwichers/git/benchmark/src/main/java/org/owasp/benchmark/testcode/BenchmarkTest01545.java,BenchmarkTest01545,doPost,47,47,24,26,UnusedLocalVariable,Unused Code,org.owasp.benchmark.testcode,Avoid unused local variables such as 'bar'.
/Users/dwichers/git/benchmark/src/main/java/org/owasp/benchmark/testcode/BenchmarkTest01545.java,BenchmarkTest01545,doPost,66,68,49,49,CollapsibleIfStatements,Basic,org.owasp.benchmark.testcode,These nested if statements could be combined
/Users/dwichers/git/benchmark/src/main/java/org/owasp/benchmark/testcode/BenchmarkTest01545.java,BenchmarkTest01545$Test,doSomething,116,116,24,29,UnusedLocalVariable,Unused Code,org.owasp.benchmark.testcode,Avoid unused local variables such as 'f43050'.
/Users/dwichers/git/benchmark/src/main/java/org/owasp/benchmark/testcode/BenchmarkTest01560.java,BenchmarkTest01560,doPost,53,53,29,33,UnusedLocalVariable,Unused Code,org.owasp.benchmark.testcode,Avoid unused local variables such as 'count'.
/Users/dwichers/git/benchmark/src/main/java/org/owasp/benchmark/testcode/BenchmarkTest01567.java,BenchmarkTest01567$Test,doSomething,159,159,24,29,UnusedLocalVariable,Unused Code,org.owasp.benchmark.testcode,Avoid unused local variables such as 'f29366'.
/Users/dwichers/git/benchmark/src/main/java/org/owasp/benchmark/testcode/BenchmarkTest01569.java,BenchmarkTest01569$Test,doSomething,106,106,24,29,UnusedLocalVariable,Unused Code,org.owasp.benchmark.testcode,Avoid unused local variables such as 'f75250'.
/Users/dwichers/git/benchmark/src/main/java/org/owasp/benchmark/testcode/BenchmarkTest01572.java,BenchmarkTest01572,doPost,76,78,19,17,EmptyCatchBlock,Empty Code,org.owasp.benchmark.testcode,Avoid empty catch blocks
/Users/dwichers/git/benchmark/src/main/java/org/owasp/benchmark/testcode/BenchmarkTest01573.java,BenchmarkTest01573,doPost,76,78,19,17,EmptyCatchBlock,Empty Code,org.owasp.benchmark.testcode,Avoid empty catch blocks
/Users/dwichers/git/benchmark/src/main/java/org/owasp/benchmark/testcode/BenchmarkTest01574.java,BenchmarkTest01574,doPost,70,72,35,33,EmptyCatchBlock,Empty Code,org.owasp.benchmark.testcode,Avoid empty catch blocks
/Users/dwichers/git/benchmark/src/main/java/org/owasp/benchmark/testcode/BenchmarkTest01575.java,BenchmarkTest01575,doPost,49,49,24,26,UnusedLocalVariable,Unused Code,org.owasp.benchmark.testcode,Avoid unused local variables such as 'bar'.
/Users/dwichers/git/benchmark/src/main/java/org/owasp/benchmark/testcode/BenchmarkTest01575.java,BenchmarkTest01575,doPost,67,69,41,41,CollapsibleIfStatements,Basic,org.owasp.benchmark.testcode,These nested if statements could be combined
/Users/dwichers/git/benchmark/src/main/java/org/owasp/benchmark/testcode/BenchmarkTest01591.java,BenchmarkTest01591$Test,doSomething,71,71,24,28,UnusedLocalVariable,Unused Code,org.owasp.benchmark.testcode,Avoid unused local variables such as 'f1207'.
/Users/dwichers/git/benchmark/src/main/java/org/owasp/benchmark/testcode/BenchmarkTest01602.java,BenchmarkTest01602,doPost,49,49,24,26,UnusedLocalVariable,Unused Code,org.owasp.benchmark.testcode,Avoid unused local variables such as 'bar'.
/Users/dwichers/git/benchmark/src/main/java/org/owasp/benchmark/testcode/BenchmarkTest01602.java,BenchmarkTest01602,doPost,67,69,41,41,CollapsibleIfStatements,Basic,org.owasp.benchmark.testcode,These nested if statements could be combined
/Users/dwichers/git/benchmark/src/main/java/org/owasp/benchmark/testcode/BenchmarkTest01603.java,BenchmarkTest01603,doPost,49,49,24,26,UnusedLocalVariable,Unused Code,org.owasp.benchmark.testcode,Avoid unused local variables such as 'bar'.
/Users/dwichers/git/benchmark/src/main/java/org/owasp/benchmark/testcode/BenchmarkTest01603.java,BenchmarkTest01603,doPost,67,69,41,41,CollapsibleIfStatements,Basic,org.owasp.benchmark.testcode,These nested if statements could be combined
/Users/dwichers/git/benchmark/src/main/java/org/owasp/benchmark/testcode/BenchmarkTest01603.java,BenchmarkTest01603$Test,doSomething,115,115,24,29,UnusedLocalVariable,Unused Code,org.owasp.benchmark.testcode,Avoid unused local variables such as 'f74856'.
/Users/dwichers/git/benchmark/src/main/java/org/owasp/benchmark/testcode/BenchmarkTest01604.java,BenchmarkTest01604,doPost,49,49,24,26,UnusedLocalVariable,Unused Code,org.owasp.benchmark.testcode,Avoid unused local variables such as 'bar'.
/Users/dwichers/git/benchmark/src/main/java/org/owasp/benchmark/testcode/BenchmarkTest01605.java,BenchmarkTest01605,doPost,49,49,24,26,UnusedLocalVariable,Unused Code,org.owasp.benchmark.testcode,Avoid unused local variables such as 'bar'.
/Users/dwichers/git/benchmark/src/main/java/org/owasp/benchmark/testcode/BenchmarkTest01611.java,BenchmarkTest01611,doPost,49,49,24,26,UnusedLocalVariable,Unused Code,org.owasp.benchmark.testcode,Avoid unused local variables such as 'bar'.
/Users/dwichers/git/benchmark/src/main/java/org/owasp/benchmark/testcode/BenchmarkTest01611.java,BenchmarkTest01611,doPost,73,75,49,49,CollapsibleIfStatements,Basic,org.owasp.benchmark.testcode,These nested if statements could be combined
/Users/dwichers/git/benchmark/src/main/java/org/owasp/benchmark/testcode/BenchmarkTest01612.java,BenchmarkTest01612,doPost,49,49,24,26,UnusedLocalVariable,Unused Code,org.owasp.benchmark.testcode,Avoid unused local variables such as 'bar'.
/Users/dwichers/git/benchmark/src/main/java/org/owasp/benchmark/testcode/BenchmarkTest01612.java,BenchmarkTest01612,doPost,68,70,49,49,CollapsibleIfStatements,Basic,org.owasp.benchmark.testcode,These nested if statements could be combined
/Users/dwichers/git/benchmark/src/main/java/org/owasp/benchmark/testcode/BenchmarkTest01613.java,BenchmarkTest01613,doPost,49,49,24,26,UnusedLocalVariable,Unused Code,org.owasp.benchmark.testcode,Avoid unused local variables such as 'bar'.
/Users/dwichers/git/benchmark/src/main/java/org/owasp/benchmark/testcode/BenchmarkTest01613.java,BenchmarkTest01613,doPost,68,70,49,49,CollapsibleIfStatements,Basic,org.owasp.benchmark.testcode,These nested if statements could be combined
/Users/dwichers/git/benchmark/src/main/java/org/owasp/benchmark/testcode/BenchmarkTest01614.java,BenchmarkTest01614,doPost,49,49,24,26,UnusedLocalVariable,Unused Code,org.owasp.benchmark.testcode,Avoid unused local variables such as 'bar'.
/Users/dwichers/git/benchmark/src/main/java/org/owasp/benchmark/testcode/BenchmarkTest01614.java,BenchmarkTest01614,doPost,68,70,49,49,CollapsibleIfStatements,Basic,org.owasp.benchmark.testcode,These nested if statements could be combined
/Users/dwichers/git/benchmark/src/main/java/org/owasp/benchmark/testcode/BenchmarkTest01629.java,BenchmarkTest01629,doPost,55,55,29,33,UnusedLocalVariable,Unused Code,org.owasp.benchmark.testcode,Avoid unused local variables such as 'count'.
/Users/dwichers/git/benchmark/src/main/java/org/owasp/benchmark/testcode/BenchmarkTest01630.java,BenchmarkTest01630,doPost,55,55,29,33,UnusedLocalVariable,Unused Code,org.owasp.benchmark.testcode,Avoid unused local variables such as 'count'.
/Users/dwichers/git/benchmark/src/main/java/org/owasp/benchmark/testcode/BenchmarkTest01631.java,BenchmarkTest01631,doPost,55,55,29,33,UnusedLocalVariable,Unused Code,org.owasp.benchmark.testcode,Avoid unused local variables such as 'count'.
/Users/dwichers/git/benchmark/src/main/java/org/owasp/benchmark/testcode/BenchmarkTest01633.java,BenchmarkTest01633$Test,doSomething,97,97,24,29,UnusedLocalVariable,Unused Code,org.owasp.benchmark.testcode,Avoid unused local variables such as 'f31144'.
/Users/dwichers/git/benchmark/src/main/java/org/owasp/benchmark/testcode/BenchmarkTest01634.java,BenchmarkTest01634$Test,doSomething,164,164,24,29,UnusedLocalVariable,Unused Code,org.owasp.benchmark.testcode,Avoid unused local variables such as 'f37769'.
/Users/dwichers/git/benchmark/src/main/java/org/owasp/benchmark/testcode/BenchmarkTest01644.java,BenchmarkTest01644,doPost,87,89,19,17,EmptyCatchBlock,Empty Code,org.owasp.benchmark.testcode,Avoid empty catch blocks
/Users/dwichers/git/benchmark/src/main/java/org/owasp/benchmark/testcode/BenchmarkTest01645.java,BenchmarkTest01645,doPost,84,86,35,33,EmptyCatchBlock,Empty Code,org.owasp.benchmark.testcode,Avoid empty catch blocks
/Users/dwichers/git/benchmark/src/main/java/org/owasp/benchmark/testcode/BenchmarkTest01646.java,BenchmarkTest01646,doPost,81,83,35,33,EmptyCatchBlock,Empty Code,org.owasp.benchmark.testcode,Avoid empty catch blocks
/Users/dwichers/git/benchmark/src/main/java/org/owasp/benchmark/testcode/BenchmarkTest01647.java,BenchmarkTest01647,doPost,81,83,35,33,EmptyCatchBlock,Empty Code,org.owasp.benchmark.testcode,Avoid empty catch blocks
/Users/dwichers/git/benchmark/src/main/java/org/owasp/benchmark/testcode/BenchmarkTest01648.java,BenchmarkTest01648,doPost,60,60,24,26,UnusedLocalVariable,Unused Code,org.owasp.benchmark.testcode,Avoid unused local variables such as 'bar'.
/Users/dwichers/git/benchmark/src/main/java/org/owasp/benchmark/testcode/BenchmarkTest01648.java,BenchmarkTest01648,doPost,78,80,41,41,CollapsibleIfStatements,Basic,org.owasp.benchmark.testcode,These nested if statements could be combined
/Users/dwichers/git/benchmark/src/main/java/org/owasp/benchmark/testcode/BenchmarkTest01675.java,BenchmarkTest01675,doPost,60,60,24,26,UnusedLocalVariable,Unused Code,org.owasp.benchmark.testcode,Avoid unused local variables such as 'bar'.
/Users/dwichers/git/benchmark/src/main/java/org/owasp/benchmark/testcode/BenchmarkTest01675.java,BenchmarkTest01675,doPost,79,81,41,41,CollapsibleIfStatements,Basic,org.owasp.benchmark.testcode,These nested if statements could be combined
/Users/dwichers/git/benchmark/src/main/java/org/owasp/benchmark/testcode/BenchmarkTest01676.java,BenchmarkTest01676,doPost,60,60,24,26,UnusedLocalVariable,Unused Code,org.owasp.benchmark.testcode,Avoid unused local variables such as 'bar'.
/Users/dwichers/git/benchmark/src/main/java/org/owasp/benchmark/testcode/BenchmarkTest01676.java,BenchmarkTest01676,doPost,78,80,41,41,CollapsibleIfStatements,Basic,org.owasp.benchmark.testcode,These nested if statements could be combined
/Users/dwichers/git/benchmark/src/main/java/org/owasp/benchmark/testcode/BenchmarkTest01677.java,BenchmarkTest01677,doPost,60,60,24,26,UnusedLocalVariable,Unused Code,org.owasp.benchmark.testcode,Avoid unused local variables such as 'bar'.
/Users/dwichers/git/benchmark/src/main/java/org/owasp/benchmark/testcode/BenchmarkTest01677.java,BenchmarkTest01677,doPost,78,80,41,41,CollapsibleIfStatements,Basic,org.owasp.benchmark.testcode,These nested if statements could be combined
/Users/dwichers/git/benchmark/src/main/java/org/owasp/benchmark/testcode/BenchmarkTest01678.java,BenchmarkTest01678,doPost,60,60,24,26,UnusedLocalVariable,Unused Code,org.owasp.benchmark.testcode,Avoid unused local variables such as 'bar'.
/Users/dwichers/git/benchmark/src/main/java/org/owasp/benchmark/testcode/BenchmarkTest01678.java,BenchmarkTest01678,doPost,78,80,41,41,CollapsibleIfStatements,Basic,org.owasp.benchmark.testcode,These nested if statements could be combined
/Users/dwichers/git/benchmark/src/main/java/org/owasp/benchmark/testcode/BenchmarkTest01679.java,BenchmarkTest01679,doPost,60,60,24,26,UnusedLocalVariable,Unused Code,org.owasp.benchmark.testcode,Avoid unused local variables such as 'bar'.
/Users/dwichers/git/benchmark/src/main/java/org/owasp/benchmark/testcode/BenchmarkTest01679.java,BenchmarkTest01679,doPost,78,80,41,41,CollapsibleIfStatements,Basic,org.owasp.benchmark.testcode,These nested if statements could be combined
/Users/dwichers/git/benchmark/src/main/java/org/owasp/benchmark/testcode/BenchmarkTest01680.java,BenchmarkTest01680,doPost,60,60,24,26,UnusedLocalVariable,Unused Code,org.owasp.benchmark.testcode,Avoid unused local variables such as 'bar'.
/Users/dwichers/git/benchmark/src/main/java/org/owasp/benchmark/testcode/BenchmarkTest01680.java,BenchmarkTest01680,doPost,78,80,41,41,CollapsibleIfStatements,Basic,org.owasp.benchmark.testcode,These nested if statements could be combined
/Users/dwichers/git/benchmark/src/main/java/org/owasp/benchmark/testcode/BenchmarkTest01681.java,BenchmarkTest01681,doPost,60,60,24,26,UnusedLocalVariable,Unused Code,org.owasp.benchmark.testcode,Avoid unused local variables such as 'bar'.
/Users/dwichers/git/benchmark/src/main/java/org/owasp/benchmark/testcode/BenchmarkTest01681.java,BenchmarkTest01681,doPost,78,80,41,41,CollapsibleIfStatements,Basic,org.owasp.benchmark.testcode,These nested if statements could be combined
/Users/dwichers/git/benchmark/src/main/java/org/owasp/benchmark/testcode/BenchmarkTest01682.java,BenchmarkTest01682,doPost,60,60,24,26,UnusedLocalVariable,Unused Code,org.owasp.benchmark.testcode,Avoid unused local variables such as 'bar'.
/Users/dwichers/git/benchmark/src/main/java/org/owasp/benchmark/testcode/BenchmarkTest01683.java,BenchmarkTest01683,doPost,60,60,24,26,UnusedLocalVariable,Unused Code,org.owasp.benchmark.testcode,Avoid unused local variables such as 'bar'.
/Users/dwichers/git/benchmark/src/main/java/org/owasp/benchmark/testcode/BenchmarkTest01684.java,BenchmarkTest01684,doPost,60,60,24,26,UnusedLocalVariable,Unused Code,org.owasp.benchmark.testcode,Avoid unused local variables such as 'bar'.
/Users/dwichers/git/benchmark/src/main/java/org/owasp/benchmark/testcode/BenchmarkTest01692.java,BenchmarkTest01692$Test,doSomething,96,96,24,29,UnusedLocalVariable,Unused Code,org.owasp.benchmark.testcode,Avoid unused local variables such as 'f28453'.
/Users/dwichers/git/benchmark/src/main/java/org/owasp/benchmark/testcode/BenchmarkTest01694.java,BenchmarkTest01694,doPost,60,60,24,26,UnusedLocalVariable,Unused Code,org.owasp.benchmark.testcode,Avoid unused local variables such as 'bar'.
/Users/dwichers/git/benchmark/src/main/java/org/owasp/benchmark/testcode/BenchmarkTest01694.java,BenchmarkTest01694,doPost,84,86,49,49,CollapsibleIfStatements,Basic,org.owasp.benchmark.testcode,These nested if statements could be combined
/Users/dwichers/git/benchmark/src/main/java/org/owasp/benchmark/testcode/BenchmarkTest01695.java,BenchmarkTest01695,doPost,60,60,24,26,UnusedLocalVariable,Unused Code,org.owasp.benchmark.testcode,Avoid unused local variables such as 'bar'.
/Users/dwichers/git/benchmark/src/main/java/org/owasp/benchmark/testcode/BenchmarkTest01695.java,BenchmarkTest01695,doPost,84,86,49,49,CollapsibleIfStatements,Basic,org.owasp.benchmark.testcode,These nested if statements could be combined
/Users/dwichers/git/benchmark/src/main/java/org/owasp/benchmark/testcode/BenchmarkTest01696.java,BenchmarkTest01696,doPost,60,60,24,26,UnusedLocalVariable,Unused Code,org.owasp.benchmark.testcode,Avoid unused local variables such as 'bar'.
/Users/dwichers/git/benchmark/src/main/java/org/owasp/benchmark/testcode/BenchmarkTest01696.java,BenchmarkTest01696,doPost,80,82,49,49,CollapsibleIfStatements,Basic,org.owasp.benchmark.testcode,These nested if statements could be combined
/Users/dwichers/git/benchmark/src/main/java/org/owasp/benchmark/testcode/BenchmarkTest01697.java,BenchmarkTest01697,doPost,60,60,24,26,UnusedLocalVariable,Unused Code,org.owasp.benchmark.testcode,Avoid unused local variables such as 'bar'.
/Users/dwichers/git/benchmark/src/main/java/org/owasp/benchmark/testcode/BenchmarkTest01697.java,BenchmarkTest01697,doPost,80,82,49,49,CollapsibleIfStatements,Basic,org.owasp.benchmark.testcode,These nested if statements could be combined
/Users/dwichers/git/benchmark/src/main/java/org/owasp/benchmark/testcode/BenchmarkTest01698.java,BenchmarkTest01698,doPost,60,60,24,26,UnusedLocalVariable,Unused Code,org.owasp.benchmark.testcode,Avoid unused local variables such as 'bar'.
/Users/dwichers/git/benchmark/src/main/java/org/owasp/benchmark/testcode/BenchmarkTest01698.java,BenchmarkTest01698,doPost,81,83,49,49,CollapsibleIfStatements,Basic,org.owasp.benchmark.testcode,These nested if statements could be combined
/Users/dwichers/git/benchmark/src/main/java/org/owasp/benchmark/testcode/BenchmarkTest01698.java,BenchmarkTest01698$Test,doSomething,137,137,24,29,UnusedLocalVariable,Unused Code,org.owasp.benchmark.testcode,Avoid unused local variables such as 'f72232'.
/Users/dwichers/git/benchmark/src/main/java/org/owasp/benchmark/testcode/BenchmarkTest01699.java,BenchmarkTest01699,doPost,60,60,24,26,UnusedLocalVariable,Unused Code,org.owasp.benchmark.testcode,Avoid unused local variables such as 'bar'.
/Users/dwichers/git/benchmark/src/main/java/org/owasp/benchmark/testcode/BenchmarkTest01699.java,BenchmarkTest01699,doPost,81,83,49,49,CollapsibleIfStatements,Basic,org.owasp.benchmark.testcode,These nested if statements could be combined
/Users/dwichers/git/benchmark/src/main/java/org/owasp/benchmark/testcode/BenchmarkTest01700.java,BenchmarkTest01700,doPost,60,60,24,26,UnusedLocalVariable,Unused Code,org.owasp.benchmark.testcode,Avoid unused local variables such as 'bar'.
/Users/dwichers/git/benchmark/src/main/java/org/owasp/benchmark/testcode/BenchmarkTest01700.java,BenchmarkTest01700,doPost,81,83,49,49,CollapsibleIfStatements,Basic,org.owasp.benchmark.testcode,These nested if statements could be combined
/Users/dwichers/git/benchmark/src/main/java/org/owasp/benchmark/testcode/BenchmarkTest01701.java,BenchmarkTest01701,doPost,60,60,24,26,UnusedLocalVariable,Unused Code,org.owasp.benchmark.testcode,Avoid unused local variables such as 'bar'.
/Users/dwichers/git/benchmark/src/main/java/org/owasp/benchmark/testcode/BenchmarkTest01701.java,BenchmarkTest01701,doPost,80,82,49,49,CollapsibleIfStatements,Basic,org.owasp.benchmark.testcode,These nested if statements could be combined
/Users/dwichers/git/benchmark/src/main/java/org/owasp/benchmark/testcode/BenchmarkTest01702.java,BenchmarkTest01702,doPost,60,60,24,26,UnusedLocalVariable,Unused Code,org.owasp.benchmark.testcode,Avoid unused local variables such as 'bar'.
/Users/dwichers/git/benchmark/src/main/java/org/owasp/benchmark/testcode/BenchmarkTest01702.java,BenchmarkTest01702,doPost,80,82,49,49,CollapsibleIfStatements,Basic,org.owasp.benchmark.testcode,These nested if statements could be combined
/Users/dwichers/git/benchmark/src/main/java/org/owasp/benchmark/testcode/BenchmarkTest01703.java,BenchmarkTest01703,doPost,60,60,24,26,UnusedLocalVariable,Unused Code,org.owasp.benchmark.testcode,Avoid unused local variables such as 'bar'.
/Users/dwichers/git/benchmark/src/main/java/org/owasp/benchmark/testcode/BenchmarkTest01703.java,BenchmarkTest01703,doPost,79,81,49,49,CollapsibleIfStatements,Basic,org.owasp.benchmark.testcode,These nested if statements could be combined
/Users/dwichers/git/benchmark/src/main/java/org/owasp/benchmark/testcode/BenchmarkTest01704.java,BenchmarkTest01704,doPost,60,60,24,26,UnusedLocalVariable,Unused Code,org.owasp.benchmark.testcode,Avoid unused local variables such as 'bar'.
/Users/dwichers/git/benchmark/src/main/java/org/owasp/benchmark/testcode/BenchmarkTest01704.java,BenchmarkTest01704,doPost,79,81,49,49,CollapsibleIfStatements,Basic,org.owasp.benchmark.testcode,These nested if statements could be combined
/Users/dwichers/git/benchmark/src/main/java/org/owasp/benchmark/testcode/BenchmarkTest01705.java,BenchmarkTest01705,doPost,60,60,24,26,UnusedLocalVariable,Unused Code,org.owasp.benchmark.testcode,Avoid unused local variables such as 'bar'.
/Users/dwichers/git/benchmark/src/main/java/org/owasp/benchmark/testcode/BenchmarkTest01705.java,BenchmarkTest01705,doPost,79,81,49,49,CollapsibleIfStatements,Basic,org.owasp.benchmark.testcode,These nested if statements could be combined
/Users/dwichers/git/benchmark/src/main/java/org/owasp/benchmark/testcode/BenchmarkTest01706.java,BenchmarkTest01706,doPost,60,60,24,26,UnusedLocalVariable,Unused Code,org.owasp.benchmark.testcode,Avoid unused local variables such as 'bar'.
/Users/dwichers/git/benchmark/src/main/java/org/owasp/benchmark/testcode/BenchmarkTest01706.java,BenchmarkTest01706,doPost,79,81,49,49,CollapsibleIfStatements,Basic,org.owasp.benchmark.testcode,These nested if statements could be combined
/Users/dwichers/git/benchmark/src/main/java/org/owasp/benchmark/testcode/BenchmarkTest01707.java,BenchmarkTest01707,doPost,60,60,24,26,UnusedLocalVariable,Unused Code,org.owasp.benchmark.testcode,Avoid unused local variables such as 'bar'.
/Users/dwichers/git/benchmark/src/main/java/org/owasp/benchmark/testcode/BenchmarkTest01707.java,BenchmarkTest01707,doPost,79,81,49,49,CollapsibleIfStatements,Basic,org.owasp.benchmark.testcode,These nested if statements could be combined
/Users/dwichers/git/benchmark/src/main/java/org/owasp/benchmark/testcode/BenchmarkTest01733.java,BenchmarkTest01733,doPost,66,66,29,33,UnusedLocalVariable,Unused Code,org.owasp.benchmark.testcode,Avoid unused local variables such as 'count'.
/Users/dwichers/git/benchmark/src/main/java/org/owasp/benchmark/testcode/BenchmarkTest01744.java,BenchmarkTest01744$Test,doSomething,77,77,24,29,UnusedLocalVariable,Unused Code,org.owasp.benchmark.testcode,Avoid unused local variables such as 'f17402'.
/Users/dwichers/git/benchmark/src/main/java/org/owasp/benchmark/testcode/BenchmarkTest01748.java,BenchmarkTest01748,doPost,73,75,19,17,EmptyCatchBlock,Empty Code,org.owasp.benchmark.testcode,Avoid empty catch blocks
/Users/dwichers/git/benchmark/src/main/java/org/owasp/benchmark/testcode/BenchmarkTest01749.java,BenchmarkTest01749,doPost,73,75,19,17,EmptyCatchBlock,Empty Code,org.owasp.benchmark.testcode,Avoid empty catch blocks
/Users/dwichers/git/benchmark/src/main/java/org/owasp/benchmark/testcode/BenchmarkTest01750.java,BenchmarkTest01750,doPost,70,72,35,33,EmptyCatchBlock,Empty Code,org.owasp.benchmark.testcode,Avoid empty catch blocks
/Users/dwichers/git/benchmark/src/main/java/org/owasp/benchmark/testcode/BenchmarkTest01751.java,BenchmarkTest01751,doPost,67,69,35,33,EmptyCatchBlock,Empty Code,org.owasp.benchmark.testcode,Avoid empty catch blocks
/Users/dwichers/git/benchmark/src/main/java/org/owasp/benchmark/testcode/BenchmarkTest01752.java,BenchmarkTest01752,doPost,76,78,35,33,EmptyCatchBlock,Empty Code,org.owasp.benchmark.testcode,Avoid empty catch blocks
/Users/dwichers/git/benchmark/src/main/java/org/owasp/benchmark/testcode/BenchmarkTest01781.java,BenchmarkTest01781,doPost,46,46,24,26,UnusedLocalVariable,Unused Code,org.owasp.benchmark.testcode,Avoid unused local variables such as 'bar'.
/Users/dwichers/git/benchmark/src/main/java/org/owasp/benchmark/testcode/BenchmarkTest01781.java,BenchmarkTest01781,doPost,64,66,41,41,CollapsibleIfStatements,Basic,org.owasp.benchmark.testcode,These nested if statements could be combined
/Users/dwichers/git/benchmark/src/main/java/org/owasp/benchmark/testcode/BenchmarkTest01782.java,BenchmarkTest01782,doPost,46,46,24,26,UnusedLocalVariable,Unused Code,org.owasp.benchmark.testcode,Avoid unused local variables such as 'bar'.
/Users/dwichers/git/benchmark/src/main/java/org/owasp/benchmark/testcode/BenchmarkTest01782.java,BenchmarkTest01782,doPost,64,66,41,41,CollapsibleIfStatements,Basic,org.owasp.benchmark.testcode,These nested if statements could be combined
/Users/dwichers/git/benchmark/src/main/java/org/owasp/benchmark/testcode/BenchmarkTest01783.java,BenchmarkTest01783,doPost,46,46,24,26,UnusedLocalVariable,Unused Code,org.owasp.benchmark.testcode,Avoid unused local variables such as 'bar'.
/Users/dwichers/git/benchmark/src/main/java/org/owasp/benchmark/testcode/BenchmarkTest01783.java,BenchmarkTest01783,doPost,64,66,41,41,CollapsibleIfStatements,Basic,org.owasp.benchmark.testcode,These nested if statements could be combined
/Users/dwichers/git/benchmark/src/main/java/org/owasp/benchmark/testcode/BenchmarkTest01784.java,BenchmarkTest01784,doPost,46,46,24,26,UnusedLocalVariable,Unused Code,org.owasp.benchmark.testcode,Avoid unused local variables such as 'bar'.
/Users/dwichers/git/benchmark/src/main/java/org/owasp/benchmark/testcode/BenchmarkTest01784.java,BenchmarkTest01784,doPost,64,66,41,41,CollapsibleIfStatements,Basic,org.owasp.benchmark.testcode,These nested if statements could be combined
/Users/dwichers/git/benchmark/src/main/java/org/owasp/benchmark/testcode/BenchmarkTest01785.java,BenchmarkTest01785,doPost,46,46,24,26,UnusedLocalVariable,Unused Code,org.owasp.benchmark.testcode,Avoid unused local variables such as 'bar'.
/Users/dwichers/git/benchmark/src/main/java/org/owasp/benchmark/testcode/BenchmarkTest01785.java,BenchmarkTest01785,doPost,64,66,41,41,CollapsibleIfStatements,Basic,org.owasp.benchmark.testcode,These nested if statements could be combined
/Users/dwichers/git/benchmark/src/main/java/org/owasp/benchmark/testcode/BenchmarkTest01786.java,BenchmarkTest01786,doPost,46,46,24,26,UnusedLocalVariable,Unused Code,org.owasp.benchmark.testcode,Avoid unused local variables such as 'bar'.
/Users/dwichers/git/benchmark/src/main/java/org/owasp/benchmark/testcode/BenchmarkTest01786.java,BenchmarkTest01786,doPost,64,66,41,41,CollapsibleIfStatements,Basic,org.owasp.benchmark.testcode,These nested if statements could be combined
/Users/dwichers/git/benchmark/src/main/java/org/owasp/benchmark/testcode/BenchmarkTest01787.java,BenchmarkTest01787,doPost,46,46,24,26,UnusedLocalVariable,Unused Code,org.owasp.benchmark.testcode,Avoid unused local variables such as 'bar'.
/Users/dwichers/git/benchmark/src/main/java/org/owasp/benchmark/testcode/BenchmarkTest01787.java,BenchmarkTest01787,doPost,64,66,41,41,CollapsibleIfStatements,Basic,org.owasp.benchmark.testcode,These nested if statements could be combined
/Users/dwichers/git/benchmark/src/main/java/org/owasp/benchmark/testcode/BenchmarkTest01788.java,BenchmarkTest01788,doPost,46,46,24,26,UnusedLocalVariable,Unused Code,org.owasp.benchmark.testcode,Avoid unused local variables such as 'bar'.
/Users/dwichers/git/benchmark/src/main/java/org/owasp/benchmark/testcode/BenchmarkTest01788.java,BenchmarkTest01788,doPost,64,66,41,41,CollapsibleIfStatements,Basic,org.owasp.benchmark.testcode,These nested if statements could be combined
/Users/dwichers/git/benchmark/src/main/java/org/owasp/benchmark/testcode/BenchmarkTest01789.java,BenchmarkTest01789,doPost,46,46,24,26,UnusedLocalVariable,Unused Code,org.owasp.benchmark.testcode,Avoid unused local variables such as 'bar'.
/Users/dwichers/git/benchmark/src/main/java/org/owasp/benchmark/testcode/BenchmarkTest01797.java,BenchmarkTest01797,doPost,46,46,24,26,UnusedLocalVariable,Unused Code,org.owasp.benchmark.testcode,Avoid unused local variables such as 'bar'.
/Users/dwichers/git/benchmark/src/main/java/org/owasp/benchmark/testcode/BenchmarkTest01797.java,BenchmarkTest01797,doPost,66,68,49,49,CollapsibleIfStatements,Basic,org.owasp.benchmark.testcode,These nested if statements could be combined
/Users/dwichers/git/benchmark/src/main/java/org/owasp/benchmark/testcode/BenchmarkTest01798.java,BenchmarkTest01798,doPost,46,46,24,26,UnusedLocalVariable,Unused Code,org.owasp.benchmark.testcode,Avoid unused local variables such as 'bar'.
/Users/dwichers/git/benchmark/src/main/java/org/owasp/benchmark/testcode/BenchmarkTest01798.java,BenchmarkTest01798,doPost,65,67,49,49,CollapsibleIfStatements,Basic,org.owasp.benchmark.testcode,These nested if statements could be combined
/Users/dwichers/git/benchmark/src/main/java/org/owasp/benchmark/testcode/BenchmarkTest01799.java,BenchmarkTest01799,doPost,46,46,24,26,UnusedLocalVariable,Unused Code,org.owasp.benchmark.testcode,Avoid unused local variables such as 'bar'.
/Users/dwichers/git/benchmark/src/main/java/org/owasp/benchmark/testcode/BenchmarkTest01799.java,BenchmarkTest01799,doPost,65,67,49,49,CollapsibleIfStatements,Basic,org.owasp.benchmark.testcode,These nested if statements could be combined
/Users/dwichers/git/benchmark/src/main/java/org/owasp/benchmark/testcode/BenchmarkTest01800.java,BenchmarkTest01800,doPost,46,46,24,26,UnusedLocalVariable,Unused Code,org.owasp.benchmark.testcode,Avoid unused local variables such as 'bar'.
/Users/dwichers/git/benchmark/src/main/java/org/owasp/benchmark/testcode/BenchmarkTest01800.java,BenchmarkTest01800,doPost,65,67,49,49,CollapsibleIfStatements,Basic,org.owasp.benchmark.testcode,These nested if statements could be combined
/Users/dwichers/git/benchmark/src/main/java/org/owasp/benchmark/testcode/BenchmarkTest01801.java,BenchmarkTest01801,doPost,46,46,24,26,UnusedLocalVariable,Unused Code,org.owasp.benchmark.testcode,Avoid unused local variables such as 'bar'.
/Users/dwichers/git/benchmark/src/main/java/org/owasp/benchmark/testcode/BenchmarkTest01801.java,BenchmarkTest01801,doPost,65,67,49,49,CollapsibleIfStatements,Basic,org.owasp.benchmark.testcode,These nested if statements could be combined
/Users/dwichers/git/benchmark/src/main/java/org/owasp/benchmark/testcode/BenchmarkTest01809.java,BenchmarkTest01809$Test,doSomething,92,92,24,29,UnusedLocalVariable,Unused Code,org.owasp.benchmark.testcode,Avoid unused local variables such as 'f64594'.
/Users/dwichers/git/benchmark/src/main/java/org/owasp/benchmark/testcode/BenchmarkTest01819.java,BenchmarkTest01819,doPost,52,52,29,33,UnusedLocalVariable,Unused Code,org.owasp.benchmark.testcode,Avoid unused local variables such as 'count'.
/Users/dwichers/git/benchmark/src/main/java/org/owasp/benchmark/testcode/BenchmarkTest01820.java,BenchmarkTest01820,doPost,52,52,29,33,UnusedLocalVariable,Unused Code,org.owasp.benchmark.testcode,Avoid unused local variables such as 'count'.
/Users/dwichers/git/benchmark/src/main/java/org/owasp/benchmark/testcode/BenchmarkTest01838.java,BenchmarkTest01838,doPost,82,84,19,17,EmptyCatchBlock,Empty Code,org.owasp.benchmark.testcode,Avoid empty catch blocks
/Users/dwichers/git/benchmark/src/main/java/org/owasp/benchmark/testcode/BenchmarkTest01839.java,BenchmarkTest01839,doPost,76,78,35,33,EmptyCatchBlock,Empty Code,org.owasp.benchmark.testcode,Avoid empty catch blocks
/Users/dwichers/git/benchmark/src/main/java/org/owasp/benchmark/testcode/BenchmarkTest01840.java,BenchmarkTest01840,doPost,76,78,35,33,EmptyCatchBlock,Empty Code,org.owasp.benchmark.testcode,Avoid empty catch blocks
/Users/dwichers/git/benchmark/src/main/java/org/owasp/benchmark/testcode/BenchmarkTest01841.java,BenchmarkTest01841,doPost,85,87,35,33,EmptyCatchBlock,Empty Code,org.owasp.benchmark.testcode,Avoid empty catch blocks
/Users/dwichers/git/benchmark/src/main/java/org/owasp/benchmark/testcode/BenchmarkTest01841.java,BenchmarkTest01841,doSomething,106,106,24,29,UnusedLocalVariable,Unused Code,org.owasp.benchmark.testcode,Avoid unused local variables such as 'f14546'.
/Users/dwichers/git/benchmark/src/main/java/org/owasp/benchmark/testcode/BenchmarkTest01842.java,BenchmarkTest01842,doPost,55,55,24,26,UnusedLocalVariable,Unused Code,org.owasp.benchmark.testcode,Avoid unused local variables such as 'bar'.
/Users/dwichers/git/benchmark/src/main/java/org/owasp/benchmark/testcode/BenchmarkTest01842.java,BenchmarkTest01842,doPost,73,75,41,41,CollapsibleIfStatements,Basic,org.owasp.benchmark.testcode,These nested if statements could be combined
/Users/dwichers/git/benchmark/src/main/java/org/owasp/benchmark/testcode/BenchmarkTest01843.java,BenchmarkTest01843,doPost,55,55,24,26,UnusedLocalVariable,Unused Code,org.owasp.benchmark.testcode,Avoid unused local variables such as 'bar'.
/Users/dwichers/git/benchmark/src/main/java/org/owasp/benchmark/testcode/BenchmarkTest01843.java,BenchmarkTest01843,doPost,73,75,41,41,CollapsibleIfStatements,Basic,org.owasp.benchmark.testcode,These nested if statements could be combined
/Users/dwichers/git/benchmark/src/main/java/org/owasp/benchmark/testcode/BenchmarkTest01844.java,BenchmarkTest01844,doSomething,120,120,24,29,UnusedLocalVariable,Unused Code,org.owasp.benchmark.testcode,Avoid unused local variables such as 'f37183'.
/Users/dwichers/git/benchmark/src/main/java/org/owasp/benchmark/testcode/BenchmarkTest01849.java,BenchmarkTest01849,doSomething,112,112,24,29,UnusedLocalVariable,Unused Code,org.owasp.benchmark.testcode,Avoid unused local variables such as 'f45344'.
/Users/dwichers/git/benchmark/src/main/java/org/owasp/benchmark/testcode/BenchmarkTest01853.java,BenchmarkTest01853,doPost,55,55,24,26,UnusedLocalVariable,Unused Code,org.owasp.benchmark.testcode,Avoid unused local variables such as 'bar'.
/Users/dwichers/git/benchmark/src/main/java/org/owasp/benchmark/testcode/BenchmarkTest01853.java,BenchmarkTest01853,doPost,74,76,41,41,CollapsibleIfStatements,Basic,org.owasp.benchmark.testcode,These nested if statements could be combined
/Users/dwichers/git/benchmark/src/main/java/org/owasp/benchmark/testcode/BenchmarkTest01854.java,BenchmarkTest01854,doPost,55,55,24,26,UnusedLocalVariable,Unused Code,org.owasp.benchmark.testcode,Avoid unused local variables such as 'bar'.
/Users/dwichers/git/benchmark/src/main/java/org/owasp/benchmark/testcode/BenchmarkTest01854.java,BenchmarkTest01854,doPost,73,75,41,41,CollapsibleIfStatements,Basic,org.owasp.benchmark.testcode,These nested if statements could be combined
/Users/dwichers/git/benchmark/src/main/java/org/owasp/benchmark/testcode/BenchmarkTest01854.java,BenchmarkTest01854,doSomething,118,118,24,29,UnusedLocalVariable,Unused Code,org.owasp.benchmark.testcode,Avoid unused local variables such as 'f34242'.
/Users/dwichers/git/benchmark/src/main/java/org/owasp/benchmark/testcode/BenchmarkTest01855.java,BenchmarkTest01855,doPost,55,55,24,26,UnusedLocalVariable,Unused Code,org.owasp.benchmark.testcode,Avoid unused local variables such as 'bar'.
/Users/dwichers/git/benchmark/src/main/java/org/owasp/benchmark/testcode/BenchmarkTest01855.java,BenchmarkTest01855,doPost,73,75,41,41,CollapsibleIfStatements,Basic,org.owasp.benchmark.testcode,These nested if statements could be combined
/Users/dwichers/git/benchmark/src/main/java/org/owasp/benchmark/testcode/BenchmarkTest01856.java,BenchmarkTest01856,doPost,55,55,24,26,UnusedLocalVariable,Unused Code,org.owasp.benchmark.testcode,Avoid unused local variables such as 'bar'.
/Users/dwichers/git/benchmark/src/main/java/org/owasp/benchmark/testcode/BenchmarkTest01856.java,BenchmarkTest01856,doPost,73,75,41,41,CollapsibleIfStatements,Basic,org.owasp.benchmark.testcode,These nested if statements could be combined
/Users/dwichers/git/benchmark/src/main/java/org/owasp/benchmark/testcode/BenchmarkTest01857.java,BenchmarkTest01857,doPost,55,55,24,26,UnusedLocalVariable,Unused Code,org.owasp.benchmark.testcode,Avoid unused local variables such as 'bar'.
/Users/dwichers/git/benchmark/src/main/java/org/owasp/benchmark/testcode/BenchmarkTest01857.java,BenchmarkTest01857,doPost,73,75,41,41,CollapsibleIfStatements,Basic,org.owasp.benchmark.testcode,These nested if statements could be combined
/Users/dwichers/git/benchmark/src/main/java/org/owasp/benchmark/testcode/BenchmarkTest01858.java,BenchmarkTest01858,doPost,55,55,24,26,UnusedLocalVariable,Unused Code,org.owasp.benchmark.testcode,Avoid unused local variables such as 'bar'.
/Users/dwichers/git/benchmark/src/main/java/org/owasp/benchmark/testcode/BenchmarkTest01858.java,BenchmarkTest01858,doPost,73,75,41,41,CollapsibleIfStatements,Basic,org.owasp.benchmark.testcode,These nested if statements could be combined
/Users/dwichers/git/benchmark/src/main/java/org/owasp/benchmark/testcode/BenchmarkTest01859.java,BenchmarkTest01859,doPost,55,55,24,26,UnusedLocalVariable,Unused Code,org.owasp.benchmark.testcode,Avoid unused local variables such as 'bar'.
/Users/dwichers/git/benchmark/src/main/java/org/owasp/benchmark/testcode/BenchmarkTest01859.java,BenchmarkTest01859,doPost,73,75,41,41,CollapsibleIfStatements,Basic,org.owasp.benchmark.testcode,These nested if statements could be combined
/Users/dwichers/git/benchmark/src/main/java/org/owasp/benchmark/testcode/BenchmarkTest01860.java,BenchmarkTest01860,doPost,55,55,24,26,UnusedLocalVariable,Unused Code,org.owasp.benchmark.testcode,Avoid unused local variables such as 'bar'.
/Users/dwichers/git/benchmark/src/main/java/org/owasp/benchmark/testcode/BenchmarkTest01860.java,BenchmarkTest01860,doPost,73,75,41,41,CollapsibleIfStatements,Basic,org.owasp.benchmark.testcode,These nested if statements could be combined
/Users/dwichers/git/benchmark/src/main/java/org/owasp/benchmark/testcode/BenchmarkTest01861.java,BenchmarkTest01861,doPost,55,55,24,26,UnusedLocalVariable,Unused Code,org.owasp.benchmark.testcode,Avoid unused local variables such as 'bar'.
/Users/dwichers/git/benchmark/src/main/java/org/owasp/benchmark/testcode/BenchmarkTest01862.java,BenchmarkTest01862,doPost,55,55,24,26,UnusedLocalVariable,Unused Code,org.owasp.benchmark.testcode,Avoid unused local variables such as 'bar'.
/Users/dwichers/git/benchmark/src/main/java/org/owasp/benchmark/testcode/BenchmarkTest01863.java,BenchmarkTest01863,doPost,55,55,24,26,UnusedLocalVariable,Unused Code,org.owasp.benchmark.testcode,Avoid unused local variables such as 'bar'.
/Users/dwichers/git/benchmark/src/main/java/org/owasp/benchmark/testcode/BenchmarkTest01866.java,BenchmarkTest01866,doPost,55,55,24,26,UnusedLocalVariable,Unused Code,org.owasp.benchmark.testcode,Avoid unused local variables such as 'bar'.
/Users/dwichers/git/benchmark/src/main/java/org/owasp/benchmark/testcode/BenchmarkTest01866.java,BenchmarkTest01866,doPost,76,78,49,49,CollapsibleIfStatements,Basic,org.owasp.benchmark.testcode,These nested if statements could be combined
/Users/dwichers/git/benchmark/src/main/java/org/owasp/benchmark/testcode/BenchmarkTest01867.java,BenchmarkTest01867,doPost,55,55,24,26,UnusedLocalVariable,Unused Code,org.owasp.benchmark.testcode,Avoid unused local variables such as 'bar'.
/Users/dwichers/git/benchmark/src/main/java/org/owasp/benchmark/testcode/BenchmarkTest01867.java,BenchmarkTest01867,doPost,76,78,49,49,CollapsibleIfStatements,Basic,org.owasp.benchmark.testcode,These nested if statements could be combined
/Users/dwichers/git/benchmark/src/main/java/org/owasp/benchmark/testcode/BenchmarkTest01868.java,BenchmarkTest01868,doPost,55,55,24,26,UnusedLocalVariable,Unused Code,org.owasp.benchmark.testcode,Avoid unused local variables such as 'bar'.
/Users/dwichers/git/benchmark/src/main/java/org/owasp/benchmark/testcode/BenchmarkTest01868.java,BenchmarkTest01868,doPost,79,81,49,49,CollapsibleIfStatements,Basic,org.owasp.benchmark.testcode,These nested if statements could be combined
/Users/dwichers/git/benchmark/src/main/java/org/owasp/benchmark/testcode/BenchmarkTest01869.java,BenchmarkTest01869,doPost,55,55,24,26,UnusedLocalVariable,Unused Code,org.owasp.benchmark.testcode,Avoid unused local variables such as 'bar'.
/Users/dwichers/git/benchmark/src/main/java/org/owasp/benchmark/testcode/BenchmarkTest01869.java,BenchmarkTest01869,doPost,79,81,49,49,CollapsibleIfStatements,Basic,org.owasp.benchmark.testcode,These nested if statements could be combined
/Users/dwichers/git/benchmark/src/main/java/org/owasp/benchmark/testcode/BenchmarkTest01870.java,BenchmarkTest01870,doPost,55,55,24,26,UnusedLocalVariable,Unused Code,org.owasp.benchmark.testcode,Avoid unused local variables such as 'bar'.
/Users/dwichers/git/benchmark/src/main/java/org/owasp/benchmark/testcode/BenchmarkTest01870.java,BenchmarkTest01870,doPost,74,76,49,49,CollapsibleIfStatements,Basic,org.owasp.benchmark.testcode,These nested if statements could be combined
/Users/dwichers/git/benchmark/src/main/java/org/owasp/benchmark/testcode/BenchmarkTest01871.java,BenchmarkTest01871,doPost,55,55,24,26,UnusedLocalVariable,Unused Code,org.owasp.benchmark.testcode,Avoid unused local variables such as 'bar'.
/Users/dwichers/git/benchmark/src/main/java/org/owasp/benchmark/testcode/BenchmarkTest01871.java,BenchmarkTest01871,doPost,74,76,49,49,CollapsibleIfStatements,Basic,org.owasp.benchmark.testcode,These nested if statements could be combined
/Users/dwichers/git/benchmark/src/main/java/org/owasp/benchmark/testcode/BenchmarkTest01886.java,BenchmarkTest01886,doSomething,88,88,24,29,UnusedLocalVariable,Unused Code,org.owasp.benchmark.testcode,Avoid unused local variables such as 'f16884'.
/Users/dwichers/git/benchmark/src/main/java/org/owasp/benchmark/testcode/BenchmarkTest01887.java,BenchmarkTest01887,doPost,61,61,29,33,UnusedLocalVariable,Unused Code,org.owasp.benchmark.testcode,Avoid unused local variables such as 'count'.
/Users/dwichers/git/benchmark/src/main/java/org/owasp/benchmark/testcode/BenchmarkTest01888.java,BenchmarkTest01888,doPost,61,61,29,33,UnusedLocalVariable,Unused Code,org.owasp.benchmark.testcode,Avoid unused local variables such as 'count'.
/Users/dwichers/git/benchmark/src/main/java/org/owasp/benchmark/testcode/BenchmarkTest01889.java,BenchmarkTest01889,doPost,61,61,29,33,UnusedLocalVariable,Unused Code,org.owasp.benchmark.testcode,Avoid unused local variables such as 'count'.
/Users/dwichers/git/benchmark/src/main/java/org/owasp/benchmark/testcode/BenchmarkTest01890.java,BenchmarkTest01890,doPost,61,61,29,33,UnusedLocalVariable,Unused Code,org.owasp.benchmark.testcode,Avoid unused local variables such as 'count'.
/Users/dwichers/git/benchmark/src/main/java/org/owasp/benchmark/testcode/BenchmarkTest01891.java,BenchmarkTest01891,doPost,61,61,29,33,UnusedLocalVariable,Unused Code,org.owasp.benchmark.testcode,Avoid unused local variables such as 'count'.
/Users/dwichers/git/benchmark/src/main/java/org/owasp/benchmark/testcode/BenchmarkTest01905.java,BenchmarkTest01905,doPost,75,77,35,33,EmptyCatchBlock,Empty Code,org.owasp.benchmark.testcode,Avoid empty catch blocks
/Users/dwichers/git/benchmark/src/main/java/org/owasp/benchmark/testcode/BenchmarkTest01906.java,BenchmarkTest01906,doPost,72,74,35,33,EmptyCatchBlock,Empty Code,org.owasp.benchmark.testcode,Avoid empty catch blocks
/Users/dwichers/git/benchmark/src/main/java/org/owasp/benchmark/testcode/BenchmarkTest01907.java,BenchmarkTest01907,doPost,72,74,35,33,EmptyCatchBlock,Empty Code,org.owasp.benchmark.testcode,Avoid empty catch blocks
/Users/dwichers/git/benchmark/src/main/java/org/owasp/benchmark/testcode/BenchmarkTest01908.java,BenchmarkTest01908,doPost,79,81,19,17,EmptyCatchBlock,Empty Code,org.owasp.benchmark.testcode,Avoid empty catch blocks
/Users/dwichers/git/benchmark/src/main/java/org/owasp/benchmark/testcode/BenchmarkTest01910.java,BenchmarkTest01910,doPost,51,51,24,26,UnusedLocalVariable,Unused Code,org.owasp.benchmark.testcode,Avoid unused local variables such as 'bar'.
/Users/dwichers/git/benchmark/src/main/java/org/owasp/benchmark/testcode/BenchmarkTest01910.java,BenchmarkTest01910,doPost,69,71,41,41,CollapsibleIfStatements,Basic,org.owasp.benchmark.testcode,These nested if statements could be combined
/Users/dwichers/git/benchmark/src/main/java/org/owasp/benchmark/testcode/BenchmarkTest01930.java,BenchmarkTest01930,doPost,51,51,24,26,UnusedLocalVariable,Unused Code,org.owasp.benchmark.testcode,Avoid unused local variables such as 'bar'.
/Users/dwichers/git/benchmark/src/main/java/org/owasp/benchmark/testcode/BenchmarkTest01930.java,BenchmarkTest01930,doPost,69,71,41,41,CollapsibleIfStatements,Basic,org.owasp.benchmark.testcode,These nested if statements could be combined
/Users/dwichers/git/benchmark/src/main/java/org/owasp/benchmark/testcode/BenchmarkTest01931.java,BenchmarkTest01931,doPost,51,51,24,26,UnusedLocalVariable,Unused Code,org.owasp.benchmark.testcode,Avoid unused local variables such as 'bar'.
/Users/dwichers/git/benchmark/src/main/java/org/owasp/benchmark/testcode/BenchmarkTest01931.java,BenchmarkTest01931,doPost,69,71,41,41,CollapsibleIfStatements,Basic,org.owasp.benchmark.testcode,These nested if statements could be combined
/Users/dwichers/git/benchmark/src/main/java/org/owasp/benchmark/testcode/BenchmarkTest01932.java,BenchmarkTest01932,doPost,51,51,24,26,UnusedLocalVariable,Unused Code,org.owasp.benchmark.testcode,Avoid unused local variables such as 'bar'.
/Users/dwichers/git/benchmark/src/main/java/org/owasp/benchmark/testcode/BenchmarkTest01932.java,BenchmarkTest01932,doPost,69,71,41,41,CollapsibleIfStatements,Basic,org.owasp.benchmark.testcode,These nested if statements could be combined
/Users/dwichers/git/benchmark/src/main/java/org/owasp/benchmark/testcode/BenchmarkTest01933.java,BenchmarkTest01933,doPost,51,51,24,26,UnusedLocalVariable,Unused Code,org.owasp.benchmark.testcode,Avoid unused local variables such as 'bar'.
/Users/dwichers/git/benchmark/src/main/java/org/owasp/benchmark/testcode/BenchmarkTest01933.java,BenchmarkTest01933,doPost,69,71,41,41,CollapsibleIfStatements,Basic,org.owasp.benchmark.testcode,These nested if statements could be combined
/Users/dwichers/git/benchmark/src/main/java/org/owasp/benchmark/testcode/BenchmarkTest01934.java,BenchmarkTest01934,doPost,51,51,24,26,UnusedLocalVariable,Unused Code,org.owasp.benchmark.testcode,Avoid unused local variables such as 'bar'.
/Users/dwichers/git/benchmark/src/main/java/org/owasp/benchmark/testcode/BenchmarkTest01934.java,BenchmarkTest01934,doPost,69,71,41,41,CollapsibleIfStatements,Basic,org.owasp.benchmark.testcode,These nested if statements could be combined
/Users/dwichers/git/benchmark/src/main/java/org/owasp/benchmark/testcode/BenchmarkTest01935.java,BenchmarkTest01935,doPost,51,51,24,26,UnusedLocalVariable,Unused Code,org.owasp.benchmark.testcode,Avoid unused local variables such as 'bar'.
/Users/dwichers/git/benchmark/src/main/java/org/owasp/benchmark/testcode/BenchmarkTest01941.java,BenchmarkTest01941,doSomething,81,81,24,29,UnusedLocalVariable,Unused Code,org.owasp.benchmark.testcode,Avoid unused local variables such as 'f20426'.
/Users/dwichers/git/benchmark/src/main/java/org/owasp/benchmark/testcode/BenchmarkTest01945.java,BenchmarkTest01945,doPost,51,51,24,26,UnusedLocalVariable,Unused Code,org.owasp.benchmark.testcode,Avoid unused local variables such as 'bar'.
/Users/dwichers/git/benchmark/src/main/java/org/owasp/benchmark/testcode/BenchmarkTest01945.java,BenchmarkTest01945,doPost,75,77,49,49,CollapsibleIfStatements,Basic,org.owasp.benchmark.testcode,These nested if statements could be combined
/Users/dwichers/git/benchmark/src/main/java/org/owasp/benchmark/testcode/BenchmarkTest01946.java,BenchmarkTest01946,doPost,51,51,24,26,UnusedLocalVariable,Unused Code,org.owasp.benchmark.testcode,Avoid unused local variables such as 'bar'.
/Users/dwichers/git/benchmark/src/main/java/org/owasp/benchmark/testcode/BenchmarkTest01946.java,BenchmarkTest01946,doPost,75,77,49,49,CollapsibleIfStatements,Basic,org.owasp.benchmark.testcode,These nested if statements could be combined
/Users/dwichers/git/benchmark/src/main/java/org/owasp/benchmark/testcode/BenchmarkTest01947.java,BenchmarkTest01947,doPost,51,51,24,26,UnusedLocalVariable,Unused Code,org.owasp.benchmark.testcode,Avoid unused local variables such as 'bar'.
/Users/dwichers/git/benchmark/src/main/java/org/owasp/benchmark/testcode/BenchmarkTest01947.java,BenchmarkTest01947,doPost,75,77,49,49,CollapsibleIfStatements,Basic,org.owasp.benchmark.testcode,These nested if statements could be combined
/Users/dwichers/git/benchmark/src/main/java/org/owasp/benchmark/testcode/BenchmarkTest01948.java,BenchmarkTest01948,doPost,51,51,24,26,UnusedLocalVariable,Unused Code,org.owasp.benchmark.testcode,Avoid unused local variables such as 'bar'.
/Users/dwichers/git/benchmark/src/main/java/org/owasp/benchmark/testcode/BenchmarkTest01948.java,BenchmarkTest01948,doPost,75,77,49,49,CollapsibleIfStatements,Basic,org.owasp.benchmark.testcode,These nested if statements could be combined
/Users/dwichers/git/benchmark/src/main/java/org/owasp/benchmark/testcode/BenchmarkTest01949.java,BenchmarkTest01949,doPost,51,51,24,26,UnusedLocalVariable,Unused Code,org.owasp.benchmark.testcode,Avoid unused local variables such as 'bar'.
/Users/dwichers/git/benchmark/src/main/java/org/owasp/benchmark/testcode/BenchmarkTest01949.java,BenchmarkTest01949,doPost,71,73,49,49,CollapsibleIfStatements,Basic,org.owasp.benchmark.testcode,These nested if statements could be combined
/Users/dwichers/git/benchmark/src/main/java/org/owasp/benchmark/testcode/BenchmarkTest01950.java,BenchmarkTest01950,doPost,51,51,24,26,UnusedLocalVariable,Unused Code,org.owasp.benchmark.testcode,Avoid unused local variables such as 'bar'.
/Users/dwichers/git/benchmark/src/main/java/org/owasp/benchmark/testcode/BenchmarkTest01950.java,BenchmarkTest01950,doPost,70,72,49,49,CollapsibleIfStatements,Basic,org.owasp.benchmark.testcode,These nested if statements could be combined
/Users/dwichers/git/benchmark/src/main/java/org/owasp/benchmark/testcode/BenchmarkTest01951.java,BenchmarkTest01951,doPost,51,51,24,26,UnusedLocalVariable,Unused Code,org.owasp.benchmark.testcode,Avoid unused local variables such as 'bar'.
/Users/dwichers/git/benchmark/src/main/java/org/owasp/benchmark/testcode/BenchmarkTest01951.java,BenchmarkTest01951,doPost,70,72,49,49,CollapsibleIfStatements,Basic,org.owasp.benchmark.testcode,These nested if statements could be combined
/Users/dwichers/git/benchmark/src/main/java/org/owasp/benchmark/testcode/BenchmarkTest01952.java,BenchmarkTest01952,doPost,51,51,24,26,UnusedLocalVariable,Unused Code,org.owasp.benchmark.testcode,Avoid unused local variables such as 'bar'.
/Users/dwichers/git/benchmark/src/main/java/org/owasp/benchmark/testcode/BenchmarkTest01952.java,BenchmarkTest01952,doPost,70,72,49,49,CollapsibleIfStatements,Basic,org.owasp.benchmark.testcode,These nested if statements could be combined
/Users/dwichers/git/benchmark/src/main/java/org/owasp/benchmark/testcode/BenchmarkTest01953.java,BenchmarkTest01953,doPost,51,51,24,26,UnusedLocalVariable,Unused Code,org.owasp.benchmark.testcode,Avoid unused local variables such as 'bar'.
/Users/dwichers/git/benchmark/src/main/java/org/owasp/benchmark/testcode/BenchmarkTest01953.java,BenchmarkTest01953,doPost,70,72,49,49,CollapsibleIfStatements,Basic,org.owasp.benchmark.testcode,These nested if statements could be combined
/Users/dwichers/git/benchmark/src/main/java/org/owasp/benchmark/testcode/BenchmarkTest01954.java,BenchmarkTest01954,doPost,51,51,24,26,UnusedLocalVariable,Unused Code,org.owasp.benchmark.testcode,Avoid unused local variables such as 'bar'.
/Users/dwichers/git/benchmark/src/main/java/org/owasp/benchmark/testcode/BenchmarkTest01954.java,BenchmarkTest01954,doPost,70,72,49,49,CollapsibleIfStatements,Basic,org.owasp.benchmark.testcode,These nested if statements could be combined
/Users/dwichers/git/benchmark/src/main/java/org/owasp/benchmark/testcode/BenchmarkTest01961.java,BenchmarkTest01961,doSomething,87,87,24,29,UnusedLocalVariable,Unused Code,org.owasp.benchmark.testcode,Avoid unused local variables such as 'f99523'.
/Users/dwichers/git/benchmark/src/main/java/org/owasp/benchmark/testcode/BenchmarkTest01973.java,BenchmarkTest01973,doPost,57,57,29,33,UnusedLocalVariable,Unused Code,org.owasp.benchmark.testcode,Avoid unused local variables such as 'count'.
/Users/dwichers/git/benchmark/src/main/java/org/owasp/benchmark/testcode/BenchmarkTest01988.java,BenchmarkTest01988,doPost,87,89,19,17,EmptyCatchBlock,Empty Code,org.owasp.benchmark.testcode,Avoid empty catch blocks
/Users/dwichers/git/benchmark/src/main/java/org/owasp/benchmark/testcode/BenchmarkTest01989.java,BenchmarkTest01989,doPost,81,83,35,33,EmptyCatchBlock,Empty Code,org.owasp.benchmark.testcode,Avoid empty catch blocks
/Users/dwichers/git/benchmark/src/main/java/org/owasp/benchmark/testcode/BenchmarkTest01990.java,BenchmarkTest01990,doPost,81,83,35,33,EmptyCatchBlock,Empty Code,org.owasp.benchmark.testcode,Avoid empty catch blocks
/Users/dwichers/git/benchmark/src/main/java/org/owasp/benchmark/testcode/BenchmarkTest01991.java,BenchmarkTest01991,doPost,88,90,19,17,EmptyCatchBlock,Empty Code,org.owasp.benchmark.testcode,Avoid empty catch blocks
/Users/dwichers/git/benchmark/src/main/java/org/owasp/benchmark/testcode/BenchmarkTest01991.java,BenchmarkTest01991,doSomething,109,109,24,29,UnusedLocalVariable,Unused Code,org.owasp.benchmark.testcode,Avoid unused local variables such as 'f81108'.
/Users/dwichers/git/benchmark/src/main/java/org/owasp/benchmark/testcode/BenchmarkTest01992.java,BenchmarkTest01992,doPost,60,60,24,26,UnusedLocalVariable,Unused Code,org.owasp.benchmark.testcode,Avoid unused local variables such as 'bar'.
/Users/dwichers/git/benchmark/src/main/java/org/owasp/benchmark/testcode/BenchmarkTest01992.java,BenchmarkTest01992,doPost,78,80,41,41,CollapsibleIfStatements,Basic,org.owasp.benchmark.testcode,These nested if statements could be combined
/Users/dwichers/git/benchmark/src/main/java/org/owasp/benchmark/testcode/BenchmarkTest01995.java,BenchmarkTest01995,doSomething,114,114,24,29,UnusedLocalVariable,Unused Code,org.owasp.benchmark.testcode,Avoid unused local variables such as 'f33633'.
/Users/dwichers/git/benchmark/src/main/java/org/owasp/benchmark/testcode/BenchmarkTest01999.java,BenchmarkTest01999,doPost,60,60,24,26,UnusedLocalVariable,Unused Code,org.owasp.benchmark.testcode,Avoid unused local variables such as 'bar'.
/Users/dwichers/git/benchmark/src/main/java/org/owasp/benchmark/testcode/BenchmarkTest01999.java,BenchmarkTest01999,doPost,79,81,41,41,CollapsibleIfStatements,Basic,org.owasp.benchmark.testcode,These nested if statements could be combined
/Users/dwichers/git/benchmark/src/main/java/org/owasp/benchmark/testcode/BenchmarkTest02000.java,BenchmarkTest02000,doPost,60,60,24,26,UnusedLocalVariable,Unused Code,org.owasp.benchmark.testcode,Avoid unused local variables such as 'bar'.
/Users/dwichers/git/benchmark/src/main/java/org/owasp/benchmark/testcode/BenchmarkTest02000.java,BenchmarkTest02000,doPost,79,81,41,41,CollapsibleIfStatements,Basic,org.owasp.benchmark.testcode,These nested if statements could be combined
/Users/dwichers/git/benchmark/src/main/java/org/owasp/benchmark/testcode/BenchmarkTest02001.java,BenchmarkTest02001,doPost,60,60,24,26,UnusedLocalVariable,Unused Code,org.owasp.benchmark.testcode,Avoid unused local variables such as 'bar'.
/Users/dwichers/git/benchmark/src/main/java/org/owasp/benchmark/testcode/BenchmarkTest02001.java,BenchmarkTest02001,doPost,78,80,41,41,CollapsibleIfStatements,Basic,org.owasp.benchmark.testcode,These nested if statements could be combined
/Users/dwichers/git/benchmark/src/main/java/org/owasp/benchmark/testcode/BenchmarkTest02002.java,BenchmarkTest02002,doPost,60,60,24,26,UnusedLocalVariable,Unused Code,org.owasp.benchmark.testcode,Avoid unused local variables such as 'bar'.
/Users/dwichers/git/benchmark/src/main/java/org/owasp/benchmark/testcode/BenchmarkTest02002.java,BenchmarkTest02002,doPost,78,80,41,41,CollapsibleIfStatements,Basic,org.owasp.benchmark.testcode,These nested if statements could be combined
/Users/dwichers/git/benchmark/src/main/java/org/owasp/benchmark/testcode/BenchmarkTest02003.java,BenchmarkTest02003,doPost,60,60,24,26,UnusedLocalVariable,Unused Code,org.owasp.benchmark.testcode,Avoid unused local variables such as 'bar'.
/Users/dwichers/git/benchmark/src/main/java/org/owasp/benchmark/testcode/BenchmarkTest02003.java,BenchmarkTest02003,doPost,78,80,41,41,CollapsibleIfStatements,Basic,org.owasp.benchmark.testcode,These nested if statements could be combined
/Users/dwichers/git/benchmark/src/main/java/org/owasp/benchmark/testcode/BenchmarkTest02003.java,BenchmarkTest02003,doSomething,123,123,24,29,UnusedLocalVariable,Unused Code,org.owasp.benchmark.testcode,Avoid unused local variables such as 'f69278'.
/Users/dwichers/git/benchmark/src/main/java/org/owasp/benchmark/testcode/BenchmarkTest02004.java,BenchmarkTest02004,doPost,60,60,24,26,UnusedLocalVariable,Unused Code,org.owasp.benchmark.testcode,Avoid unused local variables such as 'bar'.
/Users/dwichers/git/benchmark/src/main/java/org/owasp/benchmark/testcode/BenchmarkTest02004.java,BenchmarkTest02004,doPost,78,80,41,41,CollapsibleIfStatements,Basic,org.owasp.benchmark.testcode,These nested if statements could be combined
/Users/dwichers/git/benchmark/src/main/java/org/owasp/benchmark/testcode/BenchmarkTest02005.java,BenchmarkTest02005,doPost,60,60,24,26,UnusedLocalVariable,Unused Code,org.owasp.benchmark.testcode,Avoid unused local variables such as 'bar'.
/Users/dwichers/git/benchmark/src/main/java/org/owasp/benchmark/testcode/BenchmarkTest02006.java,BenchmarkTest02006,doPost,60,60,24,26,UnusedLocalVariable,Unused Code,org.owasp.benchmark.testcode,Avoid unused local variables such as 'bar'.
/Users/dwichers/git/benchmark/src/main/java/org/owasp/benchmark/testcode/BenchmarkTest02007.java,BenchmarkTest02007,doPost,60,60,24,26,UnusedLocalVariable,Unused Code,org.owasp.benchmark.testcode,Avoid unused local variables such as 'bar'.
/Users/dwichers/git/benchmark/src/main/java/org/owasp/benchmark/testcode/BenchmarkTest02007.java,BenchmarkTest02007,doPost,84,86,49,49,CollapsibleIfStatements,Basic,org.owasp.benchmark.testcode,These nested if statements could be combined
/Users/dwichers/git/benchmark/src/main/java/org/owasp/benchmark/testcode/BenchmarkTest02008.java,BenchmarkTest02008,doPost,60,60,24,26,UnusedLocalVariable,Unused Code,org.owasp.benchmark.testcode,Avoid unused local variables such as 'bar'.
/Users/dwichers/git/benchmark/src/main/java/org/owasp/benchmark/testcode/BenchmarkTest02008.java,BenchmarkTest02008,doPost,84,86,49,49,CollapsibleIfStatements,Basic,org.owasp.benchmark.testcode,These nested if statements could be combined
/Users/dwichers/git/benchmark/src/main/java/org/owasp/benchmark/testcode/BenchmarkTest02008.java,BenchmarkTest02008,doSomething,136,136,24,29,UnusedLocalVariable,Unused Code,org.owasp.benchmark.testcode,Avoid unused local variables such as 'f97712'.
/Users/dwichers/git/benchmark/src/main/java/org/owasp/benchmark/testcode/BenchmarkTest02009.java,BenchmarkTest02009,doPost,60,60,24,26,UnusedLocalVariable,Unused Code,org.owasp.benchmark.testcode,Avoid unused local variables such as 'bar'.
/Users/dwichers/git/benchmark/src/main/java/org/owasp/benchmark/testcode/BenchmarkTest02009.java,BenchmarkTest02009,doPost,84,86,49,49,CollapsibleIfStatements,Basic,org.owasp.benchmark.testcode,These nested if statements could be combined
/Users/dwichers/git/benchmark/src/main/java/org/owasp/benchmark/testcode/BenchmarkTest02010.java,BenchmarkTest02010,doPost,60,60,24,26,UnusedLocalVariable,Unused Code,org.owasp.benchmark.testcode,Avoid unused local variables such as 'bar'.
/Users/dwichers/git/benchmark/src/main/java/org/owasp/benchmark/testcode/BenchmarkTest02010.java,BenchmarkTest02010,doPost,80,82,49,49,CollapsibleIfStatements,Basic,org.owasp.benchmark.testcode,These nested if statements could be combined
/Users/dwichers/git/benchmark/src/main/java/org/owasp/benchmark/testcode/BenchmarkTest02011.java,BenchmarkTest02011,doPost,60,60,24,26,UnusedLocalVariable,Unused Code,org.owasp.benchmark.testcode,Avoid unused local variables such as 'bar'.
/Users/dwichers/git/benchmark/src/main/java/org/owasp/benchmark/testcode/BenchmarkTest02011.java,BenchmarkTest02011,doPost,80,82,49,49,CollapsibleIfStatements,Basic,org.owasp.benchmark.testcode,These nested if statements could be combined
/Users/dwichers/git/benchmark/src/main/java/org/owasp/benchmark/testcode/BenchmarkTest02012.java,BenchmarkTest02012,doPost,60,60,24,26,UnusedLocalVariable,Unused Code,org.owasp.benchmark.testcode,Avoid unused local variables such as 'bar'.
/Users/dwichers/git/benchmark/src/main/java/org/owasp/benchmark/testcode/BenchmarkTest02012.java,BenchmarkTest02012,doPost,84,86,49,49,CollapsibleIfStatements,Basic,org.owasp.benchmark.testcode,These nested if statements could be combined
/Users/dwichers/git/benchmark/src/main/java/org/owasp/benchmark/testcode/BenchmarkTest02012.java,BenchmarkTest02012,doSomething,133,133,24,29,UnusedLocalVariable,Unused Code,org.owasp.benchmark.testcode,Avoid unused local variables such as 'f69185'.
/Users/dwichers/git/benchmark/src/main/java/org/owasp/benchmark/testcode/BenchmarkTest02013.java,BenchmarkTest02013,doPost,60,60,24,26,UnusedLocalVariable,Unused Code,org.owasp.benchmark.testcode,Avoid unused local variables such as 'bar'.
/Users/dwichers/git/benchmark/src/main/java/org/owasp/benchmark/testcode/BenchmarkTest02013.java,BenchmarkTest02013,doPost,80,82,49,49,CollapsibleIfStatements,Basic,org.owasp.benchmark.testcode,These nested if statements could be combined
/Users/dwichers/git/benchmark/src/main/java/org/owasp/benchmark/testcode/BenchmarkTest02014.java,BenchmarkTest02014,doPost,60,60,24,26,UnusedLocalVariable,Unused Code,org.owasp.benchmark.testcode,Avoid unused local variables such as 'bar'.
/Users/dwichers/git/benchmark/src/main/java/org/owasp/benchmark/testcode/BenchmarkTest02014.java,BenchmarkTest02014,doPost,79,81,49,49,CollapsibleIfStatements,Basic,org.owasp.benchmark.testcode,These nested if statements could be combined
/Users/dwichers/git/benchmark/src/main/java/org/owasp/benchmark/testcode/BenchmarkTest02030.java,BenchmarkTest02030,doSomething,96,96,24,29,UnusedLocalVariable,Unused Code,org.owasp.benchmark.testcode,Avoid unused local variables such as 'f60868'.
/Users/dwichers/git/benchmark/src/main/java/org/owasp/benchmark/testcode/BenchmarkTest02031.java,BenchmarkTest02031,doPost,80,82,19,17,EmptyCatchBlock,Empty Code,org.owasp.benchmark.testcode,Avoid empty catch blocks
/Users/dwichers/git/benchmark/src/main/java/org/owasp/benchmark/testcode/BenchmarkTest02032.java,BenchmarkTest02032,doPost,77,79,35,33,EmptyCatchBlock,Empty Code,org.owasp.benchmark.testcode,Avoid empty catch blocks
/Users/dwichers/git/benchmark/src/main/java/org/owasp/benchmark/testcode/BenchmarkTest02033.java,BenchmarkTest02033,doPost,74,76,35,33,EmptyCatchBlock,Empty Code,org.owasp.benchmark.testcode,Avoid empty catch blocks
/Users/dwichers/git/benchmark/src/main/java/org/owasp/benchmark/testcode/BenchmarkTest02034.java,BenchmarkTest02034,doPost,83,85,35,33,EmptyCatchBlock,Empty Code,org.owasp.benchmark.testcode,Avoid empty catch blocks
/Users/dwichers/git/benchmark/src/main/java/org/owasp/benchmark/testcode/BenchmarkTest02035.java,BenchmarkTest02035,doPost,81,83,19,17,EmptyCatchBlock,Empty Code,org.owasp.benchmark.testcode,Avoid empty catch blocks
/Users/dwichers/git/benchmark/src/main/java/org/owasp/benchmark/testcode/BenchmarkTest02038.java,BenchmarkTest02038,doPost,53,53,24,26,UnusedLocalVariable,Unused Code,org.owasp.benchmark.testcode,Avoid unused local variables such as 'bar'.
/Users/dwichers/git/benchmark/src/main/java/org/owasp/benchmark/testcode/BenchmarkTest02038.java,BenchmarkTest02038,doPost,71,73,41,41,CollapsibleIfStatements,Basic,org.owasp.benchmark.testcode,These nested if statements could be combined
/Users/dwichers/git/benchmark/src/main/java/org/owasp/benchmark/testcode/BenchmarkTest02039.java,BenchmarkTest02039,doPost,53,53,24,26,UnusedLocalVariable,Unused Code,org.owasp.benchmark.testcode,Avoid unused local variables such as 'bar'.
/Users/dwichers/git/benchmark/src/main/java/org/owasp/benchmark/testcode/BenchmarkTest02039.java,BenchmarkTest02039,doPost,71,73,41,41,CollapsibleIfStatements,Basic,org.owasp.benchmark.testcode,These nested if statements could be combined
/Users/dwichers/git/benchmark/src/main/java/org/owasp/benchmark/testcode/BenchmarkTest02040.java,BenchmarkTest02040,doPost,53,53,24,26,UnusedLocalVariable,Unused Code,org.owasp.benchmark.testcode,Avoid unused local variables such as 'bar'.
/Users/dwichers/git/benchmark/src/main/java/org/owasp/benchmark/testcode/BenchmarkTest02040.java,BenchmarkTest02040,doPost,71,73,41,41,CollapsibleIfStatements,Basic,org.owasp.benchmark.testcode,These nested if statements could be combined
/Users/dwichers/git/benchmark/src/main/java/org/owasp/benchmark/testcode/BenchmarkTest02048.java,BenchmarkTest02048,doSomething,73,73,24,29,UnusedLocalVariable,Unused Code,org.owasp.benchmark.testcode,Avoid unused local variables such as 'f96053'.
/Users/dwichers/git/benchmark/src/main/java/org/owasp/benchmark/testcode/BenchmarkTest02060.java,BenchmarkTest02060,doPost,53,53,24,26,UnusedLocalVariable,Unused Code,org.owasp.benchmark.testcode,Avoid unused local variables such as 'bar'.
/Users/dwichers/git/benchmark/src/main/java/org/owasp/benchmark/testcode/BenchmarkTest02060.java,BenchmarkTest02060,doPost,71,73,41,41,CollapsibleIfStatements,Basic,org.owasp.benchmark.testcode,These nested if statements could be combined
/Users/dwichers/git/benchmark/src/main/java/org/owasp/benchmark/testcode/BenchmarkTest02061.java,BenchmarkTest02061,doPost,53,53,24,26,UnusedLocalVariable,Unused Code,org.owasp.benchmark.testcode,Avoid unused local variables such as 'bar'.
/Users/dwichers/git/benchmark/src/main/java/org/owasp/benchmark/testcode/BenchmarkTest02061.java,BenchmarkTest02061,doPost,71,73,41,41,CollapsibleIfStatements,Basic,org.owasp.benchmark.testcode,These nested if statements could be combined
/Users/dwichers/git/benchmark/src/main/java/org/owasp/benchmark/testcode/BenchmarkTest02062.java,BenchmarkTest02062,doPost,53,53,24,26,UnusedLocalVariable,Unused Code,org.owasp.benchmark.testcode,Avoid unused local variables such as 'bar'.
/Users/dwichers/git/benchmark/src/main/java/org/owasp/benchmark/testcode/BenchmarkTest02062.java,BenchmarkTest02062,doPost,71,73,41,41,CollapsibleIfStatements,Basic,org.owasp.benchmark.testcode,These nested if statements could be combined
/Users/dwichers/git/benchmark/src/main/java/org/owasp/benchmark/testcode/BenchmarkTest02062.java,BenchmarkTest02062,doSomething,116,116,24,29,UnusedLocalVariable,Unused Code,org.owasp.benchmark.testcode,Avoid unused local variables such as 'f60435'.
/Users/dwichers/git/benchmark/src/main/java/org/owasp/benchmark/testcode/BenchmarkTest02063.java,BenchmarkTest02063,doPost,53,53,24,26,UnusedLocalVariable,Unused Code,org.owasp.benchmark.testcode,Avoid unused local variables such as 'bar'.
/Users/dwichers/git/benchmark/src/main/java/org/owasp/benchmark/testcode/BenchmarkTest02063.java,BenchmarkTest02063,doPost,71,73,41,41,CollapsibleIfStatements,Basic,org.owasp.benchmark.testcode,These nested if statements could be combined
/Users/dwichers/git/benchmark/src/main/java/org/owasp/benchmark/testcode/BenchmarkTest02064.java,BenchmarkTest02064,doPost,53,53,24,26,UnusedLocalVariable,Unused Code,org.owasp.benchmark.testcode,Avoid unused local variables such as 'bar'.
/Users/dwichers/git/benchmark/src/main/java/org/owasp/benchmark/testcode/BenchmarkTest02065.java,BenchmarkTest02065,doPost,53,53,24,26,UnusedLocalVariable,Unused Code,org.owasp.benchmark.testcode,Avoid unused local variables such as 'bar'.
/Users/dwichers/git/benchmark/src/main/java/org/owasp/benchmark/testcode/BenchmarkTest02066.java,BenchmarkTest02066,doPost,53,53,24,26,UnusedLocalVariable,Unused Code,org.owasp.benchmark.testcode,Avoid unused local variables such as 'bar'.
/Users/dwichers/git/benchmark/src/main/java/org/owasp/benchmark/testcode/BenchmarkTest02071.java,BenchmarkTest02071,doPost,53,53,24,26,UnusedLocalVariable,Unused Code,org.owasp.benchmark.testcode,Avoid unused local variables such as 'bar'.
/Users/dwichers/git/benchmark/src/main/java/org/owasp/benchmark/testcode/BenchmarkTest02071.java,BenchmarkTest02071,doPost,77,79,49,49,CollapsibleIfStatements,Basic,org.owasp.benchmark.testcode,These nested if statements could be combined
/Users/dwichers/git/benchmark/src/main/java/org/owasp/benchmark/testcode/BenchmarkTest02072.java,BenchmarkTest02072,doPost,53,53,24,26,UnusedLocalVariable,Unused Code,org.owasp.benchmark.testcode,Avoid unused local variables such as 'bar'.
/Users/dwichers/git/benchmark/src/main/java/org/owasp/benchmark/testcode/BenchmarkTest02072.java,BenchmarkTest02072,doPost,77,79,49,49,CollapsibleIfStatements,Basic,org.owasp.benchmark.testcode,These nested if statements could be combined
/Users/dwichers/git/benchmark/src/main/java/org/owasp/benchmark/testcode/BenchmarkTest02073.java,BenchmarkTest02073,doPost,53,53,24,26,UnusedLocalVariable,Unused Code,org.owasp.benchmark.testcode,Avoid unused local variables such as 'bar'.
/Users/dwichers/git/benchmark/src/main/java/org/owasp/benchmark/testcode/BenchmarkTest02073.java,BenchmarkTest02073,doPost,77,79,49,49,CollapsibleIfStatements,Basic,org.owasp.benchmark.testcode,These nested if statements could be combined
/Users/dwichers/git/benchmark/src/main/java/org/owasp/benchmark/testcode/BenchmarkTest02074.java,BenchmarkTest02074,doPost,53,53,24,26,UnusedLocalVariable,Unused Code,org.owasp.benchmark.testcode,Avoid unused local variables such as 'bar'.
/Users/dwichers/git/benchmark/src/main/java/org/owasp/benchmark/testcode/BenchmarkTest02074.java,BenchmarkTest02074,doPost,73,75,49,49,CollapsibleIfStatements,Basic,org.owasp.benchmark.testcode,These nested if statements could be combined
/Users/dwichers/git/benchmark/src/main/java/org/owasp/benchmark/testcode/BenchmarkTest02075.java,BenchmarkTest02075,doPost,53,53,24,26,UnusedLocalVariable,Unused Code,org.owasp.benchmark.testcode,Avoid unused local variables such as 'bar'.
/Users/dwichers/git/benchmark/src/main/java/org/owasp/benchmark/testcode/BenchmarkTest02075.java,BenchmarkTest02075,doPost,74,76,49,49,CollapsibleIfStatements,Basic,org.owasp.benchmark.testcode,These nested if statements could be combined
/Users/dwichers/git/benchmark/src/main/java/org/owasp/benchmark/testcode/BenchmarkTest02076.java,BenchmarkTest02076,doPost,53,53,24,26,UnusedLocalVariable,Unused Code,org.owasp.benchmark.testcode,Avoid unused local variables such as 'bar'.
/Users/dwichers/git/benchmark/src/main/java/org/owasp/benchmark/testcode/BenchmarkTest02076.java,BenchmarkTest02076,doPost,74,76,49,49,CollapsibleIfStatements,Basic,org.owasp.benchmark.testcode,These nested if statements could be combined
/Users/dwichers/git/benchmark/src/main/java/org/owasp/benchmark/testcode/BenchmarkTest02077.java,BenchmarkTest02077,doPost,53,53,24,26,UnusedLocalVariable,Unused Code,org.owasp.benchmark.testcode,Avoid unused local variables such as 'bar'.
/Users/dwichers/git/benchmark/src/main/java/org/owasp/benchmark/testcode/BenchmarkTest02077.java,BenchmarkTest02077,doPost,77,79,49,49,CollapsibleIfStatements,Basic,org.owasp.benchmark.testcode,These nested if statements could be combined
/Users/dwichers/git/benchmark/src/main/java/org/owasp/benchmark/testcode/BenchmarkTest02077.java,BenchmarkTest02077,doSomething,126,126,24,29,UnusedLocalVariable,Unused Code,org.owasp.benchmark.testcode,Avoid unused local variables such as 'f78258'.
/Users/dwichers/git/benchmark/src/main/java/org/owasp/benchmark/testcode/BenchmarkTest02078.java,BenchmarkTest02078,doPost,53,53,24,26,UnusedLocalVariable,Unused Code,org.owasp.benchmark.testcode,Avoid unused local variables such as 'bar'.
/Users/dwichers/git/benchmark/src/main/java/org/owasp/benchmark/testcode/BenchmarkTest02078.java,BenchmarkTest02078,doPost,73,75,49,49,CollapsibleIfStatements,Basic,org.owasp.benchmark.testcode,These nested if statements could be combined
/Users/dwichers/git/benchmark/src/main/java/org/owasp/benchmark/testcode/BenchmarkTest02079.java,BenchmarkTest02079,doPost,53,53,24,26,UnusedLocalVariable,Unused Code,org.owasp.benchmark.testcode,Avoid unused local variables such as 'bar'.
/Users/dwichers/git/benchmark/src/main/java/org/owasp/benchmark/testcode/BenchmarkTest02079.java,BenchmarkTest02079,doPost,72,74,49,49,CollapsibleIfStatements,Basic,org.owasp.benchmark.testcode,These nested if statements could be combined
/Users/dwichers/git/benchmark/src/main/java/org/owasp/benchmark/testcode/BenchmarkTest02080.java,BenchmarkTest02080,doPost,53,53,24,26,UnusedLocalVariable,Unused Code,org.owasp.benchmark.testcode,Avoid unused local variables such as 'bar'.
/Users/dwichers/git/benchmark/src/main/java/org/owasp/benchmark/testcode/BenchmarkTest02080.java,BenchmarkTest02080,doPost,72,74,49,49,CollapsibleIfStatements,Basic,org.owasp.benchmark.testcode,These nested if statements could be combined
/Users/dwichers/git/benchmark/src/main/java/org/owasp/benchmark/testcode/BenchmarkTest02081.java,BenchmarkTest02081,doPost,53,53,24,26,UnusedLocalVariable,Unused Code,org.owasp.benchmark.testcode,Avoid unused local variables such as 'bar'.
/Users/dwichers/git/benchmark/src/main/java/org/owasp/benchmark/testcode/BenchmarkTest02081.java,BenchmarkTest02081,doPost,72,74,49,49,CollapsibleIfStatements,Basic,org.owasp.benchmark.testcode,These nested if statements could be combined
/Users/dwichers/git/benchmark/src/main/java/org/owasp/benchmark/testcode/BenchmarkTest02082.java,BenchmarkTest02082,doPost,53,53,24,26,UnusedLocalVariable,Unused Code,org.owasp.benchmark.testcode,Avoid unused local variables such as 'bar'.
/Users/dwichers/git/benchmark/src/main/java/org/owasp/benchmark/testcode/BenchmarkTest02082.java,BenchmarkTest02082,doPost,72,74,49,49,CollapsibleIfStatements,Basic,org.owasp.benchmark.testcode,These nested if statements could be combined
/Users/dwichers/git/benchmark/src/main/java/org/owasp/benchmark/testcode/BenchmarkTest02083.java,BenchmarkTest02083,doPost,53,53,24,26,UnusedLocalVariable,Unused Code,org.owasp.benchmark.testcode,Avoid unused local variables such as 'bar'.
/Users/dwichers/git/benchmark/src/main/java/org/owasp/benchmark/testcode/BenchmarkTest02083.java,BenchmarkTest02083,doPost,72,74,49,49,CollapsibleIfStatements,Basic,org.owasp.benchmark.testcode,These nested if statements could be combined
/Users/dwichers/git/benchmark/src/main/java/org/owasp/benchmark/testcode/BenchmarkTest02099.java,BenchmarkTest02099,doPost,59,59,29,33,UnusedLocalVariable,Unused Code,org.owasp.benchmark.testcode,Avoid unused local variables such as 'count'.
/Users/dwichers/git/benchmark/src/main/java/org/owasp/benchmark/testcode/BenchmarkTest02108.java,BenchmarkTest02108,doPost,67,69,35,33,EmptyCatchBlock,Empty Code,org.owasp.benchmark.testcode,Avoid empty catch blocks
/Users/dwichers/git/benchmark/src/main/java/org/owasp/benchmark/testcode/BenchmarkTest02109.java,BenchmarkTest02109,doPost,67,69,35,33,EmptyCatchBlock,Empty Code,org.owasp.benchmark.testcode,Avoid empty catch blocks
/Users/dwichers/git/benchmark/src/main/java/org/owasp/benchmark/testcode/BenchmarkTest02110.java,BenchmarkTest02110,doPost,67,69,35,33,EmptyCatchBlock,Empty Code,org.owasp.benchmark.testcode,Avoid empty catch blocks
/Users/dwichers/git/benchmark/src/main/java/org/owasp/benchmark/testcode/BenchmarkTest02111.java,BenchmarkTest02111,doPost,76,78,35,33,EmptyCatchBlock,Empty Code,org.owasp.benchmark.testcode,Avoid empty catch blocks
/Users/dwichers/git/benchmark/src/main/java/org/owasp/benchmark/testcode/BenchmarkTest02112.java,BenchmarkTest02112,doPost,67,69,35,33,EmptyCatchBlock,Empty Code,org.owasp.benchmark.testcode,Avoid empty catch blocks
/Users/dwichers/git/benchmark/src/main/java/org/owasp/benchmark/testcode/BenchmarkTest02113.java,BenchmarkTest02113,doPost,74,76,19,17,EmptyCatchBlock,Empty Code,org.owasp.benchmark.testcode,Avoid empty catch blocks
/Users/dwichers/git/benchmark/src/main/java/org/owasp/benchmark/testcode/BenchmarkTest02117.java,BenchmarkTest02117,doPost,46,46,24,26,UnusedLocalVariable,Unused Code,org.owasp.benchmark.testcode,Avoid unused local variables such as 'bar'.
/Users/dwichers/git/benchmark/src/main/java/org/owasp/benchmark/testcode/BenchmarkTest02117.java,BenchmarkTest02117,doPost,64,66,41,41,CollapsibleIfStatements,Basic,org.owasp.benchmark.testcode,These nested if statements could be combined
/Users/dwichers/git/benchmark/src/main/java/org/owasp/benchmark/testcode/BenchmarkTest02135.java,BenchmarkTest02135,doSomething,65,65,24,29,UnusedLocalVariable,Unused Code,org.owasp.benchmark.testcode,Avoid unused local variables such as 'f95930'.
/Users/dwichers/git/benchmark/src/main/java/org/owasp/benchmark/testcode/BenchmarkTest02138.java,BenchmarkTest02138,doPost,46,46,24,26,UnusedLocalVariable,Unused Code,org.owasp.benchmark.testcode,Avoid unused local variables such as 'bar'.
/Users/dwichers/git/benchmark/src/main/java/org/owasp/benchmark/testcode/BenchmarkTest02138.java,BenchmarkTest02138,doPost,65,67,41,41,CollapsibleIfStatements,Basic,org.owasp.benchmark.testcode,These nested if statements could be combined
/Users/dwichers/git/benchmark/src/main/java/org/owasp/benchmark/testcode/BenchmarkTest02139.java,BenchmarkTest02139,doPost,46,46,24,26,UnusedLocalVariable,Unused Code,org.owasp.benchmark.testcode,Avoid unused local variables such as 'bar'.
/Users/dwichers/git/benchmark/src/main/java/org/owasp/benchmark/testcode/BenchmarkTest02139.java,BenchmarkTest02139,doPost,64,66,41,41,CollapsibleIfStatements,Basic,org.owasp.benchmark.testcode,These nested if statements could be combined
/Users/dwichers/git/benchmark/src/main/java/org/owasp/benchmark/testcode/BenchmarkTest02140.java,BenchmarkTest02140,doPost,46,46,24,26,UnusedLocalVariable,Unused Code,org.owasp.benchmark.testcode,Avoid unused local variables such as 'bar'.
/Users/dwichers/git/benchmark/src/main/java/org/owasp/benchmark/testcode/BenchmarkTest02140.java,BenchmarkTest02140,doPost,64,66,41,41,CollapsibleIfStatements,Basic,org.owasp.benchmark.testcode,These nested if statements could be combined
/Users/dwichers/git/benchmark/src/main/java/org/owasp/benchmark/testcode/BenchmarkTest02141.java,BenchmarkTest02141,doPost,46,46,24,26,UnusedLocalVariable,Unused Code,org.owasp.benchmark.testcode,Avoid unused local variables such as 'bar'.
/Users/dwichers/git/benchmark/src/main/java/org/owasp/benchmark/testcode/BenchmarkTest02141.java,BenchmarkTest02141,doPost,64,66,41,41,CollapsibleIfStatements,Basic,org.owasp.benchmark.testcode,These nested if statements could be combined
/Users/dwichers/git/benchmark/src/main/java/org/owasp/benchmark/testcode/BenchmarkTest02142.java,BenchmarkTest02142,doPost,46,46,24,26,UnusedLocalVariable,Unused Code,org.owasp.benchmark.testcode,Avoid unused local variables such as 'bar'.
/Users/dwichers/git/benchmark/src/main/java/org/owasp/benchmark/testcode/BenchmarkTest02143.java,BenchmarkTest02143,doPost,46,46,24,26,UnusedLocalVariable,Unused Code,org.owasp.benchmark.testcode,Avoid unused local variables such as 'bar'.
/Users/dwichers/git/benchmark/src/main/java/org/owasp/benchmark/testcode/BenchmarkTest02144.java,BenchmarkTest02144,doPost,46,46,24,26,UnusedLocalVariable,Unused Code,org.owasp.benchmark.testcode,Avoid unused local variables such as 'bar'.
/Users/dwichers/git/benchmark/src/main/java/org/owasp/benchmark/testcode/BenchmarkTest02148.java,BenchmarkTest02148,doSomething,93,93,24,29,UnusedLocalVariable,Unused Code,org.owasp.benchmark.testcode,Avoid unused local variables such as 'f17988'.
/Users/dwichers/git/benchmark/src/main/java/org/owasp/benchmark/testcode/BenchmarkTest02153.java,BenchmarkTest02153,doSomething,77,77,24,29,UnusedLocalVariable,Unused Code,org.owasp.benchmark.testcode,Avoid unused local variables such as 'f82592'.
/Users/dwichers/git/benchmark/src/main/java/org/owasp/benchmark/testcode/BenchmarkTest02157.java,BenchmarkTest02157,doPost,46,46,24,26,UnusedLocalVariable,Unused Code,org.owasp.benchmark.testcode,Avoid unused local variables such as 'bar'.
/Users/dwichers/git/benchmark/src/main/java/org/owasp/benchmark/testcode/BenchmarkTest02157.java,BenchmarkTest02157,doPost,70,72,49,49,CollapsibleIfStatements,Basic,org.owasp.benchmark.testcode,These nested if statements could be combined
/Users/dwichers/git/benchmark/src/main/java/org/owasp/benchmark/testcode/BenchmarkTest02158.java,BenchmarkTest02158,doPost,46,46,24,26,UnusedLocalVariable,Unused Code,org.owasp.benchmark.testcode,Avoid unused local variables such as 'bar'.
/Users/dwichers/git/benchmark/src/main/java/org/owasp/benchmark/testcode/BenchmarkTest02158.java,BenchmarkTest02158,doPost,66,68,49,49,CollapsibleIfStatements,Basic,org.owasp.benchmark.testcode,These nested if statements could be combined
/Users/dwichers/git/benchmark/src/main/java/org/owasp/benchmark/testcode/BenchmarkTest02159.java,BenchmarkTest02159,doPost,46,46,24,26,UnusedLocalVariable,Unused Code,org.owasp.benchmark.testcode,Avoid unused local variables such as 'bar'.
/Users/dwichers/git/benchmark/src/main/java/org/owasp/benchmark/testcode/BenchmarkTest02159.java,BenchmarkTest02159,doPost,66,68,49,49,CollapsibleIfStatements,Basic,org.owasp.benchmark.testcode,These nested if statements could be combined
/Users/dwichers/git/benchmark/src/main/java/org/owasp/benchmark/testcode/BenchmarkTest02160.java,BenchmarkTest02160,doPost,46,46,24,26,UnusedLocalVariable,Unused Code,org.owasp.benchmark.testcode,Avoid unused local variables such as 'bar'.
/Users/dwichers/git/benchmark/src/main/java/org/owasp/benchmark/testcode/BenchmarkTest02160.java,BenchmarkTest02160,doPost,67,69,49,49,CollapsibleIfStatements,Basic,org.owasp.benchmark.testcode,These nested if statements could be combined
/Users/dwichers/git/benchmark/src/main/java/org/owasp/benchmark/testcode/BenchmarkTest02161.java,BenchmarkTest02161,doPost,46,46,24,26,UnusedLocalVariable,Unused Code,org.owasp.benchmark.testcode,Avoid unused local variables such as 'bar'.
/Users/dwichers/git/benchmark/src/main/java/org/owasp/benchmark/testcode/BenchmarkTest02161.java,BenchmarkTest02161,doPost,65,67,49,49,CollapsibleIfStatements,Basic,org.owasp.benchmark.testcode,These nested if statements could be combined
/Users/dwichers/git/benchmark/src/main/java/org/owasp/benchmark/testcode/BenchmarkTest02162.java,BenchmarkTest02162,doPost,46,46,24,26,UnusedLocalVariable,Unused Code,org.owasp.benchmark.testcode,Avoid unused local variables such as 'bar'.
/Users/dwichers/git/benchmark/src/main/java/org/owasp/benchmark/testcode/BenchmarkTest02162.java,BenchmarkTest02162,doPost,65,67,49,49,CollapsibleIfStatements,Basic,org.owasp.benchmark.testcode,These nested if statements could be combined
/Users/dwichers/git/benchmark/src/main/java/org/owasp/benchmark/testcode/BenchmarkTest02163.java,BenchmarkTest02163,doPost,46,46,24,26,UnusedLocalVariable,Unused Code,org.owasp.benchmark.testcode,Avoid unused local variables such as 'bar'.
/Users/dwichers/git/benchmark/src/main/java/org/owasp/benchmark/testcode/BenchmarkTest02163.java,BenchmarkTest02163,doPost,65,67,49,49,CollapsibleIfStatements,Basic,org.owasp.benchmark.testcode,These nested if statements could be combined
/Users/dwichers/git/benchmark/src/main/java/org/owasp/benchmark/testcode/BenchmarkTest02164.java,BenchmarkTest02164,doPost,46,46,24,26,UnusedLocalVariable,Unused Code,org.owasp.benchmark.testcode,Avoid unused local variables such as 'bar'.
/Users/dwichers/git/benchmark/src/main/java/org/owasp/benchmark/testcode/BenchmarkTest02164.java,BenchmarkTest02164,doPost,65,67,49,49,CollapsibleIfStatements,Basic,org.owasp.benchmark.testcode,These nested if statements could be combined
/Users/dwichers/git/benchmark/src/main/java/org/owasp/benchmark/testcode/BenchmarkTest02183.java,BenchmarkTest02183,doSomething,86,86,24,29,UnusedLocalVariable,Unused Code,org.owasp.benchmark.testcode,Avoid unused local variables such as 'f90580'.
/Users/dwichers/git/benchmark/src/main/java/org/owasp/benchmark/testcode/BenchmarkTest02188.java,BenchmarkTest02188,doSomething,79,79,24,29,UnusedLocalVariable,Unused Code,org.owasp.benchmark.testcode,Avoid unused local variables such as 'f16667'.
/Users/dwichers/git/benchmark/src/main/java/org/owasp/benchmark/testcode/BenchmarkTest02201.java,BenchmarkTest02201,doPost,78,80,19,17,EmptyCatchBlock,Empty Code,org.owasp.benchmark.testcode,Avoid empty catch blocks
/Users/dwichers/git/benchmark/src/main/java/org/owasp/benchmark/testcode/BenchmarkTest02202.java,BenchmarkTest02202,doPost,72,74,35,33,EmptyCatchBlock,Empty Code,org.owasp.benchmark.testcode,Avoid empty catch blocks
/Users/dwichers/git/benchmark/src/main/java/org/owasp/benchmark/testcode/BenchmarkTest02203.java,BenchmarkTest02203,doPost,72,74,35,33,EmptyCatchBlock,Empty Code,org.owasp.benchmark.testcode,Avoid empty catch blocks
/Users/dwichers/git/benchmark/src/main/java/org/owasp/benchmark/testcode/BenchmarkTest02203.java,BenchmarkTest02203,doSomething,93,93,24,29,UnusedLocalVariable,Unused Code,org.owasp.benchmark.testcode,Avoid unused local variables such as 'f31470'.
/Users/dwichers/git/benchmark/src/main/java/org/owasp/benchmark/testcode/BenchmarkTest02204.java,BenchmarkTest02204,doPost,81,83,35,33,EmptyCatchBlock,Empty Code,org.owasp.benchmark.testcode,Avoid empty catch blocks
/Users/dwichers/git/benchmark/src/main/java/org/owasp/benchmark/testcode/BenchmarkTest02205.java,BenchmarkTest02205,doPost,72,74,35,33,EmptyCatchBlock,Empty Code,org.owasp.benchmark.testcode,Avoid empty catch blocks
/Users/dwichers/git/benchmark/src/main/java/org/owasp/benchmark/testcode/BenchmarkTest02206.java,BenchmarkTest02206,doPost,79,81,19,17,EmptyCatchBlock,Empty Code,org.owasp.benchmark.testcode,Avoid empty catch blocks
/Users/dwichers/git/benchmark/src/main/java/org/owasp/benchmark/testcode/BenchmarkTest02207.java,BenchmarkTest02207,doPost,79,81,19,17,EmptyCatchBlock,Empty Code,org.owasp.benchmark.testcode,Avoid empty catch blocks
/Users/dwichers/git/benchmark/src/main/java/org/owasp/benchmark/testcode/BenchmarkTest02209.java,BenchmarkTest02209,doPost,51,51,24,26,UnusedLocalVariable,Unused Code,org.owasp.benchmark.testcode,Avoid unused local variables such as 'bar'.
/Users/dwichers/git/benchmark/src/main/java/org/owasp/benchmark/testcode/BenchmarkTest02209.java,BenchmarkTest02209,doPost,69,71,41,41,CollapsibleIfStatements,Basic,org.owasp.benchmark.testcode,These nested if statements could be combined
/Users/dwichers/git/benchmark/src/main/java/org/owasp/benchmark/testcode/BenchmarkTest02231.java,BenchmarkTest02231,doSomething,71,71,24,29,UnusedLocalVariable,Unused Code,org.owasp.benchmark.testcode,Avoid unused local variables such as 'f60610'.
/Users/dwichers/git/benchmark/src/main/java/org/owasp/benchmark/testcode/BenchmarkTest02238.java,BenchmarkTest02238,doSomething,70,70,24,29,UnusedLocalVariable,Unused Code,org.owasp.benchmark.testcode,Avoid unused local variables such as 'f16227'.
/Users/dwichers/git/benchmark/src/main/java/org/owasp/benchmark/testcode/BenchmarkTest02242.java,BenchmarkTest02242,doSomething,92,92,24,29,UnusedLocalVariable,Unused Code,org.owasp.benchmark.testcode,Avoid unused local variables such as 'f91595'.
/Users/dwichers/git/benchmark/src/main/java/org/owasp/benchmark/testcode/BenchmarkTest02245.java,BenchmarkTest02245,doPost,51,51,24,26,UnusedLocalVariable,Unused Code,org.owasp.benchmark.testcode,Avoid unused local variables such as 'bar'.
/Users/dwichers/git/benchmark/src/main/java/org/owasp/benchmark/testcode/BenchmarkTest02245.java,BenchmarkTest02245,doPost,69,71,41,41,CollapsibleIfStatements,Basic,org.owasp.benchmark.testcode,These nested if statements could be combined
/Users/dwichers/git/benchmark/src/main/java/org/owasp/benchmark/testcode/BenchmarkTest02246.java,BenchmarkTest02246,doPost,51,51,24,26,UnusedLocalVariable,Unused Code,org.owasp.benchmark.testcode,Avoid unused local variables such as 'bar'.
/Users/dwichers/git/benchmark/src/main/java/org/owasp/benchmark/testcode/BenchmarkTest02246.java,BenchmarkTest02246,doPost,69,71,41,41,CollapsibleIfStatements,Basic,org.owasp.benchmark.testcode,These nested if statements could be combined
/Users/dwichers/git/benchmark/src/main/java/org/owasp/benchmark/testcode/BenchmarkTest02247.java,BenchmarkTest02247,doPost,51,51,24,26,UnusedLocalVariable,Unused Code,org.owasp.benchmark.testcode,Avoid unused local variables such as 'bar'.
/Users/dwichers/git/benchmark/src/main/java/org/owasp/benchmark/testcode/BenchmarkTest02248.java,BenchmarkTest02248,doPost,51,51,24,26,UnusedLocalVariable,Unused Code,org.owasp.benchmark.testcode,Avoid unused local variables such as 'bar'.
/Users/dwichers/git/benchmark/src/main/java/org/owasp/benchmark/testcode/BenchmarkTest02254.java,BenchmarkTest02254,doPost,51,51,24,26,UnusedLocalVariable,Unused Code,org.owasp.benchmark.testcode,Avoid unused local variables such as 'bar'.
/Users/dwichers/git/benchmark/src/main/java/org/owasp/benchmark/testcode/BenchmarkTest02254.java,BenchmarkTest02254,doPost,75,77,49,49,CollapsibleIfStatements,Basic,org.owasp.benchmark.testcode,These nested if statements could be combined
/Users/dwichers/git/benchmark/src/main/java/org/owasp/benchmark/testcode/BenchmarkTest02255.java,BenchmarkTest02255,doPost,51,51,24,26,UnusedLocalVariable,Unused Code,org.owasp.benchmark.testcode,Avoid unused local variables such as 'bar'.
/Users/dwichers/git/benchmark/src/main/java/org/owasp/benchmark/testcode/BenchmarkTest02255.java,BenchmarkTest02255,doPost,71,73,49,49,CollapsibleIfStatements,Basic,org.owasp.benchmark.testcode,These nested if statements could be combined
/Users/dwichers/git/benchmark/src/main/java/org/owasp/benchmark/testcode/BenchmarkTest02256.java,BenchmarkTest02256,doPost,51,51,24,26,UnusedLocalVariable,Unused Code,org.owasp.benchmark.testcode,Avoid unused local variables such as 'bar'.
/Users/dwichers/git/benchmark/src/main/java/org/owasp/benchmark/testcode/BenchmarkTest02256.java,BenchmarkTest02256,doPost,71,73,49,49,CollapsibleIfStatements,Basic,org.owasp.benchmark.testcode,These nested if statements could be combined
/Users/dwichers/git/benchmark/src/main/java/org/owasp/benchmark/testcode/BenchmarkTest02257.java,BenchmarkTest02257,doPost,51,51,24,26,UnusedLocalVariable,Unused Code,org.owasp.benchmark.testcode,Avoid unused local variables such as 'bar'.
/Users/dwichers/git/benchmark/src/main/java/org/owasp/benchmark/testcode/BenchmarkTest02257.java,BenchmarkTest02257,doPost,71,73,49,49,CollapsibleIfStatements,Basic,org.owasp.benchmark.testcode,These nested if statements could be combined
/Users/dwichers/git/benchmark/src/main/java/org/owasp/benchmark/testcode/BenchmarkTest02258.java,BenchmarkTest02258,doPost,51,51,24,26,UnusedLocalVariable,Unused Code,org.owasp.benchmark.testcode,Avoid unused local variables such as 'bar'.
/Users/dwichers/git/benchmark/src/main/java/org/owasp/benchmark/testcode/BenchmarkTest02258.java,BenchmarkTest02258,doPost,72,74,49,49,CollapsibleIfStatements,Basic,org.owasp.benchmark.testcode,These nested if statements could be combined
/Users/dwichers/git/benchmark/src/main/java/org/owasp/benchmark/testcode/BenchmarkTest02259.java,BenchmarkTest02259,doPost,51,51,24,26,UnusedLocalVariable,Unused Code,org.owasp.benchmark.testcode,Avoid unused local variables such as 'bar'.
/Users/dwichers/git/benchmark/src/main/java/org/owasp/benchmark/testcode/BenchmarkTest02259.java,BenchmarkTest02259,doPost,71,73,49,49,CollapsibleIfStatements,Basic,org.owasp.benchmark.testcode,These nested if statements could be combined
/Users/dwichers/git/benchmark/src/main/java/org/owasp/benchmark/testcode/BenchmarkTest02260.java,BenchmarkTest02260,doPost,51,51,24,26,UnusedLocalVariable,Unused Code,org.owasp.benchmark.testcode,Avoid unused local variables such as 'bar'.
/Users/dwichers/git/benchmark/src/main/java/org/owasp/benchmark/testcode/BenchmarkTest02260.java,BenchmarkTest02260,doPost,70,72,49,49,CollapsibleIfStatements,Basic,org.owasp.benchmark.testcode,These nested if statements could be combined
/Users/dwichers/git/benchmark/src/main/java/org/owasp/benchmark/testcode/BenchmarkTest02286.java,BenchmarkTest02286,doPost,57,57,29,33,UnusedLocalVariable,Unused Code,org.owasp.benchmark.testcode,Avoid unused local variables such as 'count'.
/Users/dwichers/git/benchmark/src/main/java/org/owasp/benchmark/testcode/BenchmarkTest02287.java,BenchmarkTest02287,doPost,57,57,29,33,UnusedLocalVariable,Unused Code,org.owasp.benchmark.testcode,Avoid unused local variables such as 'count'.
/Users/dwichers/git/benchmark/src/main/java/org/owasp/benchmark/testcode/BenchmarkTest02288.java,BenchmarkTest02288,doPost,57,57,29,33,UnusedLocalVariable,Unused Code,org.owasp.benchmark.testcode,Avoid unused local variables such as 'count'.
/Users/dwichers/git/benchmark/src/main/java/org/owasp/benchmark/testcode/BenchmarkTest02291.java,BenchmarkTest02291,doSomething,168,168,24,29,UnusedLocalVariable,Unused Code,org.owasp.benchmark.testcode,Avoid unused local variables such as 'f10347'.
/Users/dwichers/git/benchmark/src/main/java/org/owasp/benchmark/testcode/BenchmarkTest02300.java,BenchmarkTest02300,doSomething,89,89,24,29,UnusedLocalVariable,Unused Code,org.owasp.benchmark.testcode,Avoid unused local variables such as 'f20919'.
/Users/dwichers/git/benchmark/src/main/java/org/owasp/benchmark/testcode/BenchmarkTest02303.java,BenchmarkTest02303,doPost,87,89,19,17,EmptyCatchBlock,Empty Code,org.owasp.benchmark.testcode,Avoid empty catch blocks
/Users/dwichers/git/benchmark/src/main/java/org/owasp/benchmark/testcode/BenchmarkTest02304.java,BenchmarkTest02304,doPost,84,86,35,33,EmptyCatchBlock,Empty Code,org.owasp.benchmark.testcode,Avoid empty catch blocks
/Users/dwichers/git/benchmark/src/main/java/org/owasp/benchmark/testcode/BenchmarkTest02313.java,BenchmarkTest02313,doSomething,83,83,24,29,UnusedLocalVariable,Unused Code,org.owasp.benchmark.testcode,Avoid unused local variables such as 'f31085'.
/Users/dwichers/git/benchmark/src/main/java/org/owasp/benchmark/testcode/BenchmarkTest02336.java,BenchmarkTest02336,doSomething,101,101,24,29,UnusedLocalVariable,Unused Code,org.owasp.benchmark.testcode,Avoid unused local variables such as 'f61280'.
/Users/dwichers/git/benchmark/src/main/java/org/owasp/benchmark/testcode/BenchmarkTest02337.java,BenchmarkTest02337,doPost,60,60,24,26,UnusedLocalVariable,Unused Code,org.owasp.benchmark.testcode,Avoid unused local variables such as 'bar'.
/Users/dwichers/git/benchmark/src/main/java/org/owasp/benchmark/testcode/BenchmarkTest02337.java,BenchmarkTest02337,doPost,78,80,41,41,CollapsibleIfStatements,Basic,org.owasp.benchmark.testcode,These nested if statements could be combined
/Users/dwichers/git/benchmark/src/main/java/org/owasp/benchmark/testcode/BenchmarkTest02338.java,BenchmarkTest02338,doPost,60,60,24,26,UnusedLocalVariable,Unused Code,org.owasp.benchmark.testcode,Avoid unused local variables such as 'bar'.
/Users/dwichers/git/benchmark/src/main/java/org/owasp/benchmark/testcode/BenchmarkTest02338.java,BenchmarkTest02338,doPost,78,80,41,41,CollapsibleIfStatements,Basic,org.owasp.benchmark.testcode,These nested if statements could be combined
/Users/dwichers/git/benchmark/src/main/java/org/owasp/benchmark/testcode/BenchmarkTest02339.java,BenchmarkTest02339,doPost,60,60,24,26,UnusedLocalVariable,Unused Code,org.owasp.benchmark.testcode,Avoid unused local variables such as 'bar'.
/Users/dwichers/git/benchmark/src/main/java/org/owasp/benchmark/testcode/BenchmarkTest02345.java,BenchmarkTest02345,doPost,60,60,24,26,UnusedLocalVariable,Unused Code,org.owasp.benchmark.testcode,Avoid unused local variables such as 'bar'.
/Users/dwichers/git/benchmark/src/main/java/org/owasp/benchmark/testcode/BenchmarkTest02345.java,BenchmarkTest02345,doPost,84,86,49,49,CollapsibleIfStatements,Basic,org.owasp.benchmark.testcode,These nested if statements could be combined
/Users/dwichers/git/benchmark/src/main/java/org/owasp/benchmark/testcode/BenchmarkTest02346.java,BenchmarkTest02346,doPost,60,60,24,26,UnusedLocalVariable,Unused Code,org.owasp.benchmark.testcode,Avoid unused local variables such as 'bar'.
/Users/dwichers/git/benchmark/src/main/java/org/owasp/benchmark/testcode/BenchmarkTest02346.java,BenchmarkTest02346,doPost,84,86,49,49,CollapsibleIfStatements,Basic,org.owasp.benchmark.testcode,These nested if statements could be combined
/Users/dwichers/git/benchmark/src/main/java/org/owasp/benchmark/testcode/BenchmarkTest02347.java,BenchmarkTest02347,doPost,60,60,24,26,UnusedLocalVariable,Unused Code,org.owasp.benchmark.testcode,Avoid unused local variables such as 'bar'.
/Users/dwichers/git/benchmark/src/main/java/org/owasp/benchmark/testcode/BenchmarkTest02347.java,BenchmarkTest02347,doPost,80,82,49,49,CollapsibleIfStatements,Basic,org.owasp.benchmark.testcode,These nested if statements could be combined
/Users/dwichers/git/benchmark/src/main/java/org/owasp/benchmark/testcode/BenchmarkTest02348.java,BenchmarkTest02348,doPost,60,60,24,26,UnusedLocalVariable,Unused Code,org.owasp.benchmark.testcode,Avoid unused local variables such as 'bar'.
/Users/dwichers/git/benchmark/src/main/java/org/owasp/benchmark/testcode/BenchmarkTest02348.java,BenchmarkTest02348,doPost,79,81,49,49,CollapsibleIfStatements,Basic,org.owasp.benchmark.testcode,These nested if statements could be combined
/Users/dwichers/git/benchmark/src/main/java/org/owasp/benchmark/testcode/BenchmarkTest02349.java,BenchmarkTest02349,doPost,60,60,24,26,UnusedLocalVariable,Unused Code,org.owasp.benchmark.testcode,Avoid unused local variables such as 'bar'.
/Users/dwichers/git/benchmark/src/main/java/org/owasp/benchmark/testcode/BenchmarkTest02349.java,BenchmarkTest02349,doPost,79,81,49,49,CollapsibleIfStatements,Basic,org.owasp.benchmark.testcode,These nested if statements could be combined
/Users/dwichers/git/benchmark/src/main/java/org/owasp/benchmark/testcode/BenchmarkTest02350.java,BenchmarkTest02350,doPost,60,60,24,26,UnusedLocalVariable,Unused Code,org.owasp.benchmark.testcode,Avoid unused local variables such as 'bar'.
/Users/dwichers/git/benchmark/src/main/java/org/owasp/benchmark/testcode/BenchmarkTest02350.java,BenchmarkTest02350,doPost,79,81,49,49,CollapsibleIfStatements,Basic,org.owasp.benchmark.testcode,These nested if statements could be combined
/Users/dwichers/git/benchmark/src/main/java/org/owasp/benchmark/testcode/BenchmarkTest02351.java,BenchmarkTest02351,doPost,60,60,24,26,UnusedLocalVariable,Unused Code,org.owasp.benchmark.testcode,Avoid unused local variables such as 'bar'.
/Users/dwichers/git/benchmark/src/main/java/org/owasp/benchmark/testcode/BenchmarkTest02351.java,BenchmarkTest02351,doPost,79,81,49,49,CollapsibleIfStatements,Basic,org.owasp.benchmark.testcode,These nested if statements could be combined
/Users/dwichers/git/benchmark/src/main/java/org/owasp/benchmark/testcode/BenchmarkTest02363.java,BenchmarkTest02363,doSomething,96,96,24,29,UnusedLocalVariable,Unused Code,org.owasp.benchmark.testcode,Avoid unused local variables such as 'f21456'.
/Users/dwichers/git/benchmark/src/main/java/org/owasp/benchmark/testcode/BenchmarkTest02367.java,BenchmarkTest02367,doSomething,93,93,24,29,UnusedLocalVariable,Unused Code,org.owasp.benchmark.testcode,Avoid unused local variables such as 'f41891'.
/Users/dwichers/git/benchmark/src/main/java/org/owasp/benchmark/testcode/BenchmarkTest02368.java,BenchmarkTest02368,doPost,66,66,29,33,UnusedLocalVariable,Unused Code,org.owasp.benchmark.testcode,Avoid unused local variables such as 'count'.
/Users/dwichers/git/benchmark/src/main/java/org/owasp/benchmark/testcode/BenchmarkTest02369.java,BenchmarkTest02369,doPost,66,66,29,33,UnusedLocalVariable,Unused Code,org.owasp.benchmark.testcode,Avoid unused local variables such as 'count'.
/Users/dwichers/git/benchmark/src/main/java/org/owasp/benchmark/testcode/BenchmarkTest02380.java,BenchmarkTest02380,doPost,68,70,35,33,EmptyCatchBlock,Empty Code,org.owasp.benchmark.testcode,Avoid empty catch blocks
/Users/dwichers/git/benchmark/src/main/java/org/owasp/benchmark/testcode/BenchmarkTest02380.java,BenchmarkTest02380,doSomething,89,89,24,29,UnusedLocalVariable,Unused Code,org.owasp.benchmark.testcode,Avoid unused local variables such as 'f76789'.
/Users/dwichers/git/benchmark/src/main/java/org/owasp/benchmark/testcode/BenchmarkTest02381.java,BenchmarkTest02381,doPost,77,79,35,33,EmptyCatchBlock,Empty Code,org.owasp.benchmark.testcode,Avoid empty catch blocks
/Users/dwichers/git/benchmark/src/main/java/org/owasp/benchmark/testcode/BenchmarkTest02382.java,BenchmarkTest02382,doPost,68,70,35,33,EmptyCatchBlock,Empty Code,org.owasp.benchmark.testcode,Avoid empty catch blocks
/Users/dwichers/git/benchmark/src/main/java/org/owasp/benchmark/testcode/BenchmarkTest02383.java,BenchmarkTest02383,doPost,68,70,35,33,EmptyCatchBlock,Empty Code,org.owasp.benchmark.testcode,Avoid empty catch blocks
/Users/dwichers/git/benchmark/src/main/java/org/owasp/benchmark/testcode/BenchmarkTest02390.java,BenchmarkTest02390,doSomething,101,101,24,29,UnusedLocalVariable,Unused Code,org.owasp.benchmark.testcode,Avoid unused local variables such as 'f73202'.
/Users/dwichers/git/benchmark/src/main/java/org/owasp/benchmark/testcode/BenchmarkTest02393.java,BenchmarkTest02393,doSomething,104,104,24,29,UnusedLocalVariable,Unused Code,org.owasp.benchmark.testcode,Avoid unused local variables such as 'f24492'.
/Users/dwichers/git/benchmark/src/main/java/org/owasp/benchmark/testcode/BenchmarkTest02408.java,BenchmarkTest02408,doSomething,66,66,24,29,UnusedLocalVariable,Unused Code,org.owasp.benchmark.testcode,Avoid unused local variables such as 'f67594'.
/Users/dwichers/git/benchmark/src/main/java/org/owasp/benchmark/testcode/BenchmarkTest02415.java,BenchmarkTest02415,doPost,47,47,24,26,UnusedLocalVariable,Unused Code,org.owasp.benchmark.testcode,Avoid unused local variables such as 'bar'.
/Users/dwichers/git/benchmark/src/main/java/org/owasp/benchmark/testcode/BenchmarkTest02415.java,BenchmarkTest02415,doPost,66,68,41,41,CollapsibleIfStatements,Basic,org.owasp.benchmark.testcode,These nested if statements could be combined
/Users/dwichers/git/benchmark/src/main/java/org/owasp/benchmark/testcode/BenchmarkTest02416.java,BenchmarkTest02416,doPost,47,47,24,26,UnusedLocalVariable,Unused Code,org.owasp.benchmark.testcode,Avoid unused local variables such as 'bar'.
/Users/dwichers/git/benchmark/src/main/java/org/owasp/benchmark/testcode/BenchmarkTest02416.java,BenchmarkTest02416,doPost,65,67,41,41,CollapsibleIfStatements,Basic,org.owasp.benchmark.testcode,These nested if statements could be combined
/Users/dwichers/git/benchmark/src/main/java/org/owasp/benchmark/testcode/BenchmarkTest02417.java,BenchmarkTest02417,doPost,47,47,24,26,UnusedLocalVariable,Unused Code,org.owasp.benchmark.testcode,Avoid unused local variables such as 'bar'.
/Users/dwichers/git/benchmark/src/main/java/org/owasp/benchmark/testcode/BenchmarkTest02417.java,BenchmarkTest02417,doPost,65,67,41,41,CollapsibleIfStatements,Basic,org.owasp.benchmark.testcode,These nested if statements could be combined
/Users/dwichers/git/benchmark/src/main/java/org/owasp/benchmark/testcode/BenchmarkTest02418.java,BenchmarkTest02418,doPost,47,47,24,26,UnusedLocalVariable,Unused Code,org.owasp.benchmark.testcode,Avoid unused local variables such as 'bar'.
/Users/dwichers/git/benchmark/src/main/java/org/owasp/benchmark/testcode/BenchmarkTest02418.java,BenchmarkTest02418,doPost,65,67,41,41,CollapsibleIfStatements,Basic,org.owasp.benchmark.testcode,These nested if statements could be combined
/Users/dwichers/git/benchmark/src/main/java/org/owasp/benchmark/testcode/BenchmarkTest02419.java,BenchmarkTest02419,doPost,47,47,24,26,UnusedLocalVariable,Unused Code,org.owasp.benchmark.testcode,Avoid unused local variables such as 'bar'.
/Users/dwichers/git/benchmark/src/main/java/org/owasp/benchmark/testcode/BenchmarkTest02419.java,BenchmarkTest02419,doPost,65,67,41,41,CollapsibleIfStatements,Basic,org.owasp.benchmark.testcode,These nested if statements could be combined
/Users/dwichers/git/benchmark/src/main/java/org/owasp/benchmark/testcode/BenchmarkTest02419.java,BenchmarkTest02419,doSomething,110,110,24,28,UnusedLocalVariable,Unused Code,org.owasp.benchmark.testcode,Avoid unused local variables such as 'f8935'.
/Users/dwichers/git/benchmark/src/main/java/org/owasp/benchmark/testcode/BenchmarkTest02420.java,BenchmarkTest02420,doPost,47,47,24,26,UnusedLocalVariable,Unused Code,org.owasp.benchmark.testcode,Avoid unused local variables such as 'bar'.
/Users/dwichers/git/benchmark/src/main/java/org/owasp/benchmark/testcode/BenchmarkTest02420.java,BenchmarkTest02420,doPost,65,67,41,41,CollapsibleIfStatements,Basic,org.owasp.benchmark.testcode,These nested if statements could be combined
/Users/dwichers/git/benchmark/src/main/java/org/owasp/benchmark/testcode/BenchmarkTest02421.java,BenchmarkTest02421,doPost,47,47,24,26,UnusedLocalVariable,Unused Code,org.owasp.benchmark.testcode,Avoid unused local variables such as 'bar'.
/Users/dwichers/git/benchmark/src/main/java/org/owasp/benchmark/testcode/BenchmarkTest02421.java,BenchmarkTest02421,doPost,65,67,41,41,CollapsibleIfStatements,Basic,org.owasp.benchmark.testcode,These nested if statements could be combined
/Users/dwichers/git/benchmark/src/main/java/org/owasp/benchmark/testcode/BenchmarkTest02422.java,BenchmarkTest02422,doPost,47,47,24,26,UnusedLocalVariable,Unused Code,org.owasp.benchmark.testcode,Avoid unused local variables such as 'bar'.
/Users/dwichers/git/benchmark/src/main/java/org/owasp/benchmark/testcode/BenchmarkTest02422.java,BenchmarkTest02422,doPost,65,67,41,41,CollapsibleIfStatements,Basic,org.owasp.benchmark.testcode,These nested if statements could be combined
/Users/dwichers/git/benchmark/src/main/java/org/owasp/benchmark/testcode/BenchmarkTest02423.java,BenchmarkTest02423,doPost,47,47,24,26,UnusedLocalVariable,Unused Code,org.owasp.benchmark.testcode,Avoid unused local variables such as 'bar'.
/Users/dwichers/git/benchmark/src/main/java/org/owasp/benchmark/testcode/BenchmarkTest02423.java,BenchmarkTest02423,doPost,65,67,41,41,CollapsibleIfStatements,Basic,org.owasp.benchmark.testcode,These nested if statements could be combined
/Users/dwichers/git/benchmark/src/main/java/org/owasp/benchmark/testcode/BenchmarkTest02424.java,BenchmarkTest02424,doPost,47,47,24,26,UnusedLocalVariable,Unused Code,org.owasp.benchmark.testcode,Avoid unused local variables such as 'bar'.
/Users/dwichers/git/benchmark/src/main/java/org/owasp/benchmark/testcode/BenchmarkTest02424.java,BenchmarkTest02424,doPost,65,67,41,41,CollapsibleIfStatements,Basic,org.owasp.benchmark.testcode,These nested if statements could be combined
/Users/dwichers/git/benchmark/src/main/java/org/owasp/benchmark/testcode/BenchmarkTest02425.java,BenchmarkTest02425,doPost,47,47,24,26,UnusedLocalVariable,Unused Code,org.owasp.benchmark.testcode,Avoid unused local variables such as 'bar'.
/Users/dwichers/git/benchmark/src/main/java/org/owasp/benchmark/testcode/BenchmarkTest02425.java,BenchmarkTest02425,doPost,65,67,41,41,CollapsibleIfStatements,Basic,org.owasp.benchmark.testcode,These nested if statements could be combined
/Users/dwichers/git/benchmark/src/main/java/org/owasp/benchmark/testcode/BenchmarkTest02426.java,BenchmarkTest02426,doPost,47,47,24,26,UnusedLocalVariable,Unused Code,org.owasp.benchmark.testcode,Avoid unused local variables such as 'bar'.
/Users/dwichers/git/benchmark/src/main/java/org/owasp/benchmark/testcode/BenchmarkTest02426.java,BenchmarkTest02426,doPost,65,67,41,41,CollapsibleIfStatements,Basic,org.owasp.benchmark.testcode,These nested if statements could be combined
/Users/dwichers/git/benchmark/src/main/java/org/owasp/benchmark/testcode/BenchmarkTest02427.java,BenchmarkTest02427,doPost,47,47,24,26,UnusedLocalVariable,Unused Code,org.owasp.benchmark.testcode,Avoid unused local variables such as 'bar'.
/Users/dwichers/git/benchmark/src/main/java/org/owasp/benchmark/testcode/BenchmarkTest02434.java,BenchmarkTest02434,doPost,47,47,24,26,UnusedLocalVariable,Unused Code,org.owasp.benchmark.testcode,Avoid unused local variables such as 'bar'.
/Users/dwichers/git/benchmark/src/main/java/org/owasp/benchmark/testcode/BenchmarkTest02434.java,BenchmarkTest02434,doPost,71,73,49,49,CollapsibleIfStatements,Basic,org.owasp.benchmark.testcode,These nested if statements could be combined
/Users/dwichers/git/benchmark/src/main/java/org/owasp/benchmark/testcode/BenchmarkTest02435.java,BenchmarkTest02435,doPost,47,47,24,26,UnusedLocalVariable,Unused Code,org.owasp.benchmark.testcode,Avoid unused local variables such as 'bar'.
/Users/dwichers/git/benchmark/src/main/java/org/owasp/benchmark/testcode/BenchmarkTest02435.java,BenchmarkTest02435,doPost,71,73,49,49,CollapsibleIfStatements,Basic,org.owasp.benchmark.testcode,These nested if statements could be combined
/Users/dwichers/git/benchmark/src/main/java/org/owasp/benchmark/testcode/BenchmarkTest02436.java,BenchmarkTest02436,doPost,47,47,24,26,UnusedLocalVariable,Unused Code,org.owasp.benchmark.testcode,Avoid unused local variables such as 'bar'.
/Users/dwichers/git/benchmark/src/main/java/org/owasp/benchmark/testcode/BenchmarkTest02436.java,BenchmarkTest02436,doPost,67,69,49,49,CollapsibleIfStatements,Basic,org.owasp.benchmark.testcode,These nested if statements could be combined
/Users/dwichers/git/benchmark/src/main/java/org/owasp/benchmark/testcode/BenchmarkTest02437.java,BenchmarkTest02437,doPost,47,47,24,26,UnusedLocalVariable,Unused Code,org.owasp.benchmark.testcode,Avoid unused local variables such as 'bar'.
/Users/dwichers/git/benchmark/src/main/java/org/owasp/benchmark/testcode/BenchmarkTest02437.java,BenchmarkTest02437,doPost,67,69,49,49,CollapsibleIfStatements,Basic,org.owasp.benchmark.testcode,These nested if statements could be combined
/Users/dwichers/git/benchmark/src/main/java/org/owasp/benchmark/testcode/BenchmarkTest02438.java,BenchmarkTest02438,doPost,47,47,24,26,UnusedLocalVariable,Unused Code,org.owasp.benchmark.testcode,Avoid unused local variables such as 'bar'.
/Users/dwichers/git/benchmark/src/main/java/org/owasp/benchmark/testcode/BenchmarkTest02438.java,BenchmarkTest02438,doPost,67,69,49,49,CollapsibleIfStatements,Basic,org.owasp.benchmark.testcode,These nested if statements could be combined
/Users/dwichers/git/benchmark/src/main/java/org/owasp/benchmark/testcode/BenchmarkTest02439.java,BenchmarkTest02439,doPost,47,47,24,26,UnusedLocalVariable,Unused Code,org.owasp.benchmark.testcode,Avoid unused local variables such as 'bar'.
/Users/dwichers/git/benchmark/src/main/java/org/owasp/benchmark/testcode/BenchmarkTest02439.java,BenchmarkTest02439,doPost,71,73,49,49,CollapsibleIfStatements,Basic,org.owasp.benchmark.testcode,These nested if statements could be combined
/Users/dwichers/git/benchmark/src/main/java/org/owasp/benchmark/testcode/BenchmarkTest02440.java,BenchmarkTest02440,doPost,47,47,24,26,UnusedLocalVariable,Unused Code,org.owasp.benchmark.testcode,Avoid unused local variables such as 'bar'.
/Users/dwichers/git/benchmark/src/main/java/org/owasp/benchmark/testcode/BenchmarkTest02440.java,BenchmarkTest02440,doPost,66,68,49,49,CollapsibleIfStatements,Basic,org.owasp.benchmark.testcode,These nested if statements could be combined
/Users/dwichers/git/benchmark/src/main/java/org/owasp/benchmark/testcode/BenchmarkTest02441.java,BenchmarkTest02441,doPost,47,47,24,26,UnusedLocalVariable,Unused Code,org.owasp.benchmark.testcode,Avoid unused local variables such as 'bar'.
/Users/dwichers/git/benchmark/src/main/java/org/owasp/benchmark/testcode/BenchmarkTest02441.java,BenchmarkTest02441,doPost,66,68,49,49,CollapsibleIfStatements,Basic,org.owasp.benchmark.testcode,These nested if statements could be combined
/Users/dwichers/git/benchmark/src/main/java/org/owasp/benchmark/testcode/BenchmarkTest02442.java,BenchmarkTest02442,doPost,47,47,24,26,UnusedLocalVariable,Unused Code,org.owasp.benchmark.testcode,Avoid unused local variables such as 'bar'.
/Users/dwichers/git/benchmark/src/main/java/org/owasp/benchmark/testcode/BenchmarkTest02442.java,BenchmarkTest02442,doPost,66,68,49,49,CollapsibleIfStatements,Basic,org.owasp.benchmark.testcode,These nested if statements could be combined
/Users/dwichers/git/benchmark/src/main/java/org/owasp/benchmark/testcode/BenchmarkTest02443.java,BenchmarkTest02443,doPost,47,47,24,26,UnusedLocalVariable,Unused Code,org.owasp.benchmark.testcode,Avoid unused local variables such as 'bar'.
/Users/dwichers/git/benchmark/src/main/java/org/owasp/benchmark/testcode/BenchmarkTest02443.java,BenchmarkTest02443,doPost,66,68,49,49,CollapsibleIfStatements,Basic,org.owasp.benchmark.testcode,These nested if statements could be combined
/Users/dwichers/git/benchmark/src/main/java/org/owasp/benchmark/testcode/BenchmarkTest02444.java,BenchmarkTest02444,doPost,47,47,24,26,UnusedLocalVariable,Unused Code,org.owasp.benchmark.testcode,Avoid unused local variables such as 'bar'.
/Users/dwichers/git/benchmark/src/main/java/org/owasp/benchmark/testcode/BenchmarkTest02444.java,BenchmarkTest02444,doPost,66,68,49,49,CollapsibleIfStatements,Basic,org.owasp.benchmark.testcode,These nested if statements could be combined
/Users/dwichers/git/benchmark/src/main/java/org/owasp/benchmark/testcode/BenchmarkTest02445.java,BenchmarkTest02445,doPost,47,47,24,26,UnusedLocalVariable,Unused Code,org.owasp.benchmark.testcode,Avoid unused local variables such as 'bar'.
/Users/dwichers/git/benchmark/src/main/java/org/owasp/benchmark/testcode/BenchmarkTest02445.java,BenchmarkTest02445,doPost,66,68,49,49,CollapsibleIfStatements,Basic,org.owasp.benchmark.testcode,These nested if statements could be combined
/Users/dwichers/git/benchmark/src/main/java/org/owasp/benchmark/testcode/BenchmarkTest02452.java,BenchmarkTest02452,doSomething,91,91,24,29,UnusedLocalVariable,Unused Code,org.owasp.benchmark.testcode,Avoid unused local variables such as 'f91263'.
/Users/dwichers/git/benchmark/src/main/java/org/owasp/benchmark/testcode/BenchmarkTest02455.java,BenchmarkTest02455,doPost,53,53,29,33,UnusedLocalVariable,Unused Code,org.owasp.benchmark.testcode,Avoid unused local variables such as 'count'.
/Users/dwichers/git/benchmark/src/main/java/org/owasp/benchmark/testcode/BenchmarkTest02456.java,BenchmarkTest02456,doPost,53,53,29,33,UnusedLocalVariable,Unused Code,org.owasp.benchmark.testcode,Avoid unused local variables such as 'count'.
/Users/dwichers/git/benchmark/src/main/java/org/owasp/benchmark/testcode/BenchmarkTest02465.java,BenchmarkTest02465,doPost,76,78,19,17,EmptyCatchBlock,Empty Code,org.owasp.benchmark.testcode,Avoid empty catch blocks
/Users/dwichers/git/benchmark/src/main/java/org/owasp/benchmark/testcode/BenchmarkTest02466.java,BenchmarkTest02466,doPost,76,78,19,17,EmptyCatchBlock,Empty Code,org.owasp.benchmark.testcode,Avoid empty catch blocks
/Users/dwichers/git/benchmark/src/main/java/org/owasp/benchmark/testcode/BenchmarkTest02467.java,BenchmarkTest02467,doPost,73,75,35,33,EmptyCatchBlock,Empty Code,org.owasp.benchmark.testcode,Avoid empty catch blocks
/Users/dwichers/git/benchmark/src/main/java/org/owasp/benchmark/testcode/BenchmarkTest02467.java,BenchmarkTest02467,doSomething,94,94,24,29,UnusedLocalVariable,Unused Code,org.owasp.benchmark.testcode,Avoid unused local variables such as 'f60326'.
/Users/dwichers/git/benchmark/src/main/java/org/owasp/benchmark/testcode/BenchmarkTest02468.java,BenchmarkTest02468,doPost,79,81,35,33,EmptyCatchBlock,Empty Code,org.owasp.benchmark.testcode,Avoid empty catch blocks
/Users/dwichers/git/benchmark/src/main/java/org/owasp/benchmark/testcode/BenchmarkTest02469.java,BenchmarkTest02469,doPost,70,72,35,33,EmptyCatchBlock,Empty Code,org.owasp.benchmark.testcode,Avoid empty catch blocks
/Users/dwichers/git/benchmark/src/main/java/org/owasp/benchmark/testcode/BenchmarkTest02470.java,BenchmarkTest02470,doPost,70,72,35,33,EmptyCatchBlock,Empty Code,org.owasp.benchmark.testcode,Avoid empty catch blocks
/Users/dwichers/git/benchmark/src/main/java/org/owasp/benchmark/testcode/BenchmarkTest02471.java,BenchmarkTest02471,doPost,77,79,19,17,EmptyCatchBlock,Empty Code,org.owasp.benchmark.testcode,Avoid empty catch blocks
/Users/dwichers/git/benchmark/src/main/java/org/owasp/benchmark/testcode/BenchmarkTest02473.java,BenchmarkTest02473,doPost,49,49,24,26,UnusedLocalVariable,Unused Code,org.owasp.benchmark.testcode,Avoid unused local variables such as 'bar'.
/Users/dwichers/git/benchmark/src/main/java/org/owasp/benchmark/testcode/BenchmarkTest02473.java,BenchmarkTest02473,doPost,67,69,41,41,CollapsibleIfStatements,Basic,org.owasp.benchmark.testcode,These nested if statements could be combined
/Users/dwichers/git/benchmark/src/main/java/org/owasp/benchmark/testcode/BenchmarkTest02477.java,BenchmarkTest02477,doSomething,103,103,24,29,UnusedLocalVariable,Unused Code,org.owasp.benchmark.testcode,Avoid unused local variables such as 'f40743'.
/Users/dwichers/git/benchmark/src/main/java/org/owasp/benchmark/testcode/BenchmarkTest02490.java,BenchmarkTest02490,doSomething,69,69,24,29,UnusedLocalVariable,Unused Code,org.owasp.benchmark.testcode,Avoid unused local variables such as 'f28523'.
/Users/dwichers/git/benchmark/src/main/java/org/owasp/benchmark/testcode/BenchmarkTest02491.java,BenchmarkTest02491,doSomething,68,68,24,29,UnusedLocalVariable,Unused Code,org.owasp.benchmark.testcode,Avoid unused local variables such as 'f17852'.
/Users/dwichers/git/benchmark/src/main/java/org/owasp/benchmark/testcode/BenchmarkTest02497.java,BenchmarkTest02497,doPost,49,49,24,26,UnusedLocalVariable,Unused Code,org.owasp.benchmark.testcode,Avoid unused local variables such as 'bar'.
/Users/dwichers/git/benchmark/src/main/java/org/owasp/benchmark/testcode/BenchmarkTest02497.java,BenchmarkTest02497,doPost,67,69,41,41,CollapsibleIfStatements,Basic,org.owasp.benchmark.testcode,These nested if statements could be combined
/Users/dwichers/git/benchmark/src/main/java/org/owasp/benchmark/testcode/BenchmarkTest02497.java,BenchmarkTest02497,doSomething,112,112,24,29,UnusedLocalVariable,Unused Code,org.owasp.benchmark.testcode,Avoid unused local variables such as 'f40533'.
/Users/dwichers/git/benchmark/src/main/java/org/owasp/benchmark/testcode/BenchmarkTest02498.java,BenchmarkTest02498,doPost,49,49,24,26,UnusedLocalVariable,Unused Code,org.owasp.benchmark.testcode,Avoid unused local variables such as 'bar'.
/Users/dwichers/git/benchmark/src/main/java/org/owasp/benchmark/testcode/BenchmarkTest02498.java,BenchmarkTest02498,doPost,67,69,41,41,CollapsibleIfStatements,Basic,org.owasp.benchmark.testcode,These nested if statements could be combined
/Users/dwichers/git/benchmark/src/main/java/org/owasp/benchmark/testcode/BenchmarkTest02499.java,BenchmarkTest02499,doPost,49,49,24,26,UnusedLocalVariable,Unused Code,org.owasp.benchmark.testcode,Avoid unused local variables such as 'bar'.
/Users/dwichers/git/benchmark/src/main/java/org/owasp/benchmark/testcode/BenchmarkTest02499.java,BenchmarkTest02499,doPost,67,69,41,41,CollapsibleIfStatements,Basic,org.owasp.benchmark.testcode,These nested if statements could be combined
/Users/dwichers/git/benchmark/src/main/java/org/owasp/benchmark/testcode/BenchmarkTest02500.java,BenchmarkTest02500,doPost,49,49,24,26,UnusedLocalVariable,Unused Code,org.owasp.benchmark.testcode,Avoid unused local variables such as 'bar'.
/Users/dwichers/git/benchmark/src/main/java/org/owasp/benchmark/testcode/BenchmarkTest02500.java,BenchmarkTest02500,doPost,67,69,41,41,CollapsibleIfStatements,Basic,org.owasp.benchmark.testcode,These nested if statements could be combined
/Users/dwichers/git/benchmark/src/main/java/org/owasp/benchmark/testcode/BenchmarkTest02501.java,BenchmarkTest02501,doPost,49,49,24,26,UnusedLocalVariable,Unused Code,org.owasp.benchmark.testcode,Avoid unused local variables such as 'bar'.
/Users/dwichers/git/benchmark/src/main/java/org/owasp/benchmark/testcode/BenchmarkTest02501.java,BenchmarkTest02501,doPost,67,69,41,41,CollapsibleIfStatements,Basic,org.owasp.benchmark.testcode,These nested if statements could be combined
/Users/dwichers/git/benchmark/src/main/java/org/owasp/benchmark/testcode/BenchmarkTest02502.java,BenchmarkTest02502,doPost,49,49,24,26,UnusedLocalVariable,Unused Code,org.owasp.benchmark.testcode,Avoid unused local variables such as 'bar'.
/Users/dwichers/git/benchmark/src/main/java/org/owasp/benchmark/testcode/BenchmarkTest02502.java,BenchmarkTest02502,doPost,67,69,41,41,CollapsibleIfStatements,Basic,org.owasp.benchmark.testcode,These nested if statements could be combined
/Users/dwichers/git/benchmark/src/main/java/org/owasp/benchmark/testcode/BenchmarkTest02503.java,BenchmarkTest02503,doPost,49,49,24,26,UnusedLocalVariable,Unused Code,org.owasp.benchmark.testcode,Avoid unused local variables such as 'bar'.
/Users/dwichers/git/benchmark/src/main/java/org/owasp/benchmark/testcode/BenchmarkTest02503.java,BenchmarkTest02503,doPost,67,69,41,41,CollapsibleIfStatements,Basic,org.owasp.benchmark.testcode,These nested if statements could be combined
/Users/dwichers/git/benchmark/src/main/java/org/owasp/benchmark/testcode/BenchmarkTest02503.java,BenchmarkTest02503,doSomething,112,112,24,29,UnusedLocalVariable,Unused Code,org.owasp.benchmark.testcode,Avoid unused local variables such as 'f70407'.
/Users/dwichers/git/benchmark/src/main/java/org/owasp/benchmark/testcode/BenchmarkTest02504.java,BenchmarkTest02504,doPost,49,49,24,26,UnusedLocalVariable,Unused Code,org.owasp.benchmark.testcode,Avoid unused local variables such as 'bar'.
/Users/dwichers/git/benchmark/src/main/java/org/owasp/benchmark/testcode/BenchmarkTest02504.java,BenchmarkTest02504,doPost,67,69,41,41,CollapsibleIfStatements,Basic,org.owasp.benchmark.testcode,These nested if statements could be combined
/Users/dwichers/git/benchmark/src/main/java/org/owasp/benchmark/testcode/BenchmarkTest02505.java,BenchmarkTest02505,doPost,49,49,24,26,UnusedLocalVariable,Unused Code,org.owasp.benchmark.testcode,Avoid unused local variables such as 'bar'.
/Users/dwichers/git/benchmark/src/main/java/org/owasp/benchmark/testcode/BenchmarkTest02505.java,BenchmarkTest02505,doPost,67,69,41,41,CollapsibleIfStatements,Basic,org.owasp.benchmark.testcode,These nested if statements could be combined
/Users/dwichers/git/benchmark/src/main/java/org/owasp/benchmark/testcode/BenchmarkTest02506.java,BenchmarkTest02506,doPost,49,49,24,26,UnusedLocalVariable,Unused Code,org.owasp.benchmark.testcode,Avoid unused local variables such as 'bar'.
/Users/dwichers/git/benchmark/src/main/java/org/owasp/benchmark/testcode/BenchmarkTest02506.java,BenchmarkTest02506,doPost,67,69,41,41,CollapsibleIfStatements,Basic,org.owasp.benchmark.testcode,These nested if statements could be combined
/Users/dwichers/git/benchmark/src/main/java/org/owasp/benchmark/testcode/BenchmarkTest02507.java,BenchmarkTest02507,doPost,49,49,24,26,UnusedLocalVariable,Unused Code,org.owasp.benchmark.testcode,Avoid unused local variables such as 'bar'.
/Users/dwichers/git/benchmark/src/main/java/org/owasp/benchmark/testcode/BenchmarkTest02508.java,BenchmarkTest02508,doPost,49,49,24,26,UnusedLocalVariable,Unused Code,org.owasp.benchmark.testcode,Avoid unused local variables such as 'bar'.
/Users/dwichers/git/benchmark/src/main/java/org/owasp/benchmark/testcode/BenchmarkTest02510.java,BenchmarkTest02510,doSomething,80,80,24,29,UnusedLocalVariable,Unused Code,org.owasp.benchmark.testcode,Avoid unused local variables such as 'f11776'.
/Users/dwichers/git/benchmark/src/main/java/org/owasp/benchmark/testcode/BenchmarkTest02519.java,BenchmarkTest02519,doPost,49,49,24,26,UnusedLocalVariable,Unused Code,org.owasp.benchmark.testcode,Avoid unused local variables such as 'bar'.
/Users/dwichers/git/benchmark/src/main/java/org/owasp/benchmark/testcode/BenchmarkTest02519.java,BenchmarkTest02519,doPost,69,71,49,49,CollapsibleIfStatements,Basic,org.owasp.benchmark.testcode,These nested if statements could be combined
/Users/dwichers/git/benchmark/src/main/java/org/owasp/benchmark/testcode/BenchmarkTest02520.java,BenchmarkTest02520,doPost,49,49,24,26,UnusedLocalVariable,Unused Code,org.owasp.benchmark.testcode,Avoid unused local variables such as 'bar'.
/Users/dwichers/git/benchmark/src/main/java/org/owasp/benchmark/testcode/BenchmarkTest02520.java,BenchmarkTest02520,doPost,69,71,49,49,CollapsibleIfStatements,Basic,org.owasp.benchmark.testcode,These nested if statements could be combined
/Users/dwichers/git/benchmark/src/main/java/org/owasp/benchmark/testcode/BenchmarkTest02521.java,BenchmarkTest02521,doPost,49,49,24,26,UnusedLocalVariable,Unused Code,org.owasp.benchmark.testcode,Avoid unused local variables such as 'bar'.
/Users/dwichers/git/benchmark/src/main/java/org/owasp/benchmark/testcode/BenchmarkTest02521.java,BenchmarkTest02521,doPost,68,70,49,49,CollapsibleIfStatements,Basic,org.owasp.benchmark.testcode,These nested if statements could be combined
/Users/dwichers/git/benchmark/src/main/java/org/owasp/benchmark/testcode/BenchmarkTest02522.java,BenchmarkTest02522,doPost,49,49,24,26,UnusedLocalVariable,Unused Code,org.owasp.benchmark.testcode,Avoid unused local variables such as 'bar'.
/Users/dwichers/git/benchmark/src/main/java/org/owasp/benchmark/testcode/BenchmarkTest02522.java,BenchmarkTest02522,doPost,68,70,49,49,CollapsibleIfStatements,Basic,org.owasp.benchmark.testcode,These nested if statements could be combined
/Users/dwichers/git/benchmark/src/main/java/org/owasp/benchmark/testcode/BenchmarkTest02538.java,BenchmarkTest02538,doSomething,89,89,24,29,UnusedLocalVariable,Unused Code,org.owasp.benchmark.testcode,Avoid unused local variables such as 'f72634'.
/Users/dwichers/git/benchmark/src/main/java/org/owasp/benchmark/testcode/BenchmarkTest02539.java,BenchmarkTest02539,doSomething,91,91,24,28,UnusedLocalVariable,Unused Code,org.owasp.benchmark.testcode,Avoid unused local variables such as 'f9290'.
/Users/dwichers/git/benchmark/src/main/java/org/owasp/benchmark/testcode/BenchmarkTest02545.java,BenchmarkTest02545,doPost,55,55,29,33,UnusedLocalVariable,Unused Code,org.owasp.benchmark.testcode,Avoid unused local variables such as 'count'.
/Users/dwichers/git/benchmark/src/main/java/org/owasp/benchmark/testcode/BenchmarkTest02546.java,BenchmarkTest02546,doPost,55,55,29,33,UnusedLocalVariable,Unused Code,org.owasp.benchmark.testcode,Avoid unused local variables such as 'count'.
/Users/dwichers/git/benchmark/src/main/java/org/owasp/benchmark/testcode/BenchmarkTest02560.java,BenchmarkTest02560,doPost,87,89,19,17,EmptyCatchBlock,Empty Code,org.owasp.benchmark.testcode,Avoid empty catch blocks
/Users/dwichers/git/benchmark/src/main/java/org/owasp/benchmark/testcode/BenchmarkTest02561.java,BenchmarkTest02561,doPost,84,86,35,33,EmptyCatchBlock,Empty Code,org.owasp.benchmark.testcode,Avoid empty catch blocks
/Users/dwichers/git/benchmark/src/main/java/org/owasp/benchmark/testcode/BenchmarkTest02562.java,BenchmarkTest02562,doPost,84,86,35,33,EmptyCatchBlock,Empty Code,org.owasp.benchmark.testcode,Avoid empty catch blocks
/Users/dwichers/git/benchmark/src/main/java/org/owasp/benchmark/testcode/BenchmarkTest02563.java,BenchmarkTest02563,doPost,81,83,35,33,EmptyCatchBlock,Empty Code,org.owasp.benchmark.testcode,Avoid empty catch blocks
/Users/dwichers/git/benchmark/src/main/java/org/owasp/benchmark/testcode/BenchmarkTest02563.java,BenchmarkTest02563,doSomething,102,102,24,29,UnusedLocalVariable,Unused Code,org.owasp.benchmark.testcode,Avoid unused local variables such as 'f99746'.
/Users/dwichers/git/benchmark/src/main/java/org/owasp/benchmark/testcode/BenchmarkTest02564.java,BenchmarkTest02564,doPost,81,83,35,33,EmptyCatchBlock,Empty Code,org.owasp.benchmark.testcode,Avoid empty catch blocks
/Users/dwichers/git/benchmark/src/main/java/org/owasp/benchmark/testcode/BenchmarkTest02565.java,BenchmarkTest02565,doPost,90,92,35,33,EmptyCatchBlock,Empty Code,org.owasp.benchmark.testcode,Avoid empty catch blocks
/Users/dwichers/git/benchmark/src/main/java/org/owasp/benchmark/testcode/BenchmarkTest02566.java,BenchmarkTest02566,doPost,90,92,35,33,EmptyCatchBlock,Empty Code,org.owasp.benchmark.testcode,Avoid empty catch blocks
/Users/dwichers/git/benchmark/src/main/java/org/owasp/benchmark/testcode/BenchmarkTest02567.java,BenchmarkTest02567,doPost,81,83,35,33,EmptyCatchBlock,Empty Code,org.owasp.benchmark.testcode,Avoid empty catch blocks
/Users/dwichers/git/benchmark/src/main/java/org/owasp/benchmark/testcode/BenchmarkTest02568.java,BenchmarkTest02568,doPost,81,83,35,33,EmptyCatchBlock,Empty Code,org.owasp.benchmark.testcode,Avoid empty catch blocks
/Users/dwichers/git/benchmark/src/main/java/org/owasp/benchmark/testcode/BenchmarkTest02569.java,BenchmarkTest02569,doPost,81,83,35,33,EmptyCatchBlock,Empty Code,org.owasp.benchmark.testcode,Avoid empty catch blocks
/Users/dwichers/git/benchmark/src/main/java/org/owasp/benchmark/testcode/BenchmarkTest02570.java,BenchmarkTest02570,doPost,88,90,19,17,EmptyCatchBlock,Empty Code,org.owasp.benchmark.testcode,Avoid empty catch blocks
/Users/dwichers/git/benchmark/src/main/java/org/owasp/benchmark/testcode/BenchmarkTest02602.java,BenchmarkTest02602,doPost,60,60,24,26,UnusedLocalVariable,Unused Code,org.owasp.benchmark.testcode,Avoid unused local variables such as 'bar'.
/Users/dwichers/git/benchmark/src/main/java/org/owasp/benchmark/testcode/BenchmarkTest02602.java,BenchmarkTest02602,doPost,79,81,41,41,CollapsibleIfStatements,Basic,org.owasp.benchmark.testcode,These nested if statements could be combined
/Users/dwichers/git/benchmark/src/main/java/org/owasp/benchmark/testcode/BenchmarkTest02603.java,BenchmarkTest02603,doPost,60,60,24,26,UnusedLocalVariable,Unused Code,org.owasp.benchmark.testcode,Avoid unused local variables such as 'bar'.
/Users/dwichers/git/benchmark/src/main/java/org/owasp/benchmark/testcode/BenchmarkTest02603.java,BenchmarkTest02603,doPost,79,81,41,41,CollapsibleIfStatements,Basic,org.owasp.benchmark.testcode,These nested if statements could be combined
/Users/dwichers/git/benchmark/src/main/java/org/owasp/benchmark/testcode/BenchmarkTest02604.java,BenchmarkTest02604,doPost,60,60,24,26,UnusedLocalVariable,Unused Code,org.owasp.benchmark.testcode,Avoid unused local variables such as 'bar'.
/Users/dwichers/git/benchmark/src/main/java/org/owasp/benchmark/testcode/BenchmarkTest02604.java,BenchmarkTest02604,doPost,78,80,41,41,CollapsibleIfStatements,Basic,org.owasp.benchmark.testcode,These nested if statements could be combined
/Users/dwichers/git/benchmark/src/main/java/org/owasp/benchmark/testcode/BenchmarkTest02605.java,BenchmarkTest02605,doPost,60,60,24,26,UnusedLocalVariable,Unused Code,org.owasp.benchmark.testcode,Avoid unused local variables such as 'bar'.
/Users/dwichers/git/benchmark/src/main/java/org/owasp/benchmark/testcode/BenchmarkTest02605.java,BenchmarkTest02605,doPost,78,80,41,41,CollapsibleIfStatements,Basic,org.owasp.benchmark.testcode,These nested if statements could be combined
/Users/dwichers/git/benchmark/src/main/java/org/owasp/benchmark/testcode/BenchmarkTest02606.java,BenchmarkTest02606,doPost,60,60,24,26,UnusedLocalVariable,Unused Code,org.owasp.benchmark.testcode,Avoid unused local variables such as 'bar'.
/Users/dwichers/git/benchmark/src/main/java/org/owasp/benchmark/testcode/BenchmarkTest02606.java,BenchmarkTest02606,doPost,78,80,41,41,CollapsibleIfStatements,Basic,org.owasp.benchmark.testcode,These nested if statements could be combined
/Users/dwichers/git/benchmark/src/main/java/org/owasp/benchmark/testcode/BenchmarkTest02607.java,BenchmarkTest02607,doPost,60,60,24,26,UnusedLocalVariable,Unused Code,org.owasp.benchmark.testcode,Avoid unused local variables such as 'bar'.
/Users/dwichers/git/benchmark/src/main/java/org/owasp/benchmark/testcode/BenchmarkTest02614.java,BenchmarkTest02614,doPost,60,60,24,26,UnusedLocalVariable,Unused Code,org.owasp.benchmark.testcode,Avoid unused local variables such as 'bar'.
/Users/dwichers/git/benchmark/src/main/java/org/owasp/benchmark/testcode/BenchmarkTest02614.java,BenchmarkTest02614,doPost,84,86,49,49,CollapsibleIfStatements,Basic,org.owasp.benchmark.testcode,These nested if statements could be combined
/Users/dwichers/git/benchmark/src/main/java/org/owasp/benchmark/testcode/BenchmarkTest02615.java,BenchmarkTest02615,doPost,60,60,24,26,UnusedLocalVariable,Unused Code,org.owasp.benchmark.testcode,Avoid unused local variables such as 'bar'.
/Users/dwichers/git/benchmark/src/main/java/org/owasp/benchmark/testcode/BenchmarkTest02615.java,BenchmarkTest02615,doPost,80,82,49,49,CollapsibleIfStatements,Basic,org.owasp.benchmark.testcode,These nested if statements could be combined
/Users/dwichers/git/benchmark/src/main/java/org/owasp/benchmark/testcode/BenchmarkTest02616.java,BenchmarkTest02616,doPost,60,60,24,26,UnusedLocalVariable,Unused Code,org.owasp.benchmark.testcode,Avoid unused local variables such as 'bar'.
/Users/dwichers/git/benchmark/src/main/java/org/owasp/benchmark/testcode/BenchmarkTest02616.java,BenchmarkTest02616,doPost,81,83,49,49,CollapsibleIfStatements,Basic,org.owasp.benchmark.testcode,These nested if statements could be combined
/Users/dwichers/git/benchmark/src/main/java/org/owasp/benchmark/testcode/BenchmarkTest02617.java,BenchmarkTest02617,doPost,60,60,24,26,UnusedLocalVariable,Unused Code,org.owasp.benchmark.testcode,Avoid unused local variables such as 'bar'.
/Users/dwichers/git/benchmark/src/main/java/org/owasp/benchmark/testcode/BenchmarkTest02617.java,BenchmarkTest02617,doPost,84,86,49,49,CollapsibleIfStatements,Basic,org.owasp.benchmark.testcode,These nested if statements could be combined
/Users/dwichers/git/benchmark/src/main/java/org/owasp/benchmark/testcode/BenchmarkTest02618.java,BenchmarkTest02618,doPost,60,60,24,26,UnusedLocalVariable,Unused Code,org.owasp.benchmark.testcode,Avoid unused local variables such as 'bar'.
/Users/dwichers/git/benchmark/src/main/java/org/owasp/benchmark/testcode/BenchmarkTest02618.java,BenchmarkTest02618,doPost,80,82,49,49,CollapsibleIfStatements,Basic,org.owasp.benchmark.testcode,These nested if statements could be combined
/Users/dwichers/git/benchmark/src/main/java/org/owasp/benchmark/testcode/BenchmarkTest02619.java,BenchmarkTest02619,doPost,60,60,24,26,UnusedLocalVariable,Unused Code,org.owasp.benchmark.testcode,Avoid unused local variables such as 'bar'.
/Users/dwichers/git/benchmark/src/main/java/org/owasp/benchmark/testcode/BenchmarkTest02619.java,BenchmarkTest02619,doPost,79,81,49,49,CollapsibleIfStatements,Basic,org.owasp.benchmark.testcode,These nested if statements could be combined
/Users/dwichers/git/benchmark/src/main/java/org/owasp/benchmark/testcode/BenchmarkTest02620.java,BenchmarkTest02620,doPost,60,60,24,26,UnusedLocalVariable,Unused Code,org.owasp.benchmark.testcode,Avoid unused local variables such as 'bar'.
/Users/dwichers/git/benchmark/src/main/java/org/owasp/benchmark/testcode/BenchmarkTest02620.java,BenchmarkTest02620,doPost,79,81,49,49,CollapsibleIfStatements,Basic,org.owasp.benchmark.testcode,These nested if statements could be combined
/Users/dwichers/git/benchmark/src/main/java/org/owasp/benchmark/testcode/BenchmarkTest02621.java,BenchmarkTest02621,doPost,60,60,24,26,UnusedLocalVariable,Unused Code,org.owasp.benchmark.testcode,Avoid unused local variables such as 'bar'.
/Users/dwichers/git/benchmark/src/main/java/org/owasp/benchmark/testcode/BenchmarkTest02621.java,BenchmarkTest02621,doPost,79,81,49,49,CollapsibleIfStatements,Basic,org.owasp.benchmark.testcode,These nested if statements could be combined
/Users/dwichers/git/benchmark/src/main/java/org/owasp/benchmark/testcode/BenchmarkTest02633.java,BenchmarkTest02633,doSomething,96,96,24,29,UnusedLocalVariable,Unused Code,org.owasp.benchmark.testcode,Avoid unused local variables such as 'f12213'.
/Users/dwichers/git/benchmark/src/main/java/org/owasp/benchmark/testcode/BenchmarkTest02639.java,BenchmarkTest02639,doSomething,97,97,24,29,UnusedLocalVariable,Unused Code,org.owasp.benchmark.testcode,Avoid unused local variables such as 'f57676'.
/Users/dwichers/git/benchmark/src/main/java/org/owasp/benchmark/testcode/BenchmarkTest02652.java,BenchmarkTest02652,doSomething,93,93,24,29,UnusedLocalVariable,Unused Code,org.owasp.benchmark.testcode,Avoid unused local variables such as 'f25323'.
/Users/dwichers/git/benchmark/src/main/java/org/owasp/benchmark/testcode/BenchmarkTest02654.java,BenchmarkTest02654,doPost,66,66,29,33,UnusedLocalVariable,Unused Code,org.owasp.benchmark.testcode,Avoid unused local variables such as 'count'.
/Users/dwichers/git/benchmark/src/main/java/org/owasp/benchmark/testcode/BenchmarkTest02655.java,BenchmarkTest02655,doPost,66,66,29,33,UnusedLocalVariable,Unused Code,org.owasp.benchmark.testcode,Avoid unused local variables such as 'count'.
/Users/dwichers/git/benchmark/src/main/java/org/owasp/benchmark/testcode/BenchmarkTest02656.java,BenchmarkTest02656,doPost,66,66,29,33,UnusedLocalVariable,Unused Code,org.owasp.benchmark.testcode,Avoid unused local variables such as 'count'.
/Users/dwichers/git/benchmark/src/main/java/org/owasp/benchmark/testcode/BenchmarkTest02657.java,BenchmarkTest02657,doPost,66,66,29,33,UnusedLocalVariable,Unused Code,org.owasp.benchmark.testcode,Avoid unused local variables such as 'count'.
/Users/dwichers/git/benchmark/src/main/java/org/owasp/benchmark/testcode/BenchmarkTest02665.java,BenchmarkTest02665,doPost,73,75,19,17,EmptyCatchBlock,Empty Code,org.owasp.benchmark.testcode,Avoid empty catch blocks
/Users/dwichers/git/benchmark/src/main/java/org/owasp/benchmark/testcode/BenchmarkTest02666.java,BenchmarkTest02666,doPost,70,72,35,33,EmptyCatchBlock,Empty Code,org.owasp.benchmark.testcode,Avoid empty catch blocks
/Users/dwichers/git/benchmark/src/main/java/org/owasp/benchmark/testcode/BenchmarkTest02667.java,BenchmarkTest02667,doPost,70,72,35,33,EmptyCatchBlock,Empty Code,org.owasp.benchmark.testcode,Avoid empty catch blocks
/Users/dwichers/git/benchmark/src/main/java/org/owasp/benchmark/testcode/BenchmarkTest02668.java,BenchmarkTest02668,doPost,67,69,35,33,EmptyCatchBlock,Empty Code,org.owasp.benchmark.testcode,Avoid empty catch blocks
/Users/dwichers/git/benchmark/src/main/java/org/owasp/benchmark/testcode/BenchmarkTest02669.java,BenchmarkTest02669,doPost,67,69,35,33,EmptyCatchBlock,Empty Code,org.owasp.benchmark.testcode,Avoid empty catch blocks
/Users/dwichers/git/benchmark/src/main/java/org/owasp/benchmark/testcode/BenchmarkTest02674.java,BenchmarkTest02674,doSomething,100,100,24,29,UnusedLocalVariable,Unused Code,org.owasp.benchmark.testcode,Avoid unused local variables such as 'f73069'.
/Users/dwichers/git/benchmark/src/main/java/org/owasp/benchmark/testcode/BenchmarkTest02683.java,BenchmarkTest02683,doSomething,65,65,24,29,UnusedLocalVariable,Unused Code,org.owasp.benchmark.testcode,Avoid unused local variables such as 'f47309'.
/Users/dwichers/git/benchmark/src/main/java/org/owasp/benchmark/testcode/BenchmarkTest02700.java,BenchmarkTest02700,doPost,46,46,24,26,UnusedLocalVariable,Unused Code,org.owasp.benchmark.testcode,Avoid unused local variables such as 'bar'.
/Users/dwichers/git/benchmark/src/main/java/org/owasp/benchmark/testcode/BenchmarkTest02700.java,BenchmarkTest02700,doPost,65,67,41,41,CollapsibleIfStatements,Basic,org.owasp.benchmark.testcode,These nested if statements could be combined
/Users/dwichers/git/benchmark/src/main/java/org/owasp/benchmark/testcode/BenchmarkTest02701.java,BenchmarkTest02701,doPost,46,46,24,26,UnusedLocalVariable,Unused Code,org.owasp.benchmark.testcode,Avoid unused local variables such as 'bar'.
/Users/dwichers/git/benchmark/src/main/java/org/owasp/benchmark/testcode/BenchmarkTest02701.java,BenchmarkTest02701,doPost,65,67,41,41,CollapsibleIfStatements,Basic,org.owasp.benchmark.testcode,These nested if statements could be combined
/Users/dwichers/git/benchmark/src/main/java/org/owasp/benchmark/testcode/BenchmarkTest02702.java,BenchmarkTest02702,doPost,46,46,24,26,UnusedLocalVariable,Unused Code,org.owasp.benchmark.testcode,Avoid unused local variables such as 'bar'.
/Users/dwichers/git/benchmark/src/main/java/org/owasp/benchmark/testcode/BenchmarkTest02702.java,BenchmarkTest02702,doPost,64,66,41,41,CollapsibleIfStatements,Basic,org.owasp.benchmark.testcode,These nested if statements could be combined
/Users/dwichers/git/benchmark/src/main/java/org/owasp/benchmark/testcode/BenchmarkTest02703.java,BenchmarkTest02703,doPost,46,46,24,26,UnusedLocalVariable,Unused Code,org.owasp.benchmark.testcode,Avoid unused local variables such as 'bar'.
/Users/dwichers/git/benchmark/src/main/java/org/owasp/benchmark/testcode/BenchmarkTest02703.java,BenchmarkTest02703,doPost,64,66,41,41,CollapsibleIfStatements,Basic,org.owasp.benchmark.testcode,These nested if statements could be combined
/Users/dwichers/git/benchmark/src/main/java/org/owasp/benchmark/testcode/BenchmarkTest02704.java,BenchmarkTest02704,doPost,46,46,24,26,UnusedLocalVariable,Unused Code,org.owasp.benchmark.testcode,Avoid unused local variables such as 'bar'.
/Users/dwichers/git/benchmark/src/main/java/org/owasp/benchmark/testcode/BenchmarkTest02704.java,BenchmarkTest02704,doPost,64,66,41,41,CollapsibleIfStatements,Basic,org.owasp.benchmark.testcode,These nested if statements could be combined
/Users/dwichers/git/benchmark/src/main/java/org/owasp/benchmark/testcode/BenchmarkTest02705.java,BenchmarkTest02705,doPost,46,46,24,26,UnusedLocalVariable,Unused Code,org.owasp.benchmark.testcode,Avoid unused local variables such as 'bar'.
/Users/dwichers/git/benchmark/src/main/java/org/owasp/benchmark/testcode/BenchmarkTest02705.java,BenchmarkTest02705,doPost,64,66,41,41,CollapsibleIfStatements,Basic,org.owasp.benchmark.testcode,These nested if statements could be combined
/Users/dwichers/git/benchmark/src/main/java/org/owasp/benchmark/testcode/BenchmarkTest02706.java,BenchmarkTest02706,doPost,46,46,24,26,UnusedLocalVariable,Unused Code,org.owasp.benchmark.testcode,Avoid unused local variables such as 'bar'.
/Users/dwichers/git/benchmark/src/main/java/org/owasp/benchmark/testcode/BenchmarkTest02706.java,BenchmarkTest02706,doPost,64,66,41,41,CollapsibleIfStatements,Basic,org.owasp.benchmark.testcode,These nested if statements could be combined
/Users/dwichers/git/benchmark/src/main/java/org/owasp/benchmark/testcode/BenchmarkTest02707.java,BenchmarkTest02707,doPost,46,46,24,26,UnusedLocalVariable,Unused Code,org.owasp.benchmark.testcode,Avoid unused local variables such as 'bar'.
/Users/dwichers/git/benchmark/src/main/java/org/owasp/benchmark/testcode/BenchmarkTest02707.java,BenchmarkTest02707,doPost,64,66,41,41,CollapsibleIfStatements,Basic,org.owasp.benchmark.testcode,These nested if statements could be combined
/Users/dwichers/git/benchmark/src/main/java/org/owasp/benchmark/testcode/BenchmarkTest02708.java,BenchmarkTest02708,doPost,46,46,24,26,UnusedLocalVariable,Unused Code,org.owasp.benchmark.testcode,Avoid unused local variables such as 'bar'.
/Users/dwichers/git/benchmark/src/main/java/org/owasp/benchmark/testcode/BenchmarkTest02708.java,BenchmarkTest02708,doPost,64,66,41,41,CollapsibleIfStatements,Basic,org.owasp.benchmark.testcode,These nested if statements could be combined
/Users/dwichers/git/benchmark/src/main/java/org/owasp/benchmark/testcode/BenchmarkTest02709.java,BenchmarkTest02709,doPost,46,46,24,26,UnusedLocalVariable,Unused Code,org.owasp.benchmark.testcode,Avoid unused local variables such as 'bar'.
/Users/dwichers/git/benchmark/src/main/java/org/owasp/benchmark/testcode/BenchmarkTest02710.java,BenchmarkTest02710,doPost,46,46,24,26,UnusedLocalVariable,Unused Code,org.owasp.benchmark.testcode,Avoid unused local variables such as 'bar'.
/Users/dwichers/git/benchmark/src/main/java/org/owasp/benchmark/testcode/BenchmarkTest02711.java,BenchmarkTest02711,doPost,46,46,24,26,UnusedLocalVariable,Unused Code,org.owasp.benchmark.testcode,Avoid unused local variables such as 'bar'.
/Users/dwichers/git/benchmark/src/main/java/org/owasp/benchmark/testcode/BenchmarkTest02715.java,BenchmarkTest02715,doPost,46,46,24,26,UnusedLocalVariable,Unused Code,org.owasp.benchmark.testcode,Avoid unused local variables such as 'bar'.
/Users/dwichers/git/benchmark/src/main/java/org/owasp/benchmark/testcode/BenchmarkTest02715.java,BenchmarkTest02715,doPost,66,68,49,49,CollapsibleIfStatements,Basic,org.owasp.benchmark.testcode,These nested if statements could be combined
/Users/dwichers/git/benchmark/src/main/java/org/owasp/benchmark/testcode/BenchmarkTest02716.java,BenchmarkTest02716,doPost,46,46,24,26,UnusedLocalVariable,Unused Code,org.owasp.benchmark.testcode,Avoid unused local variables such as 'bar'.
/Users/dwichers/git/benchmark/src/main/java/org/owasp/benchmark/testcode/BenchmarkTest02716.java,BenchmarkTest02716,doPost,65,67,49,49,CollapsibleIfStatements,Basic,org.owasp.benchmark.testcode,These nested if statements could be combined
/Users/dwichers/git/benchmark/src/main/java/org/owasp/benchmark/testcode/BenchmarkTest02716.java,BenchmarkTest02716,doSomething,112,112,24,29,UnusedLocalVariable,Unused Code,org.owasp.benchmark.testcode,Avoid unused local variables such as 'f26751'.
/Users/dwichers/git/benchmark/src/main/java/org/owasp/benchmark/testcode/BenchmarkTest02717.java,BenchmarkTest02717,doPost,46,46,24,26,UnusedLocalVariable,Unused Code,org.owasp.benchmark.testcode,Avoid unused local variables such as 'bar'.
/Users/dwichers/git/benchmark/src/main/java/org/owasp/benchmark/testcode/BenchmarkTest02717.java,BenchmarkTest02717,doPost,65,67,49,49,CollapsibleIfStatements,Basic,org.owasp.benchmark.testcode,These nested if statements could be combined
/Users/dwichers/git/benchmark/src/main/java/org/owasp/benchmark/testcode/BenchmarkTest02718.java,BenchmarkTest02718,doPost,46,46,24,26,UnusedLocalVariable,Unused Code,org.owasp.benchmark.testcode,Avoid unused local variables such as 'bar'.
/Users/dwichers/git/benchmark/src/main/java/org/owasp/benchmark/testcode/BenchmarkTest02718.java,BenchmarkTest02718,doPost,65,67,49,49,CollapsibleIfStatements,Basic,org.owasp.benchmark.testcode,These nested if statements could be combined
/Users/dwichers/git/benchmark/src/main/java/org/owasp/benchmark/testcode/BenchmarkTest02719.java,BenchmarkTest02719,doPost,46,46,24,26,UnusedLocalVariable,Unused Code,org.owasp.benchmark.testcode,Avoid unused local variables such as 'bar'.
/Users/dwichers/git/benchmark/src/main/java/org/owasp/benchmark/testcode/BenchmarkTest02719.java,BenchmarkTest02719,doPost,65,67,49,49,CollapsibleIfStatements,Basic,org.owasp.benchmark.testcode,These nested if statements could be combined
/Users/dwichers/git/benchmark/src/main/java/org/owasp/benchmark/testcode/BenchmarkTest02720.java,BenchmarkTest02720,doPost,46,46,24,26,UnusedLocalVariable,Unused Code,org.owasp.benchmark.testcode,Avoid unused local variables such as 'bar'.
/Users/dwichers/git/benchmark/src/main/java/org/owasp/benchmark/testcode/BenchmarkTest02720.java,BenchmarkTest02720,doPost,65,67,49,49,CollapsibleIfStatements,Basic,org.owasp.benchmark.testcode,These nested if statements could be combined
/Users/dwichers/git/benchmark/src/main/java/org/owasp/benchmark/testcode/BenchmarkTest02721.java,BenchmarkTest02721,doPost,46,46,24,26,UnusedLocalVariable,Unused Code,org.owasp.benchmark.testcode,Avoid unused local variables such as 'bar'.
/Users/dwichers/git/benchmark/src/main/java/org/owasp/benchmark/testcode/BenchmarkTest02721.java,BenchmarkTest02721,doPost,65,67,49,49,CollapsibleIfStatements,Basic,org.owasp.benchmark.testcode,These nested if statements could be combined
/Users/dwichers/git/benchmark/src/main/java/org/owasp/benchmark/testcode/BenchmarkTest02730.java,BenchmarkTest02730,doSomething,81,81,24,29,UnusedLocalVariable,Unused Code,org.owasp.benchmark.testcode,Avoid unused local variables such as 'f81593'.
/Users/dwichers/git/benchmark/src/main/java/org/owasp/benchmark/testcode/BenchmarkTest02740.java,BenchmarkTest02740,doPost,52,52,29,33,UnusedLocalVariable,Unused Code,org.owasp.benchmark.testcode,Avoid unused local variables such as 'count'.
/Users/dwichers/git/benchmark/src/main/java/org/owasp/benchmark/tools/BenchmarkCrawler.java,BenchmarkCrawler,,52,52,27,29,UnusedPrivateField,Unused Code,org.owasp.benchmark.tools,Avoid unused private fields such as 'url'.
/Users/dwichers/git/benchmark/src/main/java/org/owasp/benchmark/tools/BenchmarkCrawler.java,BenchmarkCrawler,parseHttpTest,136,136,16,21,UnusedLocalVariable,Unused Code,org.owasp.benchmark.tools,Avoid unused local variables such as 'number'.
/Users/dwichers/git/benchmark/src/main/java/org/owasp/benchmark/tools/BenchmarkRunner.java,BenchmarkRunner,visitTestCases,81,84,15,13,EmptyCatchBlock,Empty Code,org.owasp.benchmark.tools,Avoid empty catch blocks
